Query_Str,Post_URL,Author_Name,Author_Web_Page_URL,Author_Handle,Verified_Status,UTC_Time,Ads,Tweet_Content,Post_ID,Tweet_URL,Reply_Count,Repost_Count,Like_Count,View_Count,Bookmark_Count,Tweet_Image_URL,Replying_to,Reply_to_Whom,Reply_to_Whom_URL,Reply_to_Whom_Username,Reply_to_Whom_Handle,Language,Type
(@@TampicoGob OR @@MonicaVTampico) min_replies:0 min_faves:0 min_retweets:0,https://x.com/search?q=(@@TampicoGob OR @@MonicaVTampico) min_replies:0 min_faves:0 min_retweets:0 until:2025-05-07 since:2025-05-06&src=typed_query,Eduardo VizMar,https://x.com/EduardoVizMar,EduardoVizMar,False,2025-05-06 06:00:12+00:00,False,"Presenta Mónica Villarreal a Insectus: Ciencia, Arte y Cultura en Tampico exposición única en su género permitirá apreciar en detalle las texturas, colores y formas de los insectos. https://www.notivizanoreste.com.mx/cultura/presenta-monica-villarreal-a-insectus-ciencia-arte-y-cultura-en-tampico/ @MonicaVTampico @TampicoGob",1919633273614975015,https://x.com/EduardoVizMar/status/1919633273614975015,0,1,0,49,0,,False,,,,,es,Top
(@@TampicoGob OR @@MonicaVTampico) min_replies:0 min_faves:0 min_retweets:0,https://x.com/search?q=(@@TampicoGob OR @@MonicaVTampico) min_replies:0 min_faves:0 min_retweets:0 until:2025-05-08 since:2025-05-07&src=typed_query,Vox Populi Noticias,https://x.com/VoxPopuliNoti,VoxPopuliNoti,True,2025-05-07 04:50:36+00:00,False,Destaca Tampico con Reconocimiento Nacional en Tianguis Turístico 2025 Mónica Villarreal celebra galardón de 'México Extraordinario' que reconoce la esencia gastronómica e histórica de la ciudad https://voxpopulinoticias.com.mx/2025/05/tampico-es-galardonado-en-el-tianguis-turistico-2025/ #Tampico #Tamaulipas @MonicaVTampico,1919978145735655463,https://x.com/VoxPopuliNoti/status/1919978145735655463,0,0,0,219,0,https://pbs.twimg.com/media/GqUhyB3W4AM6n78.jpg;https://pbs.twimg.com/media/GqUhzjpXsAACoOt.jpg,False,,,,,es,Top
(@@TampicoGob OR @@MonicaVTampico) min_replies:0 min_faves:0 min_retweets:0,https://x.com/search?q=(@@TampicoGob OR @@MonicaVTampico) min_replies:0 min_faves:0 min_retweets:0 until:2025-05-09 since:2025-05-08&src=typed_query,Jesús Tovar,https://x.com/jesus_tovar_,jesus_tovar_,False,2025-05-08 22:18:31+00:00,False,"Lic. @MonicaVTampico @Dr_AVillarreal #Tampico no necesita un segundo piso, basta con modernizar al 100% el transporte público para incentivar su uso en todos los sectores de la población y aplicar el programa urbano de ""Hoy no circula"". Mucho más barato y de rápida ejecución.",1920604252092678355,https://x.com/jesus_tovar_/status/1920604252092678355,0,0,0,115,0,,False,,,,,es,Top
(@@TampicoGob OR @@MonicaVTampico) min_replies:0 min_faves:0 min_retweets:0,https://x.com/search?q=(@@TampicoGob OR @@MonicaVTampico) min_replies:0 min_faves:0 min_retweets:0 until:2025-05-10 since:2025-05-09&src=typed_query,J. Enrique,https://x.com/UNAM1981,UNAM1981,False,2025-05-09 00:53:03+00:00,False,“This is not happening @SEMARNAT_mx @GobiernoMX @ciudadmaderogob @TampicoGob” @USAmbMex,1920643140450488522,https://x.com/UNAM1981/status/1920643140450488522,0,0,0,35,0,https://pbs.twimg.com/media/Gqd-wO_WYAEsE1G.jpg,True,UNAM1981,https://x.com/UNAM1981,SEMARNAT México,UNAM1981,en,Top
(@@TampicoGob OR @@MonicaVTampico) min_replies:0 min_faves:0 min_retweets:0,https://x.com/search?q=(@@TampicoGob OR @@MonicaVTampico) min_replies:0 min_faves:0 min_retweets:0 until:2025-05-10 since:2025-05-09&src=typed_query,Juan Pizaña Mtz,https://x.com/JuanPizanaMtz,JuanPizanaMtz,False,2025-05-09 01:21:23+00:00,False,"Presentación del libro: ""Gabriela, su difícil camino al nobel"" Por parte del @TampicoGob en apoyo a la cultura del puerto jaibo",1920650270108762186,https://x.com/JuanPizanaMtz/status/1920650270108762186,0,0,1,61,0,https://pbs.twimg.com/media/GqeDuCuW8AENmzW.jpg;https://pbs.twimg.com/media/GqeDuE3WoAAerqx.jpg;https://pbs.twimg.com/ext_tw_video_thumb/1920649998884020224/pu/img/SdTONWvGr27KNSZM.jpg,False,,,,,es,Top
(@@TampicoGob OR @@MonicaVTampico) min_replies:0 min_faves:0 min_retweets:0,https://x.com/search?q=(@@TampicoGob OR @@MonicaVTampico) min_replies:0 min_faves:0 min_retweets:0 until:2025-05-11 since:2025-05-10&src=typed_query,Juncal Solano,https://x.com/juncalssolano,juncalssolano,True,2025-05-10 01:26:38+00:00,False,🚨MENSAJE PARA @PabloLemusN 🚨 En TONALÁ JALISCO NO VAMOS A PERMITIR EL AUMENTO A LA TARIFA DEL AGUA Que venga y se bañe con esta agua 💦,1921013980341965247,https://x.com/juncalssolano/status/1921013980341965247,273,1378,3266,76656,39,https://pbs.twimg.com/amplify_video_thumb/1921013824141852672/img/cNowd_xN76ar1H0T.jpg,False,,,,,es,Top
(@@TampicoGob OR @@MonicaVTampico) min_replies:0 min_faves:0 min_retweets:0,https://x.com/search?q=(@@TampicoGob OR @@MonicaVTampico) min_replies:0 min_faves:0 min_retweets:0 until:2025-05-11 since:2025-05-10&src=typed_query,Monica gab. Lic. en Interiorismo!!,https://x.com/MonicaToledoCa1,MonicaToledoCa1,False,2025-05-10 01:31:34+00:00,False,"Así que el cacique del pueblo con toda su cero autoridad moral habla de la moral del nuevo Papa, si que hay que ser un cínico menesteroso para hablar de alguien más. Pinche corrupto asqueroso!! 🤮",1921015224645165235,https://x.com/MonicaToledoCa1/status/1921015224645165235,76,1210,1480,18881,19,https://pbs.twimg.com/media/GqjRKlbXMAA-gYZ.jpg,False,,,,,es,Top
(@@TampicoGob OR @@MonicaVTampico) min_replies:0 min_faves:0 min_retweets:0,https://x.com/search?q=(@@TampicoGob OR @@MonicaVTampico) min_replies:0 min_faves:0 min_retweets:0 until:2025-05-11 since:2025-05-10&src=typed_query,Iván,https://x.com/ivan123515821,ivan123515821,False,2025-05-10 01:39:34+00:00,False,"@GustavoPintos60 Y dejarle servido en bandeja el país para que vuelvan los tupitas pone bomba? Paso, gracias. Y si mejor recortamos el ejército de ñoquis que se acomodó en el estado por mera militancia en los últimos 20 años?",1921017234425622553,https://x.com/ivan123515821/status/1921017234425622553,4,9,211,3476,1,,True,GustavoPintos60,https://x.com/GustavoPintos60,Gustavo Pintos,GustavoPintos60,es,Top
(@@TampicoGob OR @@MonicaVTampico) min_replies:0 min_faves:0 min_retweets:0,https://x.com/search?q=(@@TampicoGob OR @@MonicaVTampico) min_replies:0 min_faves:0 min_retweets:0 until:2025-05-11 since:2025-05-10&src=typed_query,Tammy_bb (Moñoñongo)|🫔,https://x.com/Tammy_BB_Vtuber,Tammy_BB_Vtuber,False,2025-05-10 01:42:08+00:00,False,Don Tammio disfrutando de su fin de semana con sus compas en el bar después de chingarse al diablo en el cerro. Arte de @AngelRiosart,1921017882978263216,https://x.com/Tammy_BB_Vtuber/status/1921017882978263216,19,35,540,6793,19,https://pbs.twimg.com/media/GqjTlDDWAAAtQ7z.jpg,False,,,,,es,Top
(@@TampicoGob OR @@MonicaVTampico) min_replies:0 min_faves:0 min_retweets:0,https://x.com/search?q=(@@TampicoGob OR @@MonicaVTampico) min_replies:0 min_faves:0 min_retweets:0 until:2025-05-11 since:2025-05-10&src=typed_query,ดูมันดิ DOMUNDI TV,https://x.com/DomundiTV,DomundiTV,True,2025-05-10 01:45:26+00:00,False,#DMDschedule 🗓 : 10.05.2025 mami Sweet Time in Huahin with Thomas-Kong Day 1 🙋🏻‍♂️ : @tthomastc @kongjiro_ ⏰ : All day 📢 : เฉพาะผู้มีสิทธิ์เข้าร่วมงาน #️⃣ : #MAMIxThomasKonginHuahin #tthomastc #kongjiro #domunditv,1921018712028578118,https://x.com/DomundiTV/status/1921018712028578118,10,884,1597,29410,17,https://pbs.twimg.com/media/GqjUVKPbcAETudV.jpg,False,,,,,et,Top
(@@TampicoGob OR @@MonicaVTampico) min_replies:0 min_faves:0 min_retweets:0,https://x.com/search?q=(@@TampicoGob OR @@MonicaVTampico) min_replies:0 min_faves:0 min_retweets:0 until:2025-05-11 since:2025-05-10&src=typed_query,🩷🦋🧶,https://x.com/marluchiml,marluchiml,False,2025-05-10 01:48:48+00:00,False,̶N̶o̶c̶h̶e̶ ̶d̶e̶ ̶l̶o̶s̶ ̶e̶x̶ Homenaje a la acomodada Mancuso #GranHermano,1921019559491821601,https://x.com/marluchiml/status/1921019559491821601,5,24,276,4121,1,,False,,,,,es,Top
(@@TampicoGob OR @@MonicaVTampico) min_replies:0 min_faves:0 min_retweets:0,https://x.com/search?q=(@@TampicoGob OR @@MonicaVTampico) min_replies:0 min_faves:0 min_retweets:0 until:2025-05-11 since:2025-05-10&src=typed_query,ดูมันดิ DOMUNDI TV,https://x.com/DomundiTV,DomundiTV,True,2025-05-10 01:56:23+00:00,False,“โทมัส” @tthomastc และ “ก้อง” @kongjiro_ พร้อมแล้วสำหรับ mami Sweet Time in Huahin with Thomas-Kong Day 1 ✨️ #MAMIxThomasKonginHuahin,1921021466339901583,https://x.com/DomundiTV/status/1921021466339901583,62,2499,4799,67778,107,https://pbs.twimg.com/media/GqjWy9MbQAAni5m.jpg,False,,,,,und,Top
(@@TampicoGob OR @@MonicaVTampico) min_replies:0 min_faves:0 min_retweets:0,https://x.com/search?q=(@@TampicoGob OR @@MonicaVTampico) min_replies:0 min_faves:0 min_retweets:0 until:2025-05-11 since:2025-05-10&src=typed_query,Latinus,https://x.com/latinus_us,latinus_us,True,2025-05-10 01:58:50+00:00,False,"Hoy en #TeneBrozo: Tres pistas que echan humo blanco, Luisa María Alcalde en el Consejo de Morena y en el estudio, Lorenzo Córdova. ¡Órale! @brozoxmiswebs #Latinus #InformaciónParaTi https://latinus.us/mexico/2025/5/9/hoy-en-tenebrozo-tres-pistas-que-echan-humo-blanco-luisa-maria-alcalde-en-el-consejo-de-morena-en-el-estudio-lorenzo-cordova-orale-141645.html",1921022083816915003,https://x.com/latinus_us/status/1921022083816915003,27,225,744,112623,17,,False,,,,,es,Top
(@@TampicoGob OR @@MonicaVTampico) min_replies:0 min_faves:0 min_retweets:0,https://x.com/search?q=(@@TampicoGob OR @@MonicaVTampico) min_replies:0 min_faves:0 min_retweets:0 until:2025-05-11 since:2025-05-10&src=typed_query,Monica gab. Lic. en Interiorismo!!,https://x.com/MonicaToledoCa1,MonicaToledoCa1,False,2025-05-10 02:04:45+00:00,False,Las ratas 🐀 son las primeras en saltar cuando el barco se hunde!!,1921023571884687370,https://x.com/MonicaToledoCa1/status/1921023571884687370,76,906,1570,15058,19,https://pbs.twimg.com/media/GqjYwbOW4AEPq40.jpg,False,,,,,es,Top
(@@TampicoGob OR @@MonicaVTampico) min_replies:0 min_faves:0 min_retweets:0,https://x.com/search?q=(@@TampicoGob OR @@MonicaVTampico) min_replies:0 min_faves:0 min_retweets:0 until:2025-05-11 since:2025-05-10&src=typed_query,Travanuel,https://x.com/travanuel_,travanuel_,True,2025-05-10 02:06:32+00:00,False,HACE DE CORDOBÉS EL TIPO COMO TE AMO MOSKI NUNCA CAMBIES JASJDKFJKASDFJKA,1921024021178532133,https://x.com/travanuel_/status/1921024021178532133,4,3,313,4307,39,https://pbs.twimg.com/amplify_video_thumb/1921023940928880640/img/lHnCRWreWrKed5hJ.jpg,False,,,,,es,Top
(@@TampicoGob OR @@MonicaVTampico) min_replies:0 min_faves:0 min_retweets:0,https://x.com/search?q=(@@TampicoGob OR @@MonicaVTampico) min_replies:0 min_faves:0 min_retweets:0 until:2025-05-11 since:2025-05-10&src=typed_query,El Universal,https://x.com/El_Universal_Mx,El_Universal_Mx,True,2025-05-10 02:26:46+00:00,False,"“Este es un mensaje para todas madres, felicidades, cuiden a sus hijos, nosotras no tenemos nada que festejar, sean empáticas con nosotras”, dice la madre buscadora y payasita Adela, quien desde hace 20 años busca a su hija Mónica. Video @sharonmercado57 I EL UNIVERSAL",1921029113600413889,https://x.com/El_Universal_Mx/status/1921029113600413889,6,473,2278,56027,72,https://pbs.twimg.com/amplify_video_thumb/1921029032134471680/img/FHqL0KfkE1DzM0YD.jpg,False,,,,,es,Top
(@@TampicoGob OR @@MonicaVTampico) min_replies:0 min_faves:0 min_retweets:0,https://x.com/search?q=(@@TampicoGob OR @@MonicaVTampico) min_replies:0 min_faves:0 min_retweets:0 until:2025-05-11 since:2025-05-10&src=typed_query,Alanipolet,https://x.com/alanipolet,alanipolet,False,2025-05-10 02:29:33+00:00,False,"@BNPeriodismo @Monicasalazar_h espero que disfrutes lo que te hayan ofrecido y que te sepa bien ver como se destruye el país, es el colmo, ganaste por una tendencia política y te vendes inmediatamente a la opción contraria, no tienes moral y mucho menos dignidad, las excusas no sirven, vendida",1921029816318374053,https://x.com/alanipolet/status/1921029816318374053,6,28,209,1352,0,,True,BNPeriodismo,https://x.com/BNPeriodismo,BN,BNPeriodismo,es,Top
(@@TampicoGob OR @@MonicaVTampico) min_replies:0 min_faves:0 min_retweets:0,https://x.com/search?q=(@@TampicoGob OR @@MonicaVTampico) min_replies:0 min_faves:0 min_retweets:0 until:2025-05-11 since:2025-05-10&src=typed_query,brozo xmiswebs,https://x.com/brozoxmiswebs,brozoxmiswebs,False,2025-05-10 02:36:05+00:00,False,"⚡️ ¡Mis chamacos! Hoy en #TeneBrozo: Tres pistas salpicadas de fumatas, mentiras y mordazas, Luisa María en el Consejo Nacional y en el estudio: @lorenzocordovav . ¡Órale! 🔴 Video Completo -&gt; https://youtu.be/vJhznFQJLKU?si=ren3jnDg9IPBr7SU #InformaciónParaTi @latinus_us",1921031459810255035,https://x.com/brozoxmiswebs/status/1921031459810255035,131,1045,2908,393384,97,https://pbs.twimg.com/amplify_video_thumb/1921023136763392000/img/G8vpalRg8_5uTiyc.jpg,False,,,,,es,Top
(@@TampicoGob OR @@MonicaVTampico) min_replies:0 min_faves:0 min_retweets:0,https://x.com/search?q=(@@TampicoGob OR @@MonicaVTampico) min_replies:0 min_faves:0 min_retweets:0 until:2025-05-11 since:2025-05-10&src=typed_query,✶⋆.˚ Candy's 🧙🏻‍♀️🔮🪄,https://x.com/Candy_sweet_222,Candy_sweet_222,False,2025-05-10 02:39:36+00:00,False,มีมวลนะคะ ไม่เจอหน้ากันหลายวัน วันนี้ขอเติมกันและกันให้หนำ้ใจไปเลย😜 #MAMIxThomasKongInHuahin #thomaskong #โทมัสก้อง,1921032344305107295,https://x.com/Candy_sweet_222/status/1921032344305107295,0,107,187,3047,5,https://pbs.twimg.com/media/Gqjgt36X0AAvWmu.jpg,False,,,,,th,Top
(@@TampicoGob OR @@MonicaVTampico) min_replies:0 min_faves:0 min_retweets:0,https://x.com/search?q=(@@TampicoGob OR @@MonicaVTampico) min_replies:0 min_faves:0 min_retweets:0 until:2025-05-11 since:2025-05-10&src=typed_query,LigaBBVAFemenil,https://x.com/LigaBBVAFemenil,LigaBBVAFemenil,False,2025-05-10 03:22:00+00:00,False,¡GOOOOOL de @TuzosFemenil! Nina Nicosia se escapaaaa y pone el tercero para las locales... PACHUCA 🌬️ 3-0 🦅 AMÉRICA #NuestroFutFemNuestraFinal | #SomosDesafiantes ⚡️,1921043013712675011,https://x.com/LigaBBVAFemenil/status/1921043013712675011,29,10,210,18584,1,,False,,,,,es,Top
(@@TampicoGob OR @@MonicaVTampico) min_replies:0 min_faves:0 min_retweets:0,https://x.com/search?q=(@@TampicoGob OR @@MonicaVTampico) min_replies:0 min_faves:0 min_retweets:0 until:2025-05-11 since:2025-05-10&src=typed_query,Traviejita 🐝🖐🏻,https://x.com/traviejita_,traviejita_,False,2025-05-10 03:50:30+00:00,False,"AQUI CON EL DRESS, PATITO Y LAS CHIQUILLAS HACIENDO LA PREVIA PARA VER LA QUE SEGURAMENTE SERÁ LA COLUMNA MS SANGRIENTA DE DON MELIPASS JAJSJAJAJAJ",1921050185435628002,https://x.com/traviejita_/status/1921050185435628002,14,59,374,8732,6,https://pbs.twimg.com/ext_tw_video_thumb/1921050144406896640/pu/img/mtD-HEBvPzwZzyy6.jpg,False,,,,,es,Top
(@@TampicoGob OR @@MonicaVTampico) min_replies:0 min_faves:0 min_retweets:0,https://x.com/search?q=(@@TampicoGob OR @@MonicaVTampico) min_replies:0 min_faves:0 min_retweets:0 until:2025-05-11 since:2025-05-10&src=typed_query,비니쓴비니,https://x.com/wonandonlyu0302,wonandonlyu0302,False,2025-05-10 03:58:35+00:00,False,250509 SMTOWN MEXICO 와 박원빈 그냥 너무 아름다움 #원빈 #WONBIN,1921052219316564068,https://x.com/wonandonlyu0302/status/1921052219316564068,0,73,318,9839,46,https://pbs.twimg.com/amplify_video_thumb/1921051502405152768/img/azsSpOXFaawLmgVO.jpg,False,,,,,ko,Top
(@@TampicoGob OR @@MonicaVTampico) min_replies:0 min_faves:0 min_retweets:0,https://x.com/search?q=(@@TampicoGob OR @@MonicaVTampico) min_replies:0 min_faves:0 min_retweets:0 until:2025-05-11 since:2025-05-10&src=typed_query,Mónica Arosemena,https://x.com/MnicaArosemena1,MnicaArosemena1,False,2025-05-10 04:25:13+00:00,False,"BASURA , QUE ASCO VER A ESTA TIPA , SIENTO VERGUENZA COMO MUJER",1921058921508171884,https://x.com/MnicaArosemena1/status/1921058921508171884,102,90,352,8990,0,,False,,,,,es,Top
(@@TampicoGob OR @@MonicaVTampico) min_replies:0 min_faves:0 min_retweets:0,https://x.com/search?q=(@@TampicoGob OR @@MonicaVTampico) min_replies:0 min_faves:0 min_retweets:0 until:2025-05-11 since:2025-05-10&src=typed_query,-Don 🇵🇸 Joaquín-,https://x.com/_don_joaquin,_don_joaquin,False,2025-05-10 04:45:27+00:00,False,@PumaChairo Llegamos Primero a San Luis Potosí Después Pasamos Nomás Oliendo Lavanda Sándalo y Azahares Ligeros a Puebla.,1921064013472968817,https://x.com/_don_joaquin/status/1921064013472968817,0,3,239,1751,2,,True,PumaChairo,https://x.com/PumaChairo,Puma Chairo,PumaChairo,es,Top
(@@TampicoGob OR @@MonicaVTampico) min_replies:0 min_faves:0 min_retweets:0,https://x.com/search?q=(@@TampicoGob OR @@MonicaVTampico) min_replies:0 min_faves:0 min_retweets:0 until:2025-05-11 since:2025-05-10&src=typed_query,Monica gab. Lic. en Interiorismo!!,https://x.com/MonicaToledoCa1,MonicaToledoCa1,False,2025-05-10 04:49:17+00:00,False,Y todos sabemos que así es!! 🤷‍♀️🤷‍♀️🤷‍♀️,1921064980067054013,https://x.com/MonicaToledoCa1/status/1921064980067054013,14,162,287,2645,4,https://pbs.twimg.com/media/Gqj-aWrXAAEh5uC.jpg,False,,,,,es,Top
(@@TampicoGob OR @@MonicaVTampico) min_replies:0 min_faves:0 min_retweets:0,https://x.com/search?q=(@@TampicoGob OR @@MonicaVTampico) min_replies:0 min_faves:0 min_retweets:0 until:2025-05-11 since:2025-05-10&src=typed_query,우리리쿠🐈‍⬛,https://x.com/4ouriku,4ouriku,False,2025-05-10 04:58:37+00:00,False,250509 SMTOWN MEXICO 원빈씨… 그만 보세요… 저랑 친구들이 신곡 하고 엄청 호응해줬더니 웃어요 #원빈 #라이즈 #SMTOWN_LIVE_MEXICO_CITY,1921067327874912390,https://x.com/4ouriku/status/1921067327874912390,0,328,1457,91223,174,https://pbs.twimg.com/amplify_video_thumb/1921067244362096640/img/9LkCilE49AWQL4yA.jpg,False,,,,,ko,Top
(@@TampicoGob OR @@MonicaVTampico) min_replies:0 min_faves:0 min_retweets:0,https://x.com/search?q=(@@TampicoGob OR @@MonicaVTampico) min_replies:0 min_faves:0 min_retweets:0 until:2025-05-11 since:2025-05-10&src=typed_query,©️*MOXXA *®️🇲🇽……🤓D’ L’ ✝️🤪,https://x.com/miss_moxxa92,miss_moxxa92,False,2025-05-10 05:15:38+00:00,False,11::11 …….💤Descansen Chavos …..💤 👇🏻👇🏻👇🏻👇🏻👇🏻👇🏻👇🏻👇🏻👇🏻,1921071611945369900,https://x.com/miss_moxxa92/status/1921071611945369900,27,120,204,11142,1,https://pbs.twimg.com/media/GqkEcxRXwAAOJJn.jpg,False,,,,,es,Top
(@@TampicoGob OR @@MonicaVTampico) min_replies:0 min_faves:0 min_retweets:0,https://x.com/search?q=(@@TampicoGob OR @@MonicaVTampico) min_replies:0 min_faves:0 min_retweets:0 until:2025-05-11 since:2025-05-10&src=typed_query,⟡˚ 𝗙𝗲𝗿𝗻𝗽𝗶𝗺 ˙𖥦,https://x.com/fernnpim_,fernnpim_,False,2025-05-10 06:07:43+00:00,False,หม่ำๆข้าวกันคั้บบบ MAMI WITH TMK DAY1 #MAMIxThomasKongInHuahin #โทมัสก้อง #thomaskong,1921084716184199249,https://x.com/fernnpim_/status/1921084716184199249,4,780,1077,20871,89,https://pbs.twimg.com/amplify_video_thumb/1921084609519120385/img/eO3qWPv3MOTgGRNd.jpg,False,,,,,und,Top
(@@TampicoGob OR @@MonicaVTampico) min_replies:0 min_faves:0 min_retweets:0,https://x.com/search?q=(@@TampicoGob OR @@MonicaVTampico) min_replies:0 min_faves:0 min_retweets:0 until:2025-05-11 since:2025-05-10&src=typed_query,"DRA. MERCEDES PAVON ""SUPERMUELITA FIFÍ""",https://x.com/GARCIPAVON,GARCIPAVON,True,2025-05-10 06:23:36+00:00,False,"Hoy es nuestro ""Día de las Madres"", lamentablemente muchas de ellas no lo van a celebrar, traen un profundo dolor en su corazón buscando a sus hijos y quienes los han encontrado, tristemente, sin vida. Elevo una oración por ellas y por todas las familias que están sufriendo en este viacrucis todos los días 🙏🙏🙏 #NoMásZapatosVacíos",1921088714773528919,https://x.com/GARCIPAVON/status/1921088714773528919,8,199,331,5832,2,https://pbs.twimg.com/media/GqkT-nSWYAAWLYM.png,False,,,,,es,Top
(@@TampicoGob OR @@MonicaVTampico) min_replies:0 min_faves:0 min_retweets:0,https://x.com/search?q=(@@TampicoGob OR @@MonicaVTampico) min_replies:0 min_faves:0 min_retweets:0 until:2025-05-11 since:2025-05-10&src=typed_query,⚘โทจิจังꕤ༄,https://x.com/thojiro,thojiro,False,2025-05-10 06:25:31+00:00,False,น่ารักจังอ่ะ อยากมีแฟน😞 MAMI WITH TMK DAY1 #MAMIxThomasKonginHuahin #โทมัสก้อง | #thomaskong,1921089198175490088,https://x.com/thojiro/status/1921089198175490088,0,108,232,3625,10,https://pbs.twimg.com/amplify_video_thumb/1921087828244520960/img/T_7DkqsR1z_Dsyju.jpg,False,,,,,und,Top
(@@TampicoGob OR @@MonicaVTampico) min_replies:0 min_faves:0 min_retweets:0,https://x.com/search?q=(@@TampicoGob OR @@MonicaVTampico) min_replies:0 min_faves:0 min_retweets:0 until:2025-05-11 since:2025-05-10&src=typed_query,𝐅 ᴗ͈ˬᴗ͈ෆ 🧸,https://x.com/pikappooh,pikappooh,True,2025-05-10 06:36:09+00:00,False,Caught in action 😆🤍 @kongjiro_ MAMI WITH TMK DAY1 #MAMIxThomasKonginHuahin #ThomasKong #kongjiro,1921091874082713903,https://x.com/pikappooh/status/1921091874082713903,1,750,1122,15830,93,https://pbs.twimg.com/amplify_video_thumb/1921091624156774400/img/lyvYOJq5rfR_NkBs.jpg,False,,,,,en,Top
(@@TampicoGob OR @@MonicaVTampico) min_replies:0 min_faves:0 min_retweets:0,https://x.com/search?q=(@@TampicoGob OR @@MonicaVTampico) min_replies:0 min_faves:0 min_retweets:0 until:2025-05-11 since:2025-05-10&src=typed_query,𝐓𝐡𝐨𝐦𝐚𝐬 𝐨𝐟𝐟𝐢𝐜𝐢𝐚𝐥 𝐟𝐚𝐧𝐜𝐥𝐮𝐛,https://x.com/tthomastc_OFC,tthomastc_OFC,False,2025-05-10 07:22:51+00:00,False,จับจิต จับใจ อากาศสดชื่น เพราะเธอหรือเปล่านะ อุอิอาาาาา อุอิอาาาา อุอิ🤭 MAMI WITH TMK DAY1 #MAMIxThomasKongInHuahin #tthomastc @tthomastc,1921103626195403003,https://x.com/tthomastc_OFC/status/1921103626195403003,0,230,357,5927,11,https://pbs.twimg.com/media/GqkhkR2bcAEEDHc.jpg,False,,,,,th,Top
(@@TampicoGob OR @@MonicaVTampico) min_replies:0 min_faves:0 min_retweets:0,https://x.com/search?q=(@@TampicoGob OR @@MonicaVTampico) min_replies:0 min_faves:0 min_retweets:0 until:2025-05-11 since:2025-05-10&src=typed_query,MeganoticiasCuliacán,https://x.com/Meganoticiascln,Meganoticiascln,False,2025-05-10 08:08:16+00:00,False,"🚨⚠️Con vehículos incendiados y poncha llantas, civiles armados bloquean distintos tramos de la carretera Los Mochis-Topolobampo.",1921115056047051032,https://x.com/Meganoticiascln/status/1921115056047051032,4,62,375,16262,18,https://pbs.twimg.com/amplify_video_thumb/1921114999432638465/img/UpK6nSt5mJxEM22F.jpg,False,,,,,es,Top
(@@TampicoGob OR @@MonicaVTampico) min_replies:0 min_faves:0 min_retweets:0,https://x.com/search?q=(@@TampicoGob OR @@MonicaVTampico) min_replies:0 min_faves:0 min_retweets:0 until:2025-05-11 since:2025-05-10&src=typed_query,⚘โทจิจังꕤ༄,https://x.com/thojiro,thojiro,False,2025-05-10 08:15:04+00:00,False,แล้วแพ้รูปคู่โทมัสก้องไวบ์นี้ตลอดเลยอ่ะ อยากร้อง อยากมีแฟน!!!!!!! MAMI WITH TMK DAY1 #MAMIxThomasKonginHuahin #โทมัสก้อง | #thomaskong,1921116766672957612,https://x.com/thojiro/status/1921116766672957612,0,175,304,5756,12,https://pbs.twimg.com/media/GqktgINbcAEWCe-.jpg;https://pbs.twimg.com/media/GqktfWhWwAAk1OA.jpg;https://pbs.twimg.com/media/GqktfiWbcAEIevN.jpg;https://pbs.twimg.com/media/GqkthH6XwAEjJi5.jpg,False,,,,,th,Top
(@@TampicoGob OR @@MonicaVTampico) min_replies:0 min_faves:0 min_retweets:0,https://x.com/search?q=(@@TampicoGob OR @@MonicaVTampico) min_replies:0 min_faves:0 min_retweets:0 until:2025-05-11 since:2025-05-10&src=typed_query,⚘โทจิจังꕤ༄,https://x.com/thojiro,thojiro,False,2025-05-10 09:32:56+00:00,False,สายตาโคตรจะย้ำชัดความสัมพันธ์ว่ามันมากกว่าเมื่อก่อนขนาดไหน เข้าใจทุกอย่างแล้วจิงๆ🙂‍↕️ MAMI WITH TMK DAY1 #MAMIxThomasKonginHuahin #โทมัสก้อง | #thomaskong,1921136360812888114,https://x.com/thojiro/status/1921136360812888114,0,106,211,4100,13,https://pbs.twimg.com/ext_tw_video_thumb/1921136262599372802/pu/img/U1UovPDFLcyx0JVG.jpg;https://pbs.twimg.com/media/Gqk-2P9WUAAcBfi.jpg,False,,,,,th,Top
(@@TampicoGob OR @@MonicaVTampico) min_replies:0 min_faves:0 min_retweets:0,https://x.com/search?q=(@@TampicoGob OR @@MonicaVTampico) min_replies:0 min_faves:0 min_retweets:0 until:2025-05-11 since:2025-05-10&src=typed_query,Sonámbulo_mn,https://x.com/Sonambulo_mn,Sonambulo_mn,False,2025-05-10 10:14:48+00:00,False,250509 SMT in Mexico #재민 #JAEMIN #제노 #JENO #MINNO #잼젠 #엔시티드림 #NCTDREAM #SMTOWN_IN_MEXICO,1921146899177914501,https://x.com/Sonambulo_mn/status/1921146899177914501,1,2157,4807,82028,313,https://pbs.twimg.com/media/GqlI64LWQAECxJa.jpg;https://pbs.twimg.com/media/GqlI64XW4AA1tPX.jpg;https://pbs.twimg.com/media/GqlI64PXUAAkbUI.jpg,False,,,,,en,Top
(@@TampicoGob OR @@MonicaVTampico) min_replies:0 min_faves:0 min_retweets:0,https://x.com/search?q=(@@TampicoGob OR @@MonicaVTampico) min_replies:0 min_faves:0 min_retweets:0 until:2025-05-11 since:2025-05-10&src=typed_query,🌹 TVeo 🌹,https://x.com/_TVeo_,_TVeo_,False,2025-05-10 10:44:51+00:00,False,"A veces me pongo a pensar que le agotamos en MINUTOS 6 funciones de algo que ni siquiera sabíamos que era y la esperamos un año y medio, es fuertísima la fidelidad del Violetismo las quiero hermanas, esta persona no merece menos.",1921154459616333925,https://x.com/_TVeo_/status/1921154459616333925,0,15,199,4035,6,,False,,,,,es,Top
(@@TampicoGob OR @@MonicaVTampico) min_replies:0 min_faves:0 min_retweets:0,https://x.com/search?q=(@@TampicoGob OR @@MonicaVTampico) min_replies:0 min_faves:0 min_retweets:0 until:2025-05-11 since:2025-05-10&src=typed_query,⟡˚ 𝗙𝗲𝗿𝗻𝗽𝗶𝗺 ˙𖥦,https://x.com/fernnpim_,fernnpim_,False,2025-05-10 11:37:03+00:00,False,มัสมัสกับจุ้งจุ้ง เอนดูจังเลยค้าบบบ 🦊🍤 MAMI WITH TMK DAY1 #MAMIxThomasKongInHuahin @tthomastc #tthomastc,1921167599280218291,https://x.com/fernnpim_/status/1921167599280218291,2,800,1158,16822,90,https://pbs.twimg.com/amplify_video_thumb/1921167526895013888/img/jD96YNpfkW4L2hN6.jpg,False,,,,,th,Top
(@@TampicoGob OR @@MonicaVTampico) min_replies:0 min_faves:0 min_retweets:0,https://x.com/search?q=(@@TampicoGob OR @@MonicaVTampico) min_replies:0 min_faves:0 min_retweets:0 until:2025-05-11 since:2025-05-10&src=typed_query,⚘โทจิจังꕤ༄,https://x.com/thojiro,thojiro,False,2025-05-10 11:38:32+00:00,False,ตัวเร้กมากกก ขาสวยมากก ผิวเนียนมากกก ใครจะไม่หลง🫨🫨😳😳 MAMI WITH TMK DAY1 #MAMIxThomasKonginHuahin #โทมัสก้อง | #thomaskong,1921167971289842106,https://x.com/thojiro/status/1921167971289842106,2,318,547,6188,17,https://pbs.twimg.com/amplify_video_thumb/1921165173869735938/img/R_bt_5H6EBmLh6R5.jpg,False,,,,,th,Top
(@@TampicoGob OR @@MonicaVTampico) min_replies:0 min_faves:0 min_retweets:0,https://x.com/search?q=(@@TampicoGob OR @@MonicaVTampico) min_replies:0 min_faves:0 min_retweets:0 until:2025-05-11 since:2025-05-10&src=typed_query,News Vaticano 🇻🇦,https://x.com/news_vaticano,news_vaticano,True,2025-05-10 11:46:05+00:00,False,Las reliquias de San Agustín y su madre Mónica en la cruz pectoral de León XIV https://www.vaticannews.va/es/papa/news/2025-05/las-reliquias-de-san-agustin-y-su-madre-monica-en-la-cruz-leon.html,1921169870932136377,https://x.com/news_vaticano/status/1921169870932136377,0,119,425,12716,31,,False,,,,,es,Top
(@@TampicoGob OR @@MonicaVTampico) min_replies:0 min_faves:0 min_retweets:0,https://x.com/search?q=(@@TampicoGob OR @@MonicaVTampico) min_replies:0 min_faves:0 min_retweets:0 until:2025-05-11 since:2025-05-10&src=typed_query,José Mario,https://x.com/JoseMarioMX,JoseMarioMX,True,2025-05-10 12:06:55+00:00,False,"Este 10 de mayo, Milagros abrazó a su hija de 9 años después de mucho tiempo sin verla. Había estado en prisión. La separación fue brutal: su niña quedó sola, sin madre ni apoyo, invisibilizada por un sistema que castiga sin mirar a quién deja atrás. El 8 de mayo, gracias a la defensa jurídica de Perteneces, Milagros obtuvo su libertad. Llegó con 40 pesos en la bolsa y un plan: reconstruir su vida, recuperar el tiempo perdido. Se le dio un préstamo a la palabra, atención psicológica, ropa, comida, trabajo. Porque la libertad no se trata solo de abrir una puerta, sino de acompañar a quien sale para que no vuelva a caer, para que pueda volver a vivir. Milagros representa a miles de mujeres en México: madres encarceladas, hijas separadas, familias rotas por un sistema ciego. Hoy, su historia es esperanza. Es prueba de que la justicia también puede ser amor, reparación y futuro. En un país donde tantas cárceles se llenan de pobreza y abandono, liberar a una madre es un acto de humanidad radical.",1921175114260906001,https://x.com/JoseMarioMX/status/1921175114260906001,20,88,275,148928,10,https://pbs.twimg.com/media/GqlilRAWYAAp6x0.jpg,False,,,,,es,Top
(@@TampicoGob OR @@MonicaVTampico) min_replies:0 min_faves:0 min_retweets:0,https://x.com/search?q=(@@TampicoGob OR @@MonicaVTampico) min_replies:0 min_faves:0 min_retweets:0 until:2025-05-11 since:2025-05-10&src=typed_query,§🇵🇦Mazi🇵🇦§,https://x.com/maziwest07,maziwest07,False,2025-05-10 12:08:56+00:00,False,"VAMOS QUE SI PODEMOS SACAR A LA MOZA DE COLOMBIA, PANAMA, 13 PAISES DE LATAM, RUSIA, E.U., MEXICO, EN COLABORACIÓN CON RUSIA, PROXIMAMENTE DUBAI Y LA UNION SOBIETICA. NO DEJEN DE VOTAR EN EL CANAL DE RCN QUE VA GANANDO LA VISTIMA 💯#LaCasaDeLosFamososCol2 #LaCasaDeLosFamososCol",1921175622220406794,https://x.com/maziwest07/status/1921175622220406794,23,41,322,3921,0,,False,,,,,es,Top
(@@TampicoGob OR @@MonicaVTampico) min_replies:0 min_faves:0 min_retweets:0,https://x.com/search?q=(@@TampicoGob OR @@MonicaVTampico) min_replies:0 min_faves:0 min_retweets:0 until:2025-05-11 since:2025-05-10&src=typed_query,Anabella Rojas,https://x.com/AnabellaRojas53,AnabellaRojas53,False,2025-05-10 12:11:23+00:00,False,PAZ Y BIEN A TODOS BUENOS DIAS Y FELIZ DIA DE LA MADRE. 💕💕💕💕💕🌹🌹🌹🌹🌹🌹🌹😘🤗,1921176237583528022,https://x.com/AnabellaRojas53/status/1921176237583528022,10,20,206,8042,15,https://pbs.twimg.com/media/Gqljm0aWMAApTHH.jpg,False,,,,,es,Top
(@@TampicoGob OR @@MonicaVTampico) min_replies:0 min_faves:0 min_retweets:0,https://x.com/search?q=(@@TampicoGob OR @@MonicaVTampico) min_replies:0 min_faves:0 min_retweets:0 until:2025-05-11 since:2025-05-10&src=typed_query,El Campito Refugio,https://x.com/elcampito,elcampito,False,2025-05-10 12:12:34+00:00,False,😍 SOBERANA EN ADOPCIÓN! 🥰 Esta camperita es una gordita hermosa y abrazable. Necesita una familia que la ame y la comprenda💕 Enamorate y dale la oportunidad de conocer las cosas lindas de un hogar. Escribinos a adoptantesdelcampito@gmail.com 🫶,1921176535899205967,https://x.com/elcampito/status/1921176535899205967,8,308,315,4479,3,https://pbs.twimg.com/media/Gqlj4K_WUAAduU5.jpg,False,,,,,es,Top
(@@TampicoGob OR @@MonicaVTampico) min_replies:0 min_faves:0 min_retweets:0,https://x.com/search?q=(@@TampicoGob OR @@MonicaVTampico) min_replies:0 min_faves:0 min_retweets:0 until:2025-05-11 since:2025-05-10&src=typed_query,⚘โทจิจังꕤ༄,https://x.com/thojiro,thojiro,False,2025-05-10 12:24:56+00:00,False,ชอบที่อยู่ท่ามกลางคนนับสิบ เค้าสองคนไม่เขินอายที่จะแสดงความรักต่อกันแบบไม่ปิดบังเลย นึกอยากถ่ายรูปอีกฝ่ายเก็บไว้ก็หยิบกล้องขึ้นมาถ่าย คนโดนถ่ายก็ยิ้มหวานให้ไม่หลบไม่ห้าม คบกันจิง😌 MAMI WITH TMK DAY1 #MAMIxThomasKonginHuahin #โทมัสก้อง | #thomaskong,1921179649054245191,https://x.com/thojiro/status/1921179649054245191,0,131,246,4526,14,https://pbs.twimg.com/amplify_video_thumb/1921171565255028738/img/bqCf_54SjSQJPx0R.jpg,False,,,,,th,Top
(@@TampicoGob OR @@MonicaVTampico) min_replies:0 min_faves:0 min_retweets:0,https://x.com/search?q=(@@TampicoGob OR @@MonicaVTampico) min_replies:0 min_faves:0 min_retweets:0 until:2025-05-11 since:2025-05-10&src=typed_query,⋆ ꕤ ˚ greenteahoney🍵🍯,https://x.com/gthn0103,gthn0103,False,2025-05-10 12:34:31+00:00,False,ดัชนีกบ vs ดัชนีอึ่งอ่าง มาอีกละะะะ 👉🏻👈🏻 MAMI WITH TMK DAY1 #MAMIxThomasKonginHuahin #โทมัสก้อง #thomaskong,1921182061370413288,https://x.com/gthn0103/status/1921182061370413288,0,166,300,3649,11,https://pbs.twimg.com/media/Gqlo5SwXAAAUXmU.jpg;https://pbs.twimg.com/media/Gqlo5SoXkAAfsQ8.jpg,False,,,,,th,Top
(@@TampicoGob OR @@MonicaVTampico) min_replies:0 min_faves:0 min_retweets:0,https://x.com/search?q=(@@TampicoGob OR @@MonicaVTampico) min_replies:0 min_faves:0 min_retweets:0 until:2025-05-11 since:2025-05-10&src=typed_query,•,https://x.com/nadadoram4rtin,nadadoram4rtin,False,2025-05-10 13:49:08+00:00,False,el equipo de tcms 🎭🎶💖💕💖💕💖💕💖💕💖💕,1921200836660654332,https://x.com/nadadoram4rtin/status/1921200836660654332,0,31,311,12125,16,https://pbs.twimg.com/media/Gql5-YMWMAEACUC.jpg,False,,,,,pt,Top
(@@TampicoGob OR @@MonicaVTampico) min_replies:0 min_faves:0 min_retweets:0,https://x.com/search?q=(@@TampicoGob OR @@MonicaVTampico) min_replies:0 min_faves:0 min_retweets:0 until:2025-05-11 since:2025-05-10&src=typed_query,Walter Araujo y Toda la Verdad,https://x.com/waraujo64,waraujo64,True,2025-05-10 14:18:07+00:00,False,"Siempre es lindo recordar, honrar y rezar 🙏🏻 por aquellas mujeres que lucharon por nosotros desde niños. Cinco años de no darle un abrazo a mi mamá el día de las madres, sino solamente llevarle sus flores que tanto le gustaban. Aprovechamos con mi hermana, dejarles unas también a nuestras abuelitas, a Mama Toña, Mama Tita, así como a la tía Marinita y Tía Tanchito 🌷 🌺",1921208131507397009,https://x.com/waraujo64/status/1921208131507397009,17,44,321,6823,1,https://pbs.twimg.com/media/GqmAUubXcAAyuVs.jpg;https://pbs.twimg.com/media/GqmAUuaWMAEQYwA.jpg;https://pbs.twimg.com/media/GqmAUuZW0AAZBs3.jpg;https://pbs.twimg.com/media/GqmAUuWW0AA3bVn.jpg,False,,,,,es,Top
(@@TampicoGob OR @@MonicaVTampico) min_replies:0 min_faves:0 min_retweets:0,https://x.com/search?q=(@@TampicoGob OR @@MonicaVTampico) min_replies:0 min_faves:0 min_retweets:0 until:2025-05-11 since:2025-05-10&src=typed_query,DANNA Costa Rica Oficial🇨🇷⭐,https://x.com/DannaOficialCR,DannaOficialCR,False,2025-05-10 14:28:36+00:00,False,Dicen que no es icónica pero con tan solo ver su silueta todos sabemos quien es. 🤔🫦🔥✨,1921210771335242186,https://x.com/DannaOficialCR/status/1921210771335242186,14,13,230,9229,6,https://pbs.twimg.com/media/GqmDA9xWwAA4LK8.jpg,False,,,,,es,Top
(@@TampicoGob OR @@MonicaVTampico) min_replies:0 min_faves:0 min_retweets:0,https://x.com/search?q=(@@TampicoGob OR @@MonicaVTampico) min_replies:0 min_faves:0 min_retweets:0 until:2025-05-11 since:2025-05-10&src=typed_query,Romm🥤🍩,https://x.com/RommxMM,RommxMM,False,2025-05-10 14:37:30+00:00,False,"Ver a Mario brillar con tanta fuerza solo puede significar una cosa: detrás de él hay una mamá que lo amó, lo sostuvo y creyó incluso en sus días más grises. Gracias por formar a alguien que toca tantas vidas con el corazón. Feliz Día de las Madres tía Gaby!🫶🏻✨ @GabyVillarrealB",1921213007582949807,https://x.com/RommxMM/status/1921213007582949807,0,11,220,3128,7,https://pbs.twimg.com/media/GqmFC_cXUAAp609.jpg;https://pbs.twimg.com/media/GqmFC_ZXQAAm46R.jpg,False,,,,,es,Top
(@@TampicoGob OR @@MonicaVTampico) min_replies:0 min_faves:0 min_retweets:0,https://x.com/search?q=(@@TampicoGob OR @@MonicaVTampico) min_replies:0 min_faves:0 min_retweets:0 until:2025-05-11 since:2025-05-10&src=typed_query,Panteón Rococó,https://x.com/RococoTweets,RococoTweets,False,2025-05-10 14:57:29+00:00,False,"Felicidades a todas las mamás en su día ⚡️♥️ Máximo respeto a las que nos dieron la vida, a las que se han adelantado en el camino, a las que disfrutan nuestra música y a las que nos han vuelto parte del soundtrack de su vida hasta compartirnos con sus seres queridos.",1921218037098680703,https://x.com/RococoTweets/status/1921218037098680703,0,24,248,4330,1,https://pbs.twimg.com/media/GqmJnuDXUAAsois.jpg,False,,,,,es,Top
(@@TampicoGob OR @@MonicaVTampico) min_replies:0 min_faves:0 min_retweets:0,https://x.com/search?q=(@@TampicoGob OR @@MonicaVTampico) min_replies:0 min_faves:0 min_retweets:0 until:2025-05-11 since:2025-05-10&src=typed_query,𝐅 ᴗ͈ˬᴗ͈ෆ 🧸,https://x.com/pikappooh,pikappooh,True,2025-05-10 15:18:16+00:00,False,Merlion 🙅🏻‍♀️ ThomasKong-lion 👍 @tthomastc @kongjiro_ MAMI WITH TMK DAY1 #MAMIxThomasKonginHuahin #ThomasKong #tthomastc #kongjiro,1921223269413216447,https://x.com/pikappooh/status/1921223269413216447,0,382,629,9349,33,https://pbs.twimg.com/amplify_video_thumb/1921223186290544641/img/24-cm_pCoqpHnDIZ.jpg,False,,,,,en,Top
(@@TampicoGob OR @@MonicaVTampico) min_replies:0 min_faves:0 min_retweets:0,https://x.com/search?q=(@@TampicoGob OR @@MonicaVTampico) min_replies:0 min_faves:0 min_retweets:0 until:2025-05-11 since:2025-05-10&src=typed_query,Rocío Nahle,https://x.com/rocionahle,rocionahle,False,2025-05-10 15:22:46+00:00,False,"Sin duda el mejor regalo que la vida puede darle a una mujer son sus hij@s; Al igual que millones de madres en México, este día nos festejamos y consentimos con el amor incondicional y fraterno ❤️👩‍👧‍👧♥️ “Felicidades para todas las madres, sobre todo a las veracruzanas”",1921224399891390637,https://x.com/rocionahle/status/1921224399891390637,268,196,745,28429,5,https://pbs.twimg.com/media/GqmPaFXXoAAy2vL.jpg,False,,,,,es,Top
(@@TampicoGob OR @@MonicaVTampico) min_replies:0 min_faves:0 min_retweets:0,https://x.com/search?q=(@@TampicoGob OR @@MonicaVTampico) min_replies:0 min_faves:0 min_retweets:0 until:2025-05-11 since:2025-05-10&src=typed_query,𝐴𝑛𝑛𝑖𝑒 𝑅𝑜𝑗𝑎𝑠 ❨ ⟣,https://x.com/AnnieRojas_,AnnieRojas_,False,2025-05-10 15:24:15+00:00,False,"Mamita: Qué honor poderte llamar “Mami”. Mañana se celebra “tu día” pero me considero la más afortunada al poder celebrarte y agradecerte a diario el que seas mi mamá. Te amo, te admiro con todo mi ser. Eres la guerrera más grande que existe en este mundo. Te amo, mami.",1921224776074358933,https://x.com/AnnieRojas_/status/1921224776074358933,5,22,262,5463,10,https://pbs.twimg.com/media/GqmPwFEW4AAOTwQ.jpg;https://pbs.twimg.com/media/GqmPwFDXMAASP1D.jpg;https://pbs.twimg.com/media/GqmPwFGXcAEy252.jpg;https://pbs.twimg.com/media/GqmPwFBWkAA2_oj.jpg,False,,,,,es,Top
(@@TampicoGob OR @@MonicaVTampico) min_replies:0 min_faves:0 min_retweets:0,https://x.com/search?q=(@@TampicoGob OR @@MonicaVTampico) min_replies:0 min_faves:0 min_retweets:0 until:2025-05-11 since:2025-05-10&src=typed_query,Thalia,https://x.com/thalia,thalia,True,2025-05-10 15:53:51+00:00,False,"Feliz día a todas las madres de mi amado México. ❤️🇲🇽 Hoy recuerdo con mucho amor a la mejor madre que pudo existir. Te amo y te extraño tanto, mamita linda. Gracias a mis hijos por regalarme el privilegio de ser mamá. Los amo con todo mi corazón, ustedes son mi vida.🥰 A celebrar!!!!! #DíaDeLasMadres",1921232221777600573,https://x.com/thalia/status/1921232221777600573,16,103,647,16374,11,https://pbs.twimg.com/amplify_video_thumb/1921231850015449088/img/UcKDG8fgMgAqEjT-.jpg,False,,,,,es,Top
(@@TampicoGob OR @@MonicaVTampico) min_replies:0 min_faves:0 min_retweets:0,https://x.com/search?q=(@@TampicoGob OR @@MonicaVTampico) min_replies:0 min_faves:0 min_retweets:0 until:2025-05-11 since:2025-05-10&src=typed_query,Simpsonito,https://x.com/SoySimpsonito,SoySimpsonito,True,2025-05-10 15:54:54+00:00,False,- *Pobre godinez. Siempre tan predecible. Va a volver a escribir en el chat del trabajo felicitando a todas las mamacitas de la oficina* - *La buena felicitación a todas las mamás y mamacitas: ¡Nada le gana!* #FelizDiaDeLasMadres,1921232486744391761,https://x.com/SoySimpsonito/status/1921232486744391761,4,54,535,11482,3,https://pbs.twimg.com/media/GqmWw7jXIAA7--J.jpg,False,,,,,es,Top
(@@TampicoGob OR @@MonicaVTampico) min_replies:0 min_faves:0 min_retweets:0,https://x.com/search?q=(@@TampicoGob OR @@MonicaVTampico) min_replies:0 min_faves:0 min_retweets:0 until:2025-05-11 since:2025-05-10&src=typed_query,Danna Ospina,https://x.com/DannaOspina_,DannaOspina_,False,2025-05-10 16:08:06+00:00,False,"Paso para pedirle a que los que quieran, que sigan y dejen comentarios bonitos a este diseñador que no solo va a mandarle 5 maravillosos vestidos a Melissa, si no que se ha parado duro a defenderla. #PandillaGate #MelissaNoEstaSola #LaCasaDeLosFamososCol #LaCasaDeLosFamososCol2",1921235808767406473,https://x.com/DannaOspina_/status/1921235808767406473,4,71,452,6973,4,https://pbs.twimg.com/media/GqmZxZMWgAAuSVc.jpg;https://pbs.twimg.com/media/GqmZxiJXkAAb9bz.jpg,False,,,,,es,Top
(@@TampicoGob OR @@MonicaVTampico) min_replies:0 min_faves:0 min_retweets:0,https://x.com/search?q=(@@TampicoGob OR @@MonicaVTampico) min_replies:0 min_faves:0 min_retweets:0 until:2025-05-11 since:2025-05-10&src=typed_query,Antonio Astiazarán,https://x.com/tonoastiazaran,tonoastiazaran,True,2025-05-10 16:14:08+00:00,False,"¡Feliz Día a todas las mamás hermosillenses! Gracias por su amor incondicional, por enseñarnos a no rendirnos y por ser el corazón de nuestras familias. Desde el Gobierno Municipal, reconocemos su fuerza, su entrega y todo lo que hacen por esta ciudad. ¡Hoy y siempre, nuestro cariño y admiración para ustedes!",1921237327311216764,https://x.com/tonoastiazaran/status/1921237327311216764,3,23,176,1734,0,https://pbs.twimg.com/amplify_video_thumb/1921232402094944256/img/5rdmonn93jaQFaxB.jpg,False,,,,,es,Top
(@@TampicoGob OR @@MonicaVTampico) min_replies:0 min_faves:0 min_retweets:0,https://x.com/search?q=(@@TampicoGob OR @@MonicaVTampico) min_replies:0 min_faves:0 min_retweets:0 until:2025-05-11 since:2025-05-10&src=typed_query,Michelle Mendoza Muñoz,https://x.com/mmendoza_GT,mmendoza_GT,True,2025-05-10 16:32:10+00:00,False,"La amo mucho hijas, son mi fuerza y motivo. ¡Felíz día de las madres a todas! Sobretodo a las que nos toca sacar a nuestros hijos ante la adversidad.",1921241865296228692,https://x.com/mmendoza_GT/status/1921241865296228692,6,13,288,8174,0,,False,,,,,es,Top
(@@TampicoGob OR @@MonicaVTampico) min_replies:0 min_faves:0 min_retweets:0,https://x.com/search?q=(@@TampicoGob OR @@MonicaVTampico) min_replies:0 min_faves:0 min_retweets:0 until:2025-05-11 since:2025-05-10&src=typed_query,Vanessa (El Sr. Panzón sin sus chinos),https://x.com/VMOSN,VMOSN,True,2025-05-10 16:38:43+00:00,False,"Mi relación con la maternidad se ve envuelta en dos de los sentimientos más profundos que puede vivir un ser humano: el amor incondicional y la tristeza desgarradora. Ser mamá me ha llenado del primero, en cada gesto, en cada mirada, en cada instante compartido. Pero ser testigo del dolor de mi abuela primero, y de mi mamá después, al perder ambas a un hijo, me expuso al contraste brutal que puede encerrar la maternidad. Felicidades infinitas a las mujeres que han tenido el privilegio de dar vida y de vivir el amor incondicional en cada centímetro de la piel. Mi abrazo pleno a quienes han perdido un hijo, lo tienen enfermo o lo buscan sin descanso. ❣️",1921243515457020093,https://x.com/VMOSN/status/1921243515457020093,41,57,413,7497,4,,False,,,,,es,Top
(@@TampicoGob OR @@MonicaVTampico) min_replies:0 min_faves:0 min_retweets:0,https://x.com/search?q=(@@TampicoGob OR @@MonicaVTampico) min_replies:0 min_faves:0 min_retweets:0 until:2025-05-11 since:2025-05-10&src=typed_query,CR (RVA) Carlos Javier Soler P,https://x.com/CarlosSolerPa,CarlosSolerPa,True,2025-05-10 16:51:33+00:00,False,"✅🇨🇴Mujer verraca, Con carácter y sabe que No le debe nada a nadie, es alcaldesa de elección popular de Mutiscua, “ Norte de santander” Motilona ✅ se hizo dar micrófono 🎤 y se hizo escuchar del Gobierno,miren las caras, casi corren, y eso que es una demócrata con un micrófono y que piensan que Nos vamos a dejar Joder, sigan pensando que nos van a enredar , Lo primero , Colombia 🇨🇴 aplausos de pie para esta heroina , Tiene los ovarios que a varios con testículos les falta, se requieren Más @Asocapitales ,@asointermedias ,@GobAntioquia @Gobatlantico @GobValle @GobdeSantander @GobBoyaca @AlcaldiaDeCali @@Bogota @AlcaldiadeMed @AlcaldiaBGA @monterialcaldia @SantaMartaDTCH",1921246742777106758,https://x.com/CarlosSolerPa/status/1921246742777106758,25,350,653,23144,27,https://pbs.twimg.com/amplify_video_thumb/1921245578517716992/img/IzzqDn1FPGDDMLf-.jpg,False,,,,,es,Top
(@@TampicoGob OR @@MonicaVTampico) min_replies:0 min_faves:0 min_retweets:0,https://x.com/search?q=(@@TampicoGob OR @@MonicaVTampico) min_replies:0 min_faves:0 min_retweets:0 until:2025-05-11 since:2025-05-10&src=typed_query,Mónica Soto Icaza✍,https://x.com/MonicaSotoIcaza,MonicaSotoIcaza,True,2025-05-10 17:17:27+00:00,False,"Ella me enseñó la ligereza de espíritu, la alegría, el lado luminoso de la vida, la fortaleza a pesar de las vicisitudes. De ella aprendí a no echarme la culpa por errores ajenos, a tener la valentía para conquistar el mundo en tacones o descalza, a llevar mis defectos con dignidad y mis virtudes con orgullo. Gracias a ella sé que a veces la vida puede caerse a pedazos, pero yo soy poseedora de mi última palabra. Mamá: ¿Cómo no me iba a convertir en esta mujer libre e imparable, si tú eres mi inspiración? Te amo 🌹🌹🌹 Mónica Soto Icaza 🖋",1921253263799656765,https://x.com/MonicaSotoIcaza/status/1921253263799656765,32,26,452,11432,5,https://pbs.twimg.com/media/GqmpqZpWkAE9FUR.jpg,False,,,,,es,Top
(@@TampicoGob OR @@MonicaVTampico) min_replies:0 min_faves:0 min_retweets:0,https://x.com/search?q=(@@TampicoGob OR @@MonicaVTampico) min_replies:0 min_faves:0 min_retweets:0 until:2025-05-11 since:2025-05-10&src=typed_query,Foro Militar México,https://x.com/foro_militar,foro_militar,False,2025-05-10 18:06:42+00:00,False,"¡¡URGE CERRAR LA FRONTERA SUR!! 6 Mugrosos de origen Venezolanos, detenidos armados en Buenavista, Michoacán.",1921265657867325592,https://x.com/foro_militar/status/1921265657867325592,138,854,2427,57632,44,https://pbs.twimg.com/media/Gqm07oOWcAEr0Lr.jpg;https://pbs.twimg.com/media/Gqm07tOW4AEnyMD.jpg;https://pbs.twimg.com/media/Gqm07t8WcAAQ56U.jpg,False,,,,,es,Top
(@@TampicoGob OR @@MonicaVTampico) min_replies:0 min_faves:0 min_retweets:0,https://x.com/search?q=(@@TampicoGob OR @@MonicaVTampico) min_replies:0 min_faves:0 min_retweets:0 until:2025-05-11 since:2025-05-10&src=typed_query,Cosmic Wabbit✨🐰,https://x.com/CosmicWabbit,CosmicWabbit,False,2025-05-10 18:28:00+00:00,False,Es imposible que alguien de México no haya bailado esta canción en su infancia 😅 Feliz día de las Madres! 💖,1921271016182976986,https://x.com/CosmicWabbit/status/1921271016182976986,0,77,337,6156,18,https://pbs.twimg.com/media/Gqmkf35WcAAwMLD.jpg,False,,,,,es,Top
(@@TampicoGob OR @@MonicaVTampico) min_replies:0 min_faves:0 min_retweets:0,https://x.com/search?q=(@@TampicoGob OR @@MonicaVTampico) min_replies:0 min_faves:0 min_retweets:0 until:2025-05-11 since:2025-05-10&src=typed_query,Samuel García,https://x.com/samuel_garcias,samuel_garcias,True,2025-05-10 19:21:04+00:00,False,"Hace unos días conocí la historia de Sol y Miriam, su mamá. Ambas emprendieron un negocio para poder pagar el tratamiento de Sol contra el síndrome de Turner. Sin dudarlo, decidí que este mes la donación de mi sueldo como gobernador sería destinada a ayudarle a Sol y su mamá. A quienes también quieran apoyarlas les dejo su contacto, y arránquense a su negocio en la colonia Industrial, en Monterrey. ¡Los hot-dogs y los tostitos están deliciosos!",1921284372290060579,https://x.com/samuel_garcias/status/1921284372290060579,211,102,710,94840,38,https://pbs.twimg.com/amplify_video_thumb/1921283370568273920/img/Gg24cMyOKXAKhF3l.jpg,False,,,,,es,Top
(@@TampicoGob OR @@MonicaVTampico) min_replies:0 min_faves:0 min_retweets:0,https://x.com/search?q=(@@TampicoGob OR @@MonicaVTampico) min_replies:0 min_faves:0 min_retweets:0 until:2025-05-11 since:2025-05-10&src=typed_query,Marisol Calva 💚,https://x.com/Marisol_Calva,Marisol_Calva,False,2025-05-10 19:59:25+00:00,False,"🚨Por favor ayúdenme a compartir, se acaban de robar la camioneta de una amiga sobre la 19 pte entre 25 y 23 sur, Colonia Santiago. Es una Honda CRV Azul. Mi amiga sólo bajó a recoger a sus hijas a su clase de baile y cuando regresó la camioneta ya no estaba. @SSPGobPue @SSC_Pue",1921294023697821787,https://x.com/Marisol_Calva/status/1921294023697821787,60,683,756,98025,35,https://pbs.twimg.com/media/GqnOuuwXUAA8hHE.jpg;https://pbs.twimg.com/media/GqnOuuwXEAAPh-W.jpg,False,,,,,es,Top
(@@TampicoGob OR @@MonicaVTampico) min_replies:0 min_faves:0 min_retweets:0,https://x.com/search?q=(@@TampicoGob OR @@MonicaVTampico) min_replies:0 min_faves:0 min_retweets:0 until:2025-05-11 since:2025-05-10&src=typed_query,lady march,https://x.com/ladycmarc,ladycmarc,False,2025-05-10 20:00:01+00:00,False,LA INFANTA DESQUICIADA CON MARIAVICTORIA Y TOMMASO ME ESTOY MEANDO 🤣🤣🤣 #Vecinos10M #Maiquistas10M,1921294172494938603,https://x.com/ladycmarc/status/1921294172494938603,9,102,1001,135822,185,https://pbs.twimg.com/amplify_video_thumb/1921294070481092608/img/648yljHeQnOYfyF8.jpg,False,,,,,es,Top
(@@TampicoGob OR @@MonicaVTampico) min_replies:0 min_faves:0 min_retweets:0,https://x.com/search?q=(@@TampicoGob OR @@MonicaVTampico) min_replies:0 min_faves:0 min_retweets:0 until:2025-05-11 since:2025-05-10&src=typed_query,Sonámbulo_mn,https://x.com/Sonambulo_mn,Sonambulo_mn,False,2025-05-10 20:23:02+00:00,False,250509 SMT in Mexico #재민 #JAEMIN #제노 #JENO #MINNO #잼젠 #엔시티드림 #NCTDREAM #SMTOWN_IN_MEXICO,1921299965088854318,https://x.com/Sonambulo_mn/status/1921299965088854318,1,1726,5037,102314,531,https://pbs.twimg.com/media/GqnTy6mWoAA5bML.jpg;https://pbs.twimg.com/media/GqnTy6jW4AE5Agk.jpg,False,,,,,en,Top
(@@TampicoGob OR @@MonicaVTampico) min_replies:0 min_faves:0 min_retweets:0,https://x.com/search?q=(@@TampicoGob OR @@MonicaVTampico) min_replies:0 min_faves:0 min_retweets:0 until:2025-05-11 since:2025-05-10&src=typed_query,Latinus,https://x.com/latinus_us,latinus_us,True,2025-05-10 20:31:29+00:00,False,"No tiene tiempo de recibir a las Madres Buscadoras, pero sí para ir con la presidenta a grabar un promocional. #SátiraSurrealista de @vampipe #Latinus #InformaciónParaTi",1921302091953311751,https://x.com/latinus_us/status/1921302091953311751,60,562,1827,144784,28,https://pbs.twimg.com/amplify_video_thumb/1921301887044726784/img/Z1T0O0USgxjhsGyc.jpg,False,,,,,es,Top
(@@TampicoGob OR @@MonicaVTampico) min_replies:0 min_faves:0 min_retweets:0,https://x.com/search?q=(@@TampicoGob OR @@MonicaVTampico) min_replies:0 min_faves:0 min_retweets:0 until:2025-05-11 since:2025-05-10&src=typed_query,EL CHAPITO (Apuestas Deportivas),https://x.com/ChapitoApuestas,ChapitoApuestas,True,2025-05-10 21:06:20+00:00,False,"Disfruten mucho a su madre hoy y todos los días Chingones. Los que tenemos la mala fortuna de tenerla en el cielo, diéramos todo por un simple abrazo de ella. Ánimo.",1921310862809219411,https://x.com/ChapitoApuestas/status/1921310862809219411,6,3,214,9210,1,,False,,,,,es,Top
(@@TampicoGob OR @@MonicaVTampico) min_replies:0 min_faves:0 min_retweets:0,https://x.com/search?q=(@@TampicoGob OR @@MonicaVTampico) min_replies:0 min_faves:0 min_retweets:0 until:2025-05-11 since:2025-05-10&src=typed_query,Antonio Astiazarán,https://x.com/tonoastiazaran,tonoastiazaran,True,2025-05-10 22:05:54+00:00,False,"Desde niño compartí mis sueños con mi Mamá. Su confianza me ha dado la fortaleza para luchar por alcanzarlos. Pero sobre todo, su ejemplo de fe en Dios me ha enseñado a caminar siempre con los pies puestos sobre la tierra. ¡Qué bendición festejarla este día!",1921325852727431496,https://x.com/tonoastiazaran/status/1921325852727431496,7,11,213,2675,0,https://pbs.twimg.com/media/GqnrrgNWAAEN4tf.jpg,False,,,,,es,Top
(@@TampicoGob OR @@MonicaVTampico) min_replies:0 min_faves:0 min_retweets:0,https://x.com/search?q=(@@TampicoGob OR @@MonicaVTampico) min_replies:0 min_faves:0 min_retweets:0 until:2025-05-11 since:2025-05-10&src=typed_query,LA MONA QUILOMBERA 2.0 🗡🐵,https://x.com/MONAQUILOMBERA,MONAQUILOMBERA,False,2025-05-10 22:11:20+00:00,False,NO HAY NADA PEOR QUE UN TOPU OBSESIONADO CON UN HETEROSEXUAL. DIGNIDAD SALIÓ DE LA SALA,1921327221819503068,https://x.com/MONAQUILOMBERA/status/1921327221819503068,82,187,1867,37544,28,,False,,,,,es,Top
(@@TampicoGob OR @@MonicaVTampico) min_replies:0 min_faves:0 min_retweets:0,https://x.com/search?q=(@@TampicoGob OR @@MonicaVTampico) min_replies:0 min_faves:0 min_retweets:0 until:2025-05-11 since:2025-05-10&src=typed_query,Adina Chelminsky,https://x.com/AdinaChel,AdinaChel,True,2025-05-10 22:12:57+00:00,False,"Este 10 de Mayo, sólo 2 palabras para el gobierno: TANTITA MADRE Los grandes jóvenes de @somosimpactomx hicieron el regalo perfecto.",1921327628352438692,https://x.com/AdinaChel/status/1921327628352438692,75,381,688,35771,26,https://pbs.twimg.com/amplify_video_thumb/1921327535062720513/img/hvBna4BUAguMVGG7.jpg,False,,,,,es,Top
(@@TampicoGob OR @@MonicaVTampico) min_replies:0 min_faves:0 min_retweets:0,https://x.com/search?q=(@@TampicoGob OR @@MonicaVTampico) min_replies:0 min_faves:0 min_retweets:0 until:2025-05-11 since:2025-05-10&src=typed_query,The Warning News⚡,https://x.com/TheWarningNews,TheWarningNews,False,2025-05-10 22:22:38+00:00,False,"Hoy, 10 de Mayo en México, se celebra el día de las madres Celebramos a Mónica Vélez, mamá de Daniela, Paulina y Alejandra! Feliz día de las madres! ❤️",1921330063535976855,https://x.com/TheWarningNews/status/1921330063535976855,3,21,312,5482,14,https://pbs.twimg.com/media/GqnvgbhWUAABuix.jpg;https://pbs.twimg.com/media/GqnvgbfWcAAmZYx.jpg;https://pbs.twimg.com/media/GqnvgbgW8AEbFJF.jpg,False,,,,,es,Top
(@@TampicoGob OR @@MonicaVTampico) min_replies:0 min_faves:0 min_retweets:0,https://x.com/search?q=(@@TampicoGob OR @@MonicaVTampico) min_replies:0 min_faves:0 min_retweets:0 until:2025-05-11 since:2025-05-10&src=typed_query,Marco Antonio Solís,https://x.com/MarcoASolis,MarcoASolis,True,2025-05-10 22:57:18+00:00,False,"Oaxaca, gracias por una noche mágica e inolvidable. La energía, el cariño y las voces que se unieron a la mía hicieron vibrar cada rincón. Hoy, 10 de mayo, celebro a todas las madres con el alma llena de amor y gratitud. ¡Esta gira es por y para ustedes! ¡Feliz Día de las Madres!",1921338786446778396,https://x.com/MarcoASolis/status/1921338786446778396,6,40,238,7357,3,https://pbs.twimg.com/amplify_video_thumb/1921338114439557120/img/YqxvC9Le2jVBgTak.jpg,False,,,,,es,Top
(@@TampicoGob OR @@MonicaVTampico) min_replies:0 min_faves:0 min_retweets:0,https://x.com/search?q=(@@TampicoGob OR @@MonicaVTampico) min_replies:0 min_faves:0 min_retweets:0 until:2025-05-11 since:2025-05-10&src=typed_query,Tammy_bb (Moñoñongo)|🫔,https://x.com/Tammy_BB_Vtuber,Tammy_BB_Vtuber,False,2025-05-10 23:17:57+00:00,False,"Me preguntó que pensara Luna, el chico al que casi deja con los órganos afuera...",1921343986532339898,https://x.com/Tammy_BB_Vtuber/status/1921343986532339898,19,9,285,4369,24,,False,,,,,es,Top
(@@TampicoGob OR @@MonicaVTampico) min_replies:0 min_faves:0 min_retweets:0,https://x.com/search?q=(@@TampicoGob OR @@MonicaVTampico) min_replies:0 min_faves:0 min_retweets:0 until:2025-05-11 since:2025-05-10&src=typed_query,Qué Poca Madre 🇲🇽,https://x.com/QuePocaMadre_Mx,QuePocaMadre_Mx,False,2025-05-10 23:39:22+00:00,False,"🚨😡 AGARRAN AL NOVIO DE LUPITA TIKTOK EN NL 👏 Elementos de la Fiscalía de #NuevoLeón, lograron la captura de Ricardo “N”, conocido como “El Soncrics Medellín”, quien es pareja de la influencer #LupitaTikTok, fue detenido en el municipio de #Juárez, es acusado del delito de v!0l4ción agravada en perjuicio de una persona con vulnerabilidad cognitiva. La aprehensión se realizó en cumplimiento de una orden judicial emitida por las autoridades ministeriales. @FiscaliaNL @nuevoleon",1921349376653586723,https://x.com/QuePocaMadre_Mx/status/1921349376653586723,38,85,1039,151292,46,https://pbs.twimg.com/media/GqoBE36XsAAM1vc.jpg,False,,,,,es,Top
(@@TampicoGob OR @@MonicaVTampico) min_replies:0 min_faves:0 min_retweets:0,https://x.com/search?q=(@@TampicoGob OR @@MonicaVTampico) min_replies:0 min_faves:0 min_retweets:0 until:2025-05-11 since:2025-05-10&src=typed_query,Rivers Pelona,https://x.com/RiversPelona,RiversPelona,True,2025-05-10 23:58:38+00:00,False,"Lejos de su país, lejos de su familia, lejos de su ciudad. Nikol se amarró los ovarios, se aguantó las críticas y las utilizó para mejorar partido a partido. Esta cabrona demostró que una mexicana nunca se raja. @NikolRamos12 Como mexicana, como Tapatia y rojinegra, estoy muy orgullosa que nos representes de esta manera. El trabajo aún no está hecho, síguele dando, madre y deja tu nombre escrito en la historia de esta liga. TE QUIERO MUCHÍSIMO. VIVA MÉXICO CABRONES 🇲🇽🤍🐐 @NikolRamos12",1921354221406023781,https://x.com/RiversPelona/status/1921354221406023781,19,194,2835,29561,46,https://pbs.twimg.com/media/GqoFeksagAAo8cP.jpg,False,,,,,es,Top
(@@TampicoGob OR @@MonicaVTampico) min_replies:0 min_faves:0 min_retweets:0,https://x.com/search?q=(@@TampicoGob OR @@MonicaVTampico) min_replies:0 min_faves:0 min_retweets:0 until:2025-05-12 since:2025-05-11&src=typed_query,Menny ALERTA DE RIESGO,https://x.com/MennyValdz,MennyValdz,False,2025-05-11 02:41:08+00:00,False,Para que sepan en #Tampico Ayer viernes empezaron a cobrar piso a los repartidores tanto de aplicacion como independientes $125 por semana y el que no pague la calca le quitan la moto aparte de una golpiza y tal vez ejecucion Porque lo permites? @MonicaVTampico @Dr_AVillarreal,1921395116511527412,https://x.com/MennyValdz/status/1921395116511527412,1,7,18,16839,2,https://pbs.twimg.com/media/GqomsCSWEAAvWN9.jpg,False,,,,,es,Top
(@@TampicoGob OR @@MonicaVTampico) min_replies:0 min_faves:0 min_retweets:0,https://x.com/search?q=(@@TampicoGob OR @@MonicaVTampico) min_replies:0 min_faves:0 min_retweets:0 until:2025-05-12 since:2025-05-11&src=typed_query,Tamara Toro Soy del 56% ex 38% 🇨🇱✊🏻,https://x.com/Tj_Toro9,Tj_Toro9,False,2025-05-11 02:52:05+00:00,False,No sabía que estaban dando un documental sobre las Momias Chinchorro 😆🙃. #LaDivinaComida.,1921397875092730164,https://x.com/Tj_Toro9/status/1921397875092730164,66,173,1577,31108,5,https://pbs.twimg.com/media/GqotLvgWMAAqq-s.jpg,False,,,,,es,Top
(@@TampicoGob OR @@MonicaVTampico) min_replies:0 min_faves:0 min_retweets:0,https://x.com/search?q=(@@TampicoGob OR @@MonicaVTampico) min_replies:0 min_faves:0 min_retweets:0 until:2025-05-12 since:2025-05-11&src=typed_query,Gustavo G,https://x.com/etch99_,etch99_,False,2025-05-11 03:03:30+00:00,False,"@mrnarbona No es la mujer más linda de Chile pero si es la veneca más linda que vive en Chile y es mitad chilena, se salvó de verse así:",1921400745967915297,https://x.com/etch99_/status/1921400745967915297,6,0,183,39963,1,https://pbs.twimg.com/media/Gqovy-VWsAAtkNq.jpg,True,narbonachile,https://x.com/narbonachile,,narbonachile,es,Top
(@@TampicoGob OR @@MonicaVTampico) min_replies:0 min_faves:0 min_retweets:0,https://x.com/search?q=(@@TampicoGob OR @@MonicaVTampico) min_replies:0 min_faves:0 min_retweets:0 until:2025-05-12 since:2025-05-11&src=typed_query,Mónica Arosemena,https://x.com/MnicaArosemena1,MnicaArosemena1,False,2025-05-11 03:52:28+00:00,False,"QUIÉN HUBIERA IMAGINADO QUE ESTA BASURA TERMINARÍA COMO MEME, COMO BURLA, NO SOLO NACIONAL SINO INTERNACIONALMENTE!! LA LOCA DEL ÁTICO, LA LOCA DE LA TINTA, LA LOCA TINTORERA Y MÁS...HASTA UNA CANCIÓN LE HAN SACADO!",1921413071152484687,https://x.com/MnicaArosemena1/status/1921413071152484687,248,475,1549,28806,11,https://pbs.twimg.com/media/Gqo7ARrXEAALJe2.jpg,False,,,,,es,Top
(@@TampicoGob OR @@MonicaVTampico) min_replies:0 min_faves:0 min_retweets:0,https://x.com/search?q=(@@TampicoGob OR @@MonicaVTampico) min_replies:0 min_faves:0 min_retweets:0 until:2025-05-12 since:2025-05-11&src=typed_query,ดูมันดิ DOMUNDI TV,https://x.com/DomundiTV,DomundiTV,True,2025-05-11 05:02:06+00:00,False,“โทมัส” @tthomastc และ “ก้อง” @kongjiro_ พร้อมแล้วสำหรับ mami Sweet Time in Huahin with Thomas-Kong Day 2 ✨️ #MAMIxThomasKonginHuahin,1921430594094817718,https://x.com/DomundiTV/status/1921430594094817718,65,3140,6079,85334,200,https://pbs.twimg.com/media/GqpK2MBbYAEQmFu.jpg,False,,,,,und,Top
(@@TampicoGob OR @@MonicaVTampico) min_replies:0 min_faves:0 min_retweets:0,https://x.com/search?q=(@@TampicoGob OR @@MonicaVTampico) min_replies:0 min_faves:0 min_retweets:0 until:2025-05-12 since:2025-05-11&src=typed_query,Monica 🍀⚘️🌍📚🐞🎧,https://x.com/Monica09058845,Monica09058845,True,2025-05-11 05:07:22+00:00,False,Ciaooo...io vado...dove lo vedrete 😘😘😘☕️☕️☕️😂😂😂,1921431919121637595,https://x.com/Monica09058845/status/1921431919121637595,22,53,330,3222,1,https://pbs.twimg.com/media/GqpMJcmW0AElpZH.jpg,False,,,,,it,Top
(@@TampicoGob OR @@MonicaVTampico) min_replies:0 min_faves:0 min_retweets:0,https://x.com/search?q=(@@TampicoGob OR @@MonicaVTampico) min_replies:0 min_faves:0 min_retweets:0 until:2025-05-12 since:2025-05-11&src=typed_query,fhjn rest 🍅🛝🥣,https://x.com/juneoncnine,juneoncnine,True,2025-05-11 05:41:42+00:00,False,☝🏻📸 with 🦊🍓 MAMI WITH TMK DAY2 #MAMIxThomasKonginHuahin #โทมัสก้อง #thomaskong,1921440559538823481,https://x.com/juneoncnine/status/1921440559538823481,19,349,672,10763,32,https://pbs.twimg.com/amplify_video_thumb/1921440487153524736/img/kbokQ7c_RHRqgaMc.jpg,False,,,,,en,Top
(@@TampicoGob OR @@MonicaVTampico) min_replies:0 min_faves:0 min_retweets:0,https://x.com/search?q=(@@TampicoGob OR @@MonicaVTampico) min_replies:0 min_faves:0 min_retweets:0 until:2025-05-12 since:2025-05-11&src=typed_query,𝐓𝐡𝐨𝐦𝐚𝐬 𝐨𝐟𝐟𝐢𝐜𝐢𝐚𝐥 𝐟𝐚𝐧𝐜𝐥𝐮𝐛,https://x.com/tthomastc_OFC,tthomastc_OFC,False,2025-05-11 05:44:55+00:00,False,•─────────•°•❀•°•─────────• IG : domundiTV Date : 11.05.2025 น่ารักกันแต่เช้าเลยฮ้อปส์~ MAMI WITH TMK DAY2 #MAMIxThomasKonginHuahin #tthomastc •─────────•°•❀•°•─────────•,1921441366841622544,https://x.com/tthomastc_OFC/status/1921441366841622544,1,174,227,4833,8,https://pbs.twimg.com/ext_tw_video_thumb/1921441334847819776/pu/img/7OW3NDDimXgxU0Ii.jpg,False,,,,,und,Top
(@@TampicoGob OR @@MonicaVTampico) min_replies:0 min_faves:0 min_retweets:0,https://x.com/search?q=(@@TampicoGob OR @@MonicaVTampico) min_replies:0 min_faves:0 min_retweets:0 until:2025-05-12 since:2025-05-11&src=typed_query,🚍 ¡LA TATONETA! 🇦🇷🇺🇾,https://x.com/LaTatoneta10,LaTatoneta10,False,2025-05-11 05:50:27+00:00,False,ÚNICO TEMA DE LA CASA: Ulises: Tato Juan Pablo: Tato Lourdes: Tato Eugenia: Tato Sandra: Tato Selva: Tato Gabriela: Tato NOSOTROS: 🇦🇷 LUZ AL 9009 👌🏻 🇦🇷 TATO AL 9009 👌🏻 🇦🇷 LUCIA AL 9009 👌🏻 🇺🇾 VOTO LUZ AL 7020 💖 🇺🇾 VOTO TATO AL 7020 🩵 🇺🇾 VOTO LUCIA AL 7020 🩷 🚍#LaTatoneta,1921442759656763642,https://x.com/LaTatoneta10/status/1921442759656763642,21,184,541,5904,1,https://pbs.twimg.com/media/GqpWAKUXcAAJSHB.jpg;https://pbs.twimg.com/media/GqpWAMvXIAA4J0U.jpg;https://pbs.twimg.com/media/GqpWANPWoAA779x.jpg,False,,,,,es,Top
(@@TampicoGob OR @@MonicaVTampico) min_replies:0 min_faves:0 min_retweets:0,https://x.com/search?q=(@@TampicoGob OR @@MonicaVTampico) min_replies:0 min_faves:0 min_retweets:0 until:2025-05-12 since:2025-05-11&src=typed_query,❤️‍🔥Momo Ft.อันวาร์บลู❤️‍🔥,https://x.com/Momo1581060,Momo1581060,False,2025-05-11 06:15:54+00:00,False,อยากตื่นมา เลิฟ มาย จ๊อบ แบบฮีบ้างอ่ะ 😩 MAMI WITH TMK DAY2 #MAMIxThomasKonginHuahin #โทมัสก้อง #ThomasKong,1921449166607184148,https://x.com/Momo1581060/status/1921449166607184148,1,351,770,10287,35,https://pbs.twimg.com/media/Gqpb1K3XMAA1ln2.jpg,False,,,,,th,Top
(@@TampicoGob OR @@MonicaVTampico) min_replies:0 min_faves:0 min_retweets:0,https://x.com/search?q=(@@TampicoGob OR @@MonicaVTampico) min_replies:0 min_faves:0 min_retweets:0 until:2025-05-12 since:2025-05-11&src=typed_query,Juan Bomba,https://x.com/JuanhBomba,JuanhBomba,False,2025-05-11 06:26:38+00:00,False,"Hoy cumple mi madre ochenta y ocho tacos nació cuando más hambre y miseria había , que le pregunten a ella como se vivía antes",1921451868527398962,https://x.com/JuanhBomba/status/1921451868527398962,96,52,264,3058,1,https://pbs.twimg.com/media/GqpeShcXwAA8eZg.jpg,False,,,,,es,Top
(@@TampicoGob OR @@MonicaVTampico) min_replies:0 min_faves:0 min_retweets:0,https://x.com/search?q=(@@TampicoGob OR @@MonicaVTampico) min_replies:0 min_faves:0 min_retweets:0 until:2025-05-12 since:2025-05-11&src=typed_query,ดูมันดิ DOMUNDI TV,https://x.com/DomundiTV,DomundiTV,True,2025-05-11 07:44:29+00:00,False,จบลงไปแล้วสำหรับ mami Sweet Time in Huahin with Thomas-Kong Day ขอขอบคุณ @mamicosofficial ที่ให้เกียรติ “โทมัส” @tthomastc และ “ก้อง” @kongjiro_ ได้มาร่วมทริปสุดพิเศษในครั้งนี้นะคะ 🥰 ขอขอบคุณแฟน ๆ ที่มาร่วมทริปนี้ไปด้วยกัน รวมถึงแฟน ๆ ที่ส่งกำลังใจมาให้ทั้งสองคนตลอดทั้งสองวันด้วยนะคะ 🫶🏻✨️ #MAMIxThomasKonginHuahin,1921471457143533801,https://x.com/DomundiTV/status/1921471457143533801,14,1616,2623,53656,106,https://pbs.twimg.com/amplify_video_thumb/1921471377279680512/img/petcB3a8XG_ZbC0T.jpg;https://pbs.twimg.com/media/GqpwCRjbAAAOPte.jpg;https://pbs.twimg.com/media/GqpwCSQWsAAe7cd.jpg,False,,,,,th,Top
(@@TampicoGob OR @@MonicaVTampico) min_replies:0 min_faves:0 min_retweets:0,https://x.com/search?q=(@@TampicoGob OR @@MonicaVTampico) min_replies:0 min_faves:0 min_retweets:0 until:2025-05-12 since:2025-05-11&src=typed_query,𝐊𝐎𝐍𝐆𝐉𝐈𝐑𝐎 𝐓𝐇𝐀𝐈𝐋𝐀𝐍𝐃,https://x.com/KongjiroTH,KongjiroTH,True,2025-05-11 08:18:39+00:00,False,[IGs : Kongjiro] Update : 11.05.2025 MAMI WITH TMK DAY2 #MAMIxThomasKongInHuahin @kongjiro_ #kongjiro,1921480056066449892,https://x.com/KongjiroTH/status/1921480056066449892,1,169,304,4672,10,https://pbs.twimg.com/ext_tw_video_thumb/1921480032620253184/pu/img/Jm9Zw6pMMmk51aQc.jpg;https://pbs.twimg.com/media/Gqp36PQakAA0wzG.jpg,False,,,,,tl,Top
(@@TampicoGob OR @@MonicaVTampico) min_replies:0 min_faves:0 min_retweets:0,https://x.com/search?q=(@@TampicoGob OR @@MonicaVTampico) min_replies:0 min_faves:0 min_retweets:0 until:2025-05-12 since:2025-05-11&src=typed_query,𝐊𝐎𝐍𝐆𝐉𝐈𝐑𝐎 𝐓𝐇𝐀𝐈𝐋𝐀𝐍𝐃,https://x.com/KongjiroTH,KongjiroTH,True,2025-05-11 08:29:24+00:00,False,[IGs : Kongjiro] Update : 11.05.2025 MAMI WITH TMK DAY2 #MAMIxThomasKongInHuahin @kongjiro_ #kongjiro,1921482759878680611,https://x.com/KongjiroTH/status/1921482759878680611,0,127,222,2109,8,https://pbs.twimg.com/ext_tw_video_thumb/1921482741792550912/pu/img/WspiAb_mwpaSeIFh.jpg,False,,,,,tl,Top
(@@TampicoGob OR @@MonicaVTampico) min_replies:0 min_faves:0 min_retweets:0,https://x.com/search?q=(@@TampicoGob OR @@MonicaVTampico) min_replies:0 min_faves:0 min_retweets:0 until:2025-05-12 since:2025-05-11&src=typed_query,𝙎𝙢𝙞𝙡𝙚𝙥𝙡𝙤𝙤𝙤𝙮~ 🧸💕,https://x.com/smileploooy,smileploooy,True,2025-05-11 08:59:28+00:00,False,ให้สร้อยหัวใจไปคนละดวงตอนนั้น วันนี้ได้เห็นน้องก้องใส่แย้ว ☺️💖 แล้วพี่โทคือเป็นสายซัพพอร์ตมากอ่ะ ร๊ากกก🫶🏻 #TreasureKongjiro #kongjiro —————————— MAMI WITH TMK DAY2 #MAMIxThomasKongInHuahin,1921490329657655537,https://x.com/smileploooy/status/1921490329657655537,0,515,864,14311,48,https://pbs.twimg.com/amplify_video_thumb/1921490083301191680/img/lZ3Kz4cv-lCZOeNL.jpg;https://pbs.twimg.com/media/GqqBDN4aUAAanWg.jpg;https://pbs.twimg.com/media/GqqBDOKWgAAV5s3.jpg,False,,,,,th,Top
(@@TampicoGob OR @@MonicaVTampico) min_replies:0 min_faves:0 min_retweets:0,https://x.com/search?q=(@@TampicoGob OR @@MonicaVTampico) min_replies:0 min_faves:0 min_retweets:0 until:2025-05-12 since:2025-05-11&src=typed_query,canine_tooth,https://x.com/she_epx2,she_epx2,False,2025-05-11 09:31:18+00:00,False,💘💘💘💘 MAMI WITH TMK DAY2 #MAMIxThomasKongInHuahin #thomaskong #โทมัสก้อง #tthomastc #Kongjiro,1921498338978836766,https://x.com/she_epx2/status/1921498338978836766,1,296,455,7153,23,https://pbs.twimg.com/media/GqqIjC3a0AAd6X5.jpg;https://pbs.twimg.com/media/GqqIjDgXAAAZnG3.jpg,False,,,,,en,Top
(@@TampicoGob OR @@MonicaVTampico) min_replies:0 min_faves:0 min_retweets:0,https://x.com/search?q=(@@TampicoGob OR @@MonicaVTampico) min_replies:0 min_faves:0 min_retweets:0 until:2025-05-12 since:2025-05-11&src=typed_query,CHO,https://x.com/chotiros_tt,chotiros_tt,False,2025-05-11 09:43:22+00:00,False,วันๆของลูกชายฉันชอบจับกบ ยิงกบ 😅😂 MAMI WITH TMK DAY2 #MAMIxThomasKongInHuahin #โทมัสก้อง #thomaskong,1921501375483060464,https://x.com/chotiros_tt/status/1921501375483060464,0,294,486,5981,32,https://pbs.twimg.com/amplify_video_thumb/1921499759166021632/img/fh_M3J0ektgH4eQY.jpg;https://pbs.twimg.com/amplify_video_thumb/1921501304612077568/img/qbNhcr4VJozG7N2B.jpg,False,,,,,th,Top
(@@TampicoGob OR @@MonicaVTampico) min_replies:0 min_faves:0 min_retweets:0,https://x.com/search?q=(@@TampicoGob OR @@MonicaVTampico) min_replies:0 min_faves:0 min_retweets:0 until:2025-05-12 since:2025-05-11&src=typed_query,𝐅 ᴗ͈ˬᴗ͈ෆ 🧸,https://x.com/pikappooh,pikappooh,True,2025-05-11 10:56:55+00:00,False,🌥️: Scones กินไหม? 🍓: 😳😮 me? 🍓: I have! 👈 🦊: I have I have kub! 👈 @tthomastc @kongjiro_ MAMI WITH TMK DAY2 #MAMIxThomasKongInHuahin #โทมัสก้อง #ThomasKong #tthomastc #kongjiro,1921519885735125401,https://x.com/pikappooh/status/1921519885735125401,0,151,325,4376,16,https://pbs.twimg.com/amplify_video_thumb/1921519760430223361/img/IsgNypxytnUbma8q.jpg,False,,,,,en,Top
(@@TampicoGob OR @@MonicaVTampico) min_replies:0 min_faves:0 min_retweets:0,https://x.com/search?q=(@@TampicoGob OR @@MonicaVTampico) min_replies:0 min_faves:0 min_retweets:0 until:2025-05-12 since:2025-05-11&src=typed_query,Tamara Davila,https://x.com/tamarataurina,tamarataurina,False,2025-05-11 11:23:55+00:00,False,"✨Si has adoptado, acogido, rescatado, encontrado y dado un hogar. . . Si amas, si quieres, si cuidas. . . ¡Feliz Día de las Madres! 💐 🐈‍⬛🐈🐕✨❤️",1921526679345803398,https://x.com/tamarataurina/status/1921526679345803398,7,49,325,4099,7,https://pbs.twimg.com/media/GqqiVKEWgAE_00T.jpg,False,,,,,es,Top
(@@TampicoGob OR @@MonicaVTampico) min_replies:0 min_faves:0 min_retweets:0,https://x.com/search?q=(@@TampicoGob OR @@MonicaVTampico) min_replies:0 min_faves:0 min_retweets:0 until:2025-05-12 since:2025-05-11&src=typed_query,Barbara Palacios,https://x.com/bpinspiracion,bpinspiracion,True,2025-05-11 12:29:11+00:00,False,"Inspirador y Bendecido Día de las Madres🎉para todas las mamás y abuelas preciosas que compartimos este camino de amor, bendición y FE🌹🌹 Muchísimas Felicidades 🥳 les envío un abrazo inmenso lleno de cariño y de un Universo de Bendiciones junto a sus queridas familias 😍 Doy GRACIAS a DIOS por la bendición de mis maravillosos hijos, hombres de Fe 🙌🏻Victor Tomás, Diego Alfonso y por mi preciosa princesa hija - nuera Remi ❤️❤️❤️ Hoy 11 de Mayo es también el cumpleaños de mi Novio Eterno 😍 mi esposo amado que cumple 68 maravillosos años 🎂🥳 DIOS me regaló al mejor esposó ❤️ Víctor es un estupendo padre, maravilloso hijo, hermano, amigo y el ser humano más Noble y Espectacular que DIOS me regaló como compañero de vida 🙌🏻❤️🎉🎂 TE AMO MI NOVIO ETERNO FELIZ CUMPLEAÑOS 🎉🎁🥳 DIOS TE BENDIGA INMENSAMENTE 🙌🏻❤️ #GraciasDios #Celebraciones #Hijos #Esposo #Familia #Cumpleaños #DiaDeLasMadres #NovioEterno #GraciasDiosPorTanto #Dios #Inspiration #Inspiracion #SerMejorQueAyer #BarbaraPalacios #MissUniverse #Speaker #Author #LifeCoach #InspiradoraUniversal #AtreveteASerBarbara 💖",1921543103447535679,https://x.com/bpinspiracion/status/1921543103447535679,4,46,244,4895,7,https://pbs.twimg.com/amplify_video_thumb/1921542915702013953/img/C5KQv9xXOv4Dkvom.jpg,False,,,,,es,Top
(@@TampicoGob OR @@MonicaVTampico) min_replies:0 min_faves:0 min_retweets:0,https://x.com/search?q=(@@TampicoGob OR @@MonicaVTampico) min_replies:0 min_faves:0 min_retweets:0 until:2025-05-12 since:2025-05-11&src=typed_query,Padre Tomas Agustin Beroch,https://x.com/PadreTomasB,PadreTomasB,True,2025-05-11 13:04:28+00:00,False,"Aquí en los Estados Unidos es el día de la madre. Feliz día de la Madre, en particular a la Madre de las Madres, la Santísima Virgen María. Y en segundo lugar a mi madre terrenal, Clara Lidia Tritten. Este escrito que publicaré ahora ya lo he publicado hace unos años atrás, pero creo que vale pena volver a publicarlo. MI MADRE Y SUS ENSEÑANZAS DE VIDA Todo lo que siempre necesité saber, lo aprendí de mi Madre: -Mi madre me enseñó a APRECIAR UN TRABAJO BIEN HECHO: ""Si se van a matar, háganlo afuera. Acabo de terminar de limpiar!"" -Mi madre me enseñó RELIGIÓN: ""Rezá para que esta mancha salga de la alfombra."" -Mi madre me enseñó RAZONAMIENTO: ""Porque yo lo digo, por eso... y punto!!!!"" -Mi madre me enseñó PREVISIÓN: ""Asegurate de llevar ropa interior limpia, por si tenés un accidente."" -Mi madre me enseñó IRONÍA: ""Vos seguí llorando, y vas a ver como te doy una razón para que llores de verdad."" -Mi madre me enseñó a ser AHORRATIVO: ""Guardate las lágrimas para cuando yo me muera!!!"" -Mi madre me enseñó OSMOSIS: ""Cerrá la boca y comé!!!!!"" -Mi madre me enseñó CONTORSIONISMO: ""¡Mira la suciedad que tenés en la nuca, date vuelta!"" -Mi madre me enseñó FUERZA Y VOLUNTAD: ""Te vas a quedar sentado hasta que te comas todo."" -Mi madre me enseño METEOROLOGÍA: ""Parece que ha pasado un huracán por tu cuarto."" -Mi madre me enseñó VERACIDAD: ""¡¡Te he dicho un millón de veces que no seas exagerado!!"" -Mi madre me enseñó MODIFICACIÓN DE PATRONES DEL COMPORTAMIENTO: ""Dejá de actuar como tu padre!!!!!"" -Mi madre me enseñó habilidades como VENTRILOQUIA: ""No me rezongues, callate y contestame: ¿por qué lo hiciste?"" -Mi madre me enseñó LENGUAJE ENCRIPTADO ""No me, no me.... que te, que te..."" -Mi madre me enseñó técnicas de ODONTOLOGÍA: ""Me volvés a contestar y te estampo los dientes contra la pared!!!"" -Mi madre me enseñó GEOGRAFÍA: ""¡Como sigan así los voy a mandar uno a Jujuy y al otro a La Antártida!"" -Mi madre me enseñó BIOLOGÍA: ""¡Tenés menos cerebro que un mosquito!"" -Mi madre me enseñó LÓGICA: ""Mamá, ¿qué hay de comer?"""" ¡COMIDA!"" -Mi madre me enseñó RECTITUD: ""Te voy a enderezar de un tortazo!!!"" ¡¡¡GRACIAS MAMA!!!.... Madre hay una sola.... LA IMAGEN DE MAMÁ A los 4 años: ""¡Mi mamá puede hacer cualquier cosa!"" A los 8 años: ""¡Mi mamá sabe mucho! ¡Muchísimo!"" A los 12 años: ""Mi mamá realmente no lo sabe todo...."" A los 14 años: ""Naturalmente, mi madre no tiene ni idea sobre esto"" A los 16 años: ""¿Mi madre? ¡Pero qué sabrá ella!"" A los 18 años: ""¿Esa vieja? ¡Pero si se crió con los dinosaurios!"" A los 25 años: ""Bueno, puede que mamá sepa algo del tema..."" A los 35 años: ""Antes de decidir, me gustaría saber la opinión de mamá."" A los 45 años: ""Seguro que mi madre me puede orientar"" A los 55 años: ""Qué hubiera hecho mi madre en mi lugar?"" A los 65 años: ""¡Ojalá pudiera hablar de esto con mi mamá!"" Feliz día de la Madre a la Madre de Dios y a todas las madres.",1921551984294785351,https://x.com/PadreTomasB/status/1921551984294785351,10,58,400,11971,11,https://pbs.twimg.com/media/Gqq5LaGWwAEDiuL.jpg;https://pbs.twimg.com/media/Gqq5NVVWsAAODYv.jpg,False,,,,,es,Top
(@@TampicoGob OR @@MonicaVTampico) min_replies:0 min_faves:0 min_retweets:0,https://x.com/search?q=(@@TampicoGob OR @@MonicaVTampico) min_replies:0 min_faves:0 min_retweets:0 until:2025-05-12 since:2025-05-11&src=typed_query,Enrique Tarrio,https://x.com/NobleOne,NobleOne,True,2025-05-11 14:56:49+00:00,False,"This #MothersDay, I’m giving a massive shoutout to my mom @ZunyTarrio , the most dedicated, incredible mom to ever walk this planet. She’s a straight up warrior, the kind of woman who never backs down, no matter how tough things get. When I was locked up, going through the darkest, most soul crushing time of my life, she was my rock, my best friend, my light in that hell. She fought for me like nobody else could, advocating for me with a fire that never quit. Every letter, every visit, every moment she spent believing in me kept me going when I thought I’d break. No other mom comes close to her. She’s the one who stood strong, protected me, loved me through every single storm. She didn’t just hold me up…she carried me. Showing me what real strength looks like. She’s the fiercest, most loving woman I know, the one who taught me to keep pushing no matter what. My mom’s not just my hero…she’s my everything. This #MothersDay, I’m proud as hell to tell the world about her. Here’s to the woman who never gave up on me, the greatest mom alive. Love you always, Mom! I was trying to get a picture with her when this guy just came and photobombed us. How RUDE!",1921580257066287175,https://x.com/NobleOne/status/1921580257066287175,273,403,3372,217453,69,https://pbs.twimg.com/media/GqrTDy_WEAAUc5y.jpg,False,,,,,en,Top
(@@TampicoGob OR @@MonicaVTampico) min_replies:0 min_faves:0 min_retweets:0,https://x.com/search?q=(@@TampicoGob OR @@MonicaVTampico) min_replies:0 min_faves:0 min_retweets:0 until:2025-05-12 since:2025-05-11&src=typed_query,Con el Mazo Dando,https://x.com/ConElMazoDando,ConElMazoDando,True,2025-05-11 15:03:14+00:00,False,Para mamá siempre lo mejor ❤️ Feliz día de las madres #MaduroYPutinPorLaPaz,1921581873743987113,https://x.com/ConElMazoDando/status/1921581873743987113,30,153,248,6848,6,https://pbs.twimg.com/amplify_video_thumb/1921581612049002496/img/PGetXUimpdTQ7xfz.jpg,False,,,,,es,Top
(@@TampicoGob OR @@MonicaVTampico) min_replies:0 min_faves:0 min_retweets:0,https://x.com/search?q=(@@TampicoGob OR @@MonicaVTampico) min_replies:0 min_faves:0 min_retweets:0 until:2025-05-12 since:2025-05-11&src=typed_query,José Díaz,https://x.com/JJDiazMachuca,JJDiazMachuca,True,2025-05-11 15:36:25+00:00,False,Los echaron fuera del paraíso neoliberal 🤭 El gobierno de Estados Unidos revocó la visa de la gobernadora @MarinadelPilar de @PartidoMorenaMx y de su esposo Carlos Torres Torres. Ahora tendrán que dar cuentas de sus propiedades en EU y del nacimiento ilegal de su hijo. ¿Qué opina @GustavoMacalpin ? Gustavo Macalpin fue despedido poco después de criticar a Carlos Alberto Torres Torres.,1921590225945399444,https://x.com/JJDiazMachuca/status/1921590225945399444,62,428,1116,77597,48,https://pbs.twimg.com/amplify_video_thumb/1921589794708099072/img/0OeQyvsrA7xCKqO0.jpg;https://pbs.twimg.com/media/GqrbvL2WUAIeZmc.jpg;https://pbs.twimg.com/media/GqrbvKpXIAAu6hl.jpg,False,,,,,es,Top
(@@TampicoGob OR @@MonicaVTampico) min_replies:0 min_faves:0 min_retweets:0,https://x.com/search?q=(@@TampicoGob OR @@MonicaVTampico) min_replies:0 min_faves:0 min_retweets:0 until:2025-05-12 since:2025-05-11&src=typed_query,Grupo Fórmula,https://x.com/Radio_Formula,Radio_Formula,True,2025-05-11 15:59:07+00:00,False,"Detienen a agente del Ministerio Público especializada en secuestros de la Fiscalía de Tamaulipas, que intentaba cruzar más de 184 mil dólares de México a Estados Unidos. Martha Olivia López, analiza este caso. #FórmulaNoticias con Juan Becerra Acosta (@juanbaaq).",1921595938264514615,https://x.com/Radio_Formula/status/1921595938264514615,62,699,1260,54717,40,https://pbs.twimg.com/amplify_video_thumb/1921589037388750848/img/ti7SfkRudvQBdYjY.jpg,False,,,,,es,Top
(@@TampicoGob OR @@MonicaVTampico) min_replies:0 min_faves:0 min_retweets:0,https://x.com/search?q=(@@TampicoGob OR @@MonicaVTampico) min_replies:0 min_faves:0 min_retweets:0 until:2025-05-12 since:2025-05-11&src=typed_query,Elena Chávez,https://x.com/luzelenachavez8,luzelenachavez8,True,2025-05-11 17:24:37+00:00,False,"No, no es normal que el gobierno de @realDonaldTrump les haya quitado la visa a @MarinadelPilar y a su esposo, Carlos Torres, lo cierto es que la carpeta de investigación de la DEA en su contra, ha aumentado porque se tienen indicios de que en cerezo de Tecate, El Hongo, se produce fentanilo. Así que eso de que ""tenemos la conciencia tranquila"" es más para curarse en salud y engañar a los bajacalifornianos de que su gobernadora tiene las alas blancas. Sería bueno que los agentes de la DEA, hablen con familiares de los internos en esa cárcel de máxima seguridad, porque han denunciado que usan el fentanilo con sus padres y hermanos para experimentar su potencia.",1921617453559218680,https://x.com/luzelenachavez8/status/1921617453559218680,185,2168,4268,129316,94,https://pbs.twimg.com/media/Gqr05AsXQAEhRns.jpg,False,,,,,es,Top
(@@TampicoGob OR @@MonicaVTampico) min_replies:0 min_faves:0 min_retweets:0,https://x.com/search?q=(@@TampicoGob OR @@MonicaVTampico) min_replies:0 min_faves:0 min_retweets:0 until:2025-05-12 since:2025-05-11&src=typed_query,Monse 🌱 ໑̣,https://x.com/vodkaskys,vodkaskys,False,2025-05-11 17:40:38+00:00,False,EL AMOR DE MI VIDA. NADIE TE AMA MÁS QUE YO AMOR,1921621483937210482,https://x.com/vodkaskys/status/1921621483937210482,3,75,468,4539,13,https://pbs.twimg.com/media/Gqr4jjJXEAA_Xac.jpg,False,,,,,es,Top
(@@TampicoGob OR @@MonicaVTampico) min_replies:0 min_faves:0 min_retweets:0,https://x.com/search?q=(@@TampicoGob OR @@MonicaVTampico) min_replies:0 min_faves:0 min_retweets:0 until:2025-05-12 since:2025-05-11&src=typed_query,Daniel Quintero 🇨🇴,https://x.com/QuinteroCalle,QuinteroCalle,True,2025-05-11 17:53:22+00:00,False,Hace 30 años celebro el día de la madre sin la mía. Ella se fue cuando cuando tenía 14 años y mi vida nunca fue la misma. Gracias mamá por ese computador que me cambió la vida. Gracias mamá por acostarme cada noche recordándome que no había imposibles. Gracias Dios por su vida aunque fue corta al lado de la mía. Gracias Dios por darme una esposa y una madre para mis hijas. Feliz día a todas las mamás y a quienes aún las tienen. Cuídenlas y Disfrútenlas!,1921624687492079738,https://x.com/QuinteroCalle/status/1921624687492079738,276,548,2311,63283,11,https://pbs.twimg.com/media/Gqr7drQWgAEM-Ba.jpg;https://pbs.twimg.com/media/Gqr7drQWcAARQS4.jpg;https://pbs.twimg.com/media/Gqr7drPWkAAGBlA.jpg,False,,,,,es,Top
(@@TampicoGob OR @@MonicaVTampico) min_replies:0 min_faves:0 min_retweets:0,https://x.com/search?q=(@@TampicoGob OR @@MonicaVTampico) min_replies:0 min_faves:0 min_retweets:0 until:2025-05-12 since:2025-05-11&src=typed_query,MOBBING & ALTERIDAD 🇻🇪✨ | Verdad y Justicia ✊🌿,https://x.com/MobingAlteridad,MobingAlteridad,False,2025-05-11 18:02:15+00:00,False,"@MariaCorinaYA Querida María Corina, en este día tan especial celebro contigo, con todas las madres venezolanas y con las valientes mujeres que forman parte de tu equipo, ese amor inmenso que trasciende cualquier distancia o dificultad. Felicito con todo el corazón a tu mami, ejemplo de 🔻",1921626923991548156,https://x.com/MobingAlteridad/status/1921626923991548156,4,61,297,4461,3,https://pbs.twimg.com/media/Gqr9gQdXYAAqZbP.jpg,True,MariaCorinaYA,https://x.com/MariaCorinaYA,María Corina Machado,MariaCorinaYA,es,Top
(@@TampicoGob OR @@MonicaVTampico) min_replies:0 min_faves:0 min_retweets:0,https://x.com/search?q=(@@TampicoGob OR @@MonicaVTampico) min_replies:0 min_faves:0 min_retweets:0 until:2025-05-12 since:2025-05-11&src=typed_query,Daniel Samper Ospina,https://x.com/DanielSamperO,DanielSamperO,True,2025-05-11 18:05:52+00:00,False,No me cabe duda de que tuve la mejor mamá del mundo y en días como hoy (como en todos los días) su memoria ocupa un espacio tan grande como el que dejó en mi corazón. Feliz día de la madre para todas.,1921627833656344588,https://x.com/DanielSamperO/status/1921627833656344588,32,33,598,20815,5,https://pbs.twimg.com/media/Gqr-Up1WsAA9f8b.jpg;https://pbs.twimg.com/media/Gqr-Up0XwAAb88A.jpg,False,,,,,es,Top
(@@TampicoGob OR @@MonicaVTampico) min_replies:0 min_faves:0 min_retweets:0,https://x.com/search?q=(@@TampicoGob OR @@MonicaVTampico) min_replies:0 min_faves:0 min_retweets:0 until:2025-05-12 since:2025-05-11&src=typed_query,Gustavo Macalpin,https://x.com/GustavoMacalpin,GustavoMacalpin,False,2025-05-11 18:12:16+00:00,False,ESTADOS UNIDOS le quita la VISA a Gobernadora de MORENA.,1921629447075065915,https://x.com/GustavoMacalpin/status/1921629447075065915,313,3336,12591,392171,431,https://pbs.twimg.com/amplify_video_thumb/1921628899844517888/img/aG6ArJKJka_WlN0g.jpg,False,,,,,es,Top
(@@TampicoGob OR @@MonicaVTampico) min_replies:0 min_faves:0 min_retweets:0,https://x.com/search?q=(@@TampicoGob OR @@MonicaVTampico) min_replies:0 min_faves:0 min_retweets:0 until:2025-05-12 since:2025-05-11&src=typed_query,Sir M,https://x.com/ChairosY,ChairosY,True,2025-05-11 18:58:29+00:00,False,"No me van a creer quién es la Presidenta de la CONARCO, digo, la CONAGO (Conferencia Nacional de Gobernadores). Les dije que no me lo iban a creer...",1921641074151301139,https://x.com/ChairosY/status/1921641074151301139,12,246,420,6869,10,https://pbs.twimg.com/media/GqsKX30XoAET2kN.jpg;https://pbs.twimg.com/media/GqsKXxpXcAAtuZz.jpg;https://pbs.twimg.com/media/GqsKXyoWUAAxXno.jpg;https://pbs.twimg.com/media/GqsKXvYWsAAvTvg.jpg,False,,,,,es,Top
(@@TampicoGob OR @@MonicaVTampico) min_replies:0 min_faves:0 min_retweets:0,https://x.com/search?q=(@@TampicoGob OR @@MonicaVTampico) min_replies:0 min_faves:0 min_retweets:0 until:2025-05-12 since:2025-05-11&src=typed_query,Tania,https://x.com/latiamorticia,latiamorticia,False,2025-05-11 20:03:46+00:00,False,@RocioInfantesb por favor solo UN problema honesto te pido y aparte que uses bien la cabeza porque los HOMBRES TRANS existen y tiene ✨️ÚTERO✨️,1921657505345577076,https://x.com/latiamorticia/status/1921657505345577076,26,40,720,31613,10,https://pbs.twimg.com/media/GqsZUURXcAA3RNW.jpg,True,RocioInfantesb,https://x.com/RocioInfantesb,Rocío Infante,RocioInfantesb,es,Top
(@@TampicoGob OR @@MonicaVTampico) min_replies:0 min_faves:0 min_retweets:0,https://x.com/search?q=(@@TampicoGob OR @@MonicaVTampico) min_replies:0 min_faves:0 min_retweets:0 until:2025-05-12 since:2025-05-11&src=typed_query,Monroy,https://x.com/ClvMonroy,ClvMonroy,False,2025-05-11 20:53:01+00:00,False,"@JJDiazMachuca @MarinadelPilar @PabloGomez1968 Obvio que Pablo Gómez se hace el occiso. Ahh, por eso les revocaron las visas, ay caray y si tienen otro hijo 🤔 ya no podría nacer en un hospital de EU.. Juntos están haciendo historia de amor y fidelidad con el narco.",1921669897873916171,https://x.com/ClvMonroy/status/1921669897873916171,3,165,524,5541,2,https://pbs.twimg.com/media/Gqsklq4WgAArqHI.jpg,True,JJDiazMachuca,https://x.com/JJDiazMachuca,José Díaz,JJDiazMachuca,es,Top
(@@TampicoGob OR @@MonicaVTampico) min_replies:0 min_faves:0 min_retweets:0,https://x.com/search?q=(@@TampicoGob OR @@MonicaVTampico) min_replies:0 min_faves:0 min_retweets:0 until:2025-05-12 since:2025-05-11&src=typed_query,Tuqui.D.Flamingo🇮🇨,https://x.com/d_tuqui,d_tuqui,False,2025-05-11 21:55:11+00:00,False,She is love 💖💖 Happy Mother’s Day!!! 🌷🌷 #donquixoteFamily #donquixotedoflamingo #Donquixoterosinante #momquixote,1921685542254583901,https://x.com/d_tuqui/status/1921685542254583901,3,58,370,4548,25,https://pbs.twimg.com/media/Gqsyz9sXMAAuihs.jpg,False,,,,,en,Top
(@@TampicoGob OR @@MonicaVTampico) min_replies:0 min_faves:0 min_retweets:0,https://x.com/search?q=(@@TampicoGob OR @@MonicaVTampico) min_replies:0 min_faves:0 min_retweets:0 until:2025-05-12 since:2025-05-11&src=typed_query,Antonio Moreno,https://x.com/Antonio1Moreno,Antonio1Moreno,True,2025-05-11 22:10:14+00:00,False,"Ella es la madre de la ""Maravilla de Consejero"", la madre del mejor consejo, del Camino, de la Verdad, de la Vida.",1921689332177420667,https://x.com/Antonio1Moreno/status/1921689332177420667,1,24,317,9708,7,,True,Antonio1Moreno,https://x.com/Antonio1Moreno,,Antonio1Moreno,es,Top
(@@TampicoGob OR @@MonicaVTampico) min_replies:0 min_faves:0 min_retweets:0,https://x.com/search?q=(@@TampicoGob OR @@MonicaVTampico) min_replies:0 min_faves:0 min_retweets:0 until:2025-05-12 since:2025-05-11&src=typed_query,Literal México,https://x.com/literalmexico,literalmexico,True,2025-05-11 22:22:06+00:00,False,El ex gobernador de BC Jaime Bonilla (Morena) acusa a la gobernadora Marina del Pilar Ávila de colusión con el crimen organizado Este sábado la gobernadora de Morena publicó que el gobierno de Estados Unidos le quitó la visa junto con su esposo Semanas antes Donald Trump amenazó con revocar visas a funcionarios que no colaboren en el combate al crimen organizado,1921692318161322258,https://x.com/literalmexico/status/1921692318161322258,22,372,583,30116,21,https://pbs.twimg.com/amplify_video_thumb/1921691067214127104/img/xwOqFaG9CRTGwEnL.jpg,False,,,,,es,Top
(@@TampicoGob OR @@MonicaVTampico) min_replies:0 min_faves:0 min_retweets:0,https://x.com/search?q=(@@TampicoGob OR @@MonicaVTampico) min_replies:0 min_faves:0 min_retweets:0 until:2025-05-12 since:2025-05-11&src=typed_query,§🇵🇦Mazi🇵🇦§,https://x.com/maziwest07,maziwest07,False,2025-05-11 22:39:21+00:00,False,Y En Panamá tampoco copiamos de nada ni nos comemos el cuento de VICTIMA sea seria y organizece!!! #FueraKarina #FueraKarinaGarcia #LaCasaDeLosFamosos #LaCasaDeLosFamososCol2 🇵🇦🇵🇦🇵🇦🇵🇦🇵🇦 #PandillaGate #PandillaFirme,1921696657839734937,https://x.com/maziwest07/status/1921696657839734937,58,120,883,27481,2,https://pbs.twimg.com/media/Gqs82VTXwAAuk15.jpg,False,,,,,es,Top
(@@TampicoGob OR @@MonicaVTampico) min_replies:0 min_faves:0 min_retweets:0,https://x.com/search?q=(@@TampicoGob OR @@MonicaVTampico) min_replies:0 min_faves:0 min_retweets:0 until:2025-05-12 since:2025-05-11&src=typed_query,Mon Laferte,https://x.com/monlaferte,monlaferte,True,2025-05-11 23:24:52+00:00,False,Que bueno revolcarnos en el día de la mamá!!! https://open.spotify.com/track/6A4bRnkCUD8DzcV3z2aHtn?si=2b5Df9U1Sy2hJW6R-9xFxg,1921708112928526711,https://x.com/monlaferte/status/1921708112928526711,50,210,1679,36408,26,,False,,,,,es,Top
(@@TampicoGob OR @@MonicaVTampico) min_replies:0 min_faves:0 min_retweets:0,https://x.com/search?q=(@@TampicoGob OR @@MonicaVTampico) min_replies:0 min_faves:0 min_retweets:0 until:2025-05-13 since:2025-05-12&src=typed_query,Jesús Tovar,https://x.com/jesus_tovar_,jesus_tovar_,False,2025-05-12 22:14:02+00:00,False,Un error construir un segundo piso en la avenida Hidalgo @MonicaVTampico @Dr_AVillarreal es infinitamente más barato modernizar el transporte público para incentivar su uso en todos los sectores de la población y aplicar el programa urbano de Hoy no circula. #Tampico,1922052674964345157,https://x.com/jesus_tovar_/status/1922052674964345157,1,0,1,94,0,,False,,,,,es,Top
(@@TampicoGob OR @@MonicaVTampico) min_replies:0 min_faves:0 min_retweets:0,https://x.com/search?q=(@@TampicoGob OR @@MonicaVTampico) min_replies:0 min_faves:0 min_retweets:0 until:2025-05-13 since:2025-05-12&src=typed_query,Roberto Randu,https://x.com/robertsranduks,robertsranduks,False,2025-05-12 22:21:23+00:00,False,@MonicaVTampico con razón t ganastes a pulso el mote d #Vtibias mientras chingo d Panistas q estuvieron en tu contra como esa persona sigan en nómina cobrando muchos Morenistas Fundadores q t apoyaron siguen esperando una oportunidad #Tampico @PartidoMorenaMx atte el #Español,1922054526715957309,https://x.com/robertsranduks/status/1922054526715957309,0,0,0,26,0,https://pbs.twimg.com/media/GqyCZ8QbAAAgdOY.jpg,True,MonicaVTampico,https://x.com/MonicaVTampico,Mónica Villarreal Anaya,MonicaVTampico,es,Top
(@@TampicoGob OR @@MonicaVTampico) min_replies:0 min_faves:0 min_retweets:0,https://x.com/search?q=(@@TampicoGob OR @@MonicaVTampico) min_replies:0 min_faves:0 min_retweets:0 until:2025-05-13 since:2025-05-12&src=typed_query,Roberto Randu,https://x.com/robertsranduks,robertsranduks,False,2025-05-12 22:24:23+00:00,False,"@adanmartinezt @chazarordz @papapirupo @MagdaDe86897296 @IsraelTC @MaraVil88466996 @GildoGarzaMx @chairont @Tamaulipequero1 @lamerapaipa12 @MennyValdz @dect1608 @El_Compa_Marco @cancerbero56 @DavidIz35122319 @Lic_IsmaelPena @RedRojaMx @le_maestre @XXequera94239 @nombre_33 @carlosctm53 @TraidoresConAVA @HumbertoLa83739 @AlemanPatto @jRomanmtz @alejand48315716 @edizl @rigobertoher @DemisSantanas @JavierMotaV @AssadCony2023 @AsEs69528706 @ZR2_4x4 @Dulcesoledadd @cpflores66 @CambioPress @MejorcdVictoria @luciaaimecp @Mailito_Dice @Fernand56379018 @Carmenliliacrv @fgcabezadevaca @ramonalberto @CodigoMagentaMx @JLozanoA @AtypicalTeve @EdyPintor Pos que podemos esperar de los ""Virreyes Tibios de la Nueva Santander"" #Htibios y #Vtibias ... De Vd tan pa llorar... Y por citar en #Tampico los panistas bien fincados en nómina y los Morenistas Fundadores @PartidoMorenaMx aún esperarando un oportunidad @MonicaVTampico",1922055278184251861,https://x.com/robertsranduks/status/1922055278184251861,1,0,1,89,0,https://pbs.twimg.com/media/GqyDFtEXoAEC6lk.jpg,True,adanmartinezt,https://x.com/adanmartinezt,Numeralia Mx ☘️,adanmartinezt,es,Top
(@@TampicoGob OR @@MonicaVTampico) min_replies:0 min_faves:0 min_retweets:0,https://x.com/search?q=(@@TampicoGob OR @@MonicaVTampico) min_replies:0 min_faves:0 min_retweets:0 until:2025-05-13 since:2025-05-12&src=typed_query,jais_saltillo,https://x.com/jais_saltillo,jais_saltillo,False,2025-05-12 22:30:47+00:00,False,@jesus_tovar_ @MonicaVTampico @Dr_AVillarreal El futuro es hoy viejo,1922056890017562784,https://x.com/jais_saltillo/status/1922056890017562784,1,0,0,34,0,,True,jesus_tovar_,https://x.com/jesus_tovar_,Jesús Tovar,jesus_tovar_,es,Top
(@@TampicoGob OR @@MonicaVTampico) min_replies:0 min_faves:0 min_retweets:0,https://x.com/search?q=(@@TampicoGob OR @@MonicaVTampico) min_replies:0 min_faves:0 min_retweets:0 until:2025-05-13 since:2025-05-12&src=typed_query,Jesús Tovar,https://x.com/jesus_tovar_,jesus_tovar_,False,2025-05-12 22:32:42+00:00,False,"@jais_saltillo @MonicaVTampico @Dr_AVillarreal En la educación vial y la consciencia ecológica de la gente se encuentra el futuro, no en un segundo piso.",1922057374807810485,https://x.com/jesus_tovar_/status/1922057374807810485,0,0,0,34,0,,True,jais_saltillo,https://x.com/jais_saltillo,jais_saltillo,jais_saltillo,es,Top
(@@TampicoGob OR @@MonicaVTampico) min_replies:0 min_faves:0 min_retweets:0,https://x.com/search?q=(@@TampicoGob OR @@MonicaVTampico) min_replies:0 min_faves:0 min_retweets:0 until:2025-05-14 since:2025-05-13&src=typed_query,Tampicosos 🌶️🔥,https://x.com/TampicososTV,TampicososTV,False,2025-05-13 02:15:25+00:00,False,A alguien nada inteligente de Obras Públicas del @TampicoGob se le ocurrió colocar topes en una vía rápida como el Paso Deprimido San Pedro.. .,1922113420955881849,https://x.com/TampicososTV/status/1922113420955881849,0,0,1,289,0,https://pbs.twimg.com/tweet_video_thumb/Gqy390aXsAA-Jk3.jpg,False,,,,,es,Top
