ïŧŋ"path";"id";"parent_id";"level";"object_id";"object_type";"object_key";"query_status";"query_time";"query_type";"message";"created_time";"like_count";"comment_count";"error.message"
"964877296876825_1187239946299231/964877296876825_1175143234175569";"56";"1";"1";"964877296876825_1175143234175569";"data";"data.*";"fetched (200)";"2025-11-14 08:10:57.553463";"Facebook:/<page-id>/posts";"Tuve el honor de acompaïŋ―ar al Gobernador de Tamaulipas, Dr. Amïŋ―rico Villarreal, en la Ceremonia Cïŋ―vica de Honores a la Bandera realizada en las instalaciones de Comapa Sur. Este evento fue un recordatorio del compromiso y la labor incansable de un gobierno humanista que, durante la reciente crisis hïŋ―drica, trabajïŋ― sin descanso para atender y controlar la emergencia que afectïŋ― a nuestra regiïŋ―n.  En este marco, fui testigo de la develaciïŋ―n de una placa conmemorativa que reconoce al Gobernador por su liderazgo y visiïŋ―n en materia hïŋ―drica, un merecido homenaje a quien supo estar al frente de una de las mayores crisis en la historia del sur de Tamaulipas.  El agradecimiento expresado por habitantes de Tampico, Madero y Altamira durante la ceremonia fue profundamente emotivo. Este reconocimiento pïŋ―blico refleja el impacto del trabajo conjunto entre el gobierno estatal y la sociedad organizada, asïŋ― como la solidaridad que nos permitiïŋ― superar este desafïŋ―o histïŋ―rico.  Como presidenta municipal de Tampico, me llena de orgullo ser parte de un gobierno que prioriza el bienestar de las familias tamaulipecas, trabajando en unidad para que, ante las adversidades, no solo resistamos, sino que salgamos adelante mïŋ―s fuertes y unidos.  #TampicoVaConTodos #TampicoTeCuida";"1/14/25 18:47";"";"";""
"964877296876825_1187239946299231/964877296876825_1175143234175569/964877296876825_1175143234175569";"1145";"56";"2";"964877296876825_1175143234175569";"data";"data.*";"fetched (200)";"2025-11-14 08:11:57.402336";"Facebook:/<post-id>/comments";"EXCELENTE LIC MONICA  MUY FRUCTïŋ―FERA LA VISTA DE NUESTRO GOBERNADOR PARA TAMPICO Y EL SUR DE TAMAULIPAS.";"1/14/25 19:13";"";"";""
"monicavtampico/964877296876825_1175143234175569/964877296876825_1175143234175569";"1145";"56";"2";"964877296876825_1175143234175569";"data";"data.*";"fetched (200)";"2025-11-14 08:11:57.402336";"Facebook:/<post-id>/comments";"EXCELENTE LIC MONICA  MUY FRUCTïŋ―FERA LA VISTA DE NUESTRO GOBERNADOR PARA TAMPICO Y EL SUR DE TAMAULIPAS.";"1/14/25 19:13";"";"";""
"964877296876825_1187239946299231/964877296876825_1176619690694590";"49";"1";"1";"964877296876825_1176619690694590";"data";"data.*";"fetched (200)";"2025-11-14 08:10:57.553463";"Facebook:/<page-id>/posts";"Continuando en el Primer Encuentro Nacional Municipal convocado por nuestra Presidenta de la Repïŋ―blica, Dra. Claudia Sheinbaum Pardo, tuve el honor de saludar a mis homïŋ―logos tamaulipecos, especialmente de la zona sur del estado: de Aldama Marïŋ―a Noemïŋ― Sosa Villarreal, Patty Chio de El Mante, de Gonzïŋ―lez Miguel Alejandro Zuïŋ―iga Rodrïŋ―guez, Erasmo Gonzïŋ―lez Robledo de Madero, y Armando Martïŋ―nez Manrïŋ―quez de Altamira.  Estamos comprometidos a sumar esfuerzos en temas clave como el abasto de agua, seguridad y desarrollo social, siempre con la visiïŋ―n humanista que compartimos con nuestro Gobernador, Dr. Amïŋ―rico Villarreal Anaya, y la Presidenta Claudia Sheinbaum Pardo  ïŋ―Sigamos trabajando juntos por el bienestar de nuestra gente y el progreso de Mïŋ―xico!  #TampicoVaConTodos #PrimerEncuentroNacional";"1/16/25 22:52";"";"";""
"964877296876825_1187239946299231/964877296876825_1176619690694590/964877296876825_1176619690694590";"1071";"49";"2";"964877296876825_1176619690694590";"data";"data.*";"fetched (200)";"2025-11-14 08:11:54.394693";"Facebook:/<post-id>/comments";"";"1/16/25 22:57";"";"";""
"monicavtampico/964877296876825_1176619690694590/964877296876825_1176619690694590";"1071";"49";"2";"964877296876825_1176619690694590";"data";"data.*";"fetched (200)";"2025-11-14 08:11:54.394693";"Facebook:/<post-id>/comments";"";"1/16/25 22:57";"";"";""
"964877296876825_1187239946299231/964877296876825_1179195377103688";"37";"1";"1";"964877296876825_1179195377103688";"data";"data.*";"fetched (200)";"2025-11-14 08:10:57.553463";"Facebook:/<page-id>/posts";"Felicito por su cumpleaïŋ―os, con mucho cariïŋ―o a ïŋ―rsula Patricia Salazar Mojica, una mujer comprometida con su labor por nuestro estado. Deseo que este nuevo aïŋ―o de vida estïŋ― lleno de ïŋ―xito, salud y grandes momentos rodeada de tus seres queridos.   ïŋ―Felicidades, querida amiga y diputada! Que sigas trabajando con la misma pasiïŋ―n por el bienestar de nuestra gente. Un abrazo fuerte.";"1/20/25 15:18";"";"";""
"964877296876825_1187239946299231/964877296876825_1179195377103688/964877296876825_1179195377103688";"906";"37";"2";"964877296876825_1179195377103688";"data";"data.*";"fetched (200)";"2025-11-14 08:11:48.854098";"Facebook:/<post-id>/comments";"Felicidades!!!!!";"1/20/25 15:19";"";"";""
"monicavtampico/964877296876825_1179195377103688/964877296876825_1179195377103688";"906";"37";"2";"964877296876825_1179195377103688";"data";"data.*";"fetched (200)";"2025-11-14 08:11:48.854098";"Facebook:/<post-id>/comments";"Felicidades!!!!!";"1/20/25 15:19";"";"";""
"964877296876825_1187239946299231/964877296876825_1175449614144931";"53";"1";"1";"964877296876825_1175449614144931";"data";"data.*";"fetched (200)";"2025-11-14 08:10:57.553463";"Facebook:/<page-id>/posts";"Quiero felicitar a mi compaïŋ―ero y amigo, Erasmo Gonzïŋ―lez Robledo, Presidente Municipal de Ciudad Madero, por la presentaciïŋ―n de su informe de los primeros 100 dïŋ―as de gobierno.  Reconozco el esfuerzo y compromiso que has demostrado al trabajar por el bienestar de los maderenses. Es un orgullo compartir contigo la visiïŋ―n de construir una regiïŋ―n sur de Tamaulipas mïŋ―s fuerte y unida. Estoy segura de que estos logros son solo el comienzo de un gran trabajo en beneficio de tu municipio.  ïŋ―Enhorabuena y que sigan los ïŋ―xitos!";"1/15/25 6:17";"";"";""
"964877296876825_1187239946299231/964877296876825_1175449614144931/964877296876825_1175449614144931";"1112";"53";"2";"964877296876825_1175449614144931";"data";"data.*";"fetched (200)";"2025-11-14 08:11:56.131790";"Facebook:/<post-id>/comments";"";"1/15/25 6:47";"";"";""
"monicavtampico/964877296876825_1175449614144931/964877296876825_1175449614144931";"1112";"53";"2";"964877296876825_1175449614144931";"data";"data.*";"fetched (200)";"2025-11-14 08:11:56.131790";"Facebook:/<post-id>/comments";"";"1/15/25 6:47";"";"";""
"964877296876825_1187239946299231/964877296876825_1175919727431253";"52";"1";"1";"964877296876825_1175919727431253";"data";"data.*";"fetched (200)";"2025-11-14 08:10:57.553463";"Facebook:/<page-id>/posts";"Me reunïŋ― con ïŋ―lvaro de la Torre y Marco Roel Martïŋ―n del Campo, representantes del equipo de fïŋ―tbol de la Jaiba Brava,  y conversamos sobre proyectos que fortalezcan el deporte en nuestra ciudad y el impacto positivo que tiene en la vida de nuestras familias tampiqueïŋ―as. Estoy convencida de que trabajando juntos lograremos grandes cosas para nuestra comunidad, impulsando el deporte y los sueïŋ―os de nuestros jïŋ―venes.   #TampicoVaConTodos";"1/15/25 22:46";"";"";""
"964877296876825_1187239946299231/964877296876825_1175919727431253/964877296876825_1175919727431253";"1107";"52";"2";"964877296876825_1175919727431253";"data";"data.*";"fetched (200)";"2025-11-14 08:11:55.674787";"Facebook:/<post-id>/comments";"ExcelenteOOO";"1/15/25 22:47";"";"";""
"monicavtampico/964877296876825_1175919727431253/964877296876825_1175919727431253";"1107";"52";"2";"964877296876825_1175919727431253";"data";"data.*";"fetched (200)";"2025-11-14 08:11:55.674787";"Facebook:/<post-id>/comments";"ExcelenteOOO";"1/15/25 22:47";"";"";""
"964877296876825_1187239946299231/964877296876825_1177474537275772";"42";"1";"1";"964877296876825_1177474537275772";"data";"data.*";"fetched (200)";"2025-11-14 08:10:57.553463";"Facebook:/<page-id>/posts";"Hoy estuve en el Concierto Aïŋ―o Nuevo, ofrecido magistralmente por la Orquesta Sinfïŋ―nica de la UAT, estando como solista invitada la soprano Iliana Jimïŋ―nez, celebrando al cïŋ―lebre compositor austriaco Johann Strauss, el maestro del vals. La cultura es prioridad en Tampico y asïŋ― seguiremos impulsando estos eventos de calidad en el mejor recinto como lo es el teatro METRO Tam .";"1/18/25 4:36";"";"";""
"964877296876825_1187239946299231/964877296876825_1177474537275772/964877296876825_1177474537275772";"981";"42";"2";"964877296876825_1177474537275772";"data";"data.*";"fetched (200)";"2025-11-14 08:11:50.878252";"Facebook:/<post-id>/comments";"";"1/18/25 4:50";"";"";""
"monicavtampico/964877296876825_1177474537275772/964877296876825_1177474537275772";"981";"42";"2";"964877296876825_1177474537275772";"data";"data.*";"fetched (200)";"2025-11-14 08:11:50.878252";"Facebook:/<post-id>/comments";"";"1/18/25 4:50";"";"";""
"964877296876825_1187239946299231/474462132406835_122132404442546197";"153";"2";"1";"474462132406835_122132404442546197";"data";"data.*";"fetched (200)";"2025-11-14 08:11:01.131208";"Facebook:/<page-id>/posts";"ïŋ― ïŋ―Celebremos juntos el Dïŋ―a Internacional del Mariachi! ïŋ―(  Acompïŋ―ïŋ―anos este domingo en el Teatro Metropolitano para vivir el 3er. Encuentro del Mariachi, un evento lleno de tradiciïŋ―n, mïŋ―sica y talento.   ïŋ― Domingo 19 de enero, 8:00 PM ïŋ― Costo del boleto: $200 MXN ïŋ― Lugar: METRO Tam https://maps.app.goo.gl/ssFQD7vPhMo775Qc9  Disfruta de la magia de agrupaciones como el Mariachi Santa Cecilia, ïŋ―ngeles de la Huasteca y muchas mïŋ―s. Una noche inolvidable que enaltece nuestras raïŋ―ces mexicanas. :ïŋ―  ïŋ― Adquiere tus boletos en puntos de venta o en www.showbizticket.com. ïŋ―No te quedes fuera!  #Dïŋ―aInternacionalDelMariachi #CulturaParaTodos #Mïŋ―sicaMexicana";"1/17/25 14:00";"";"";""
"964877296876825_1187239946299231/474462132406835_122132404442546197/474462132406835_122132404442546197";"1889";"153";"2";"474462132406835_122132404442546197";"data";"data.*";"fetched (200)";"2025-11-14 08:12:38.049838";"Facebook:/<post-id>/comments";"Oïŋ―Lïŋ―";"1/17/25 15:59";"";"";""
"TampicoGob/474462132406835_122132404442546197/474462132406835_122132404442546197";"1889";"153";"2";"474462132406835_122132404442546197";"data";"data.*";"fetched (200)";"2025-11-14 08:12:38.049838";"Facebook:/<post-id>/comments";"Oïŋ―Lïŋ―";"1/17/25 15:59";"";"";""
"964877296876825_1187239946299231/964877296876825_1175423227480903";"54";"1";"1";"964877296876825_1175423227480903";"data";"data.*";"fetched (200)";"2025-11-14 08:10:57.553463";"Facebook:/<page-id>/posts";"Esta noche tuve el gusto de acompaïŋ―ar la inauguraciïŋ―n de la sucursal de Top Wings en nuestro puerto, ubicada en Plaza Rondinella. Este nuevo espacio no solo refuerza la oferta gastronïŋ―mica en nuestra ciudad, sino que tambiïŋ―n es una muestra de la confianza que los empresarios tienen en nuestra tierra para seguir invirtiendo y generando empleos.  Les deseo mucho ïŋ―xito en esta nueva etapa, y los invito a disfrutar de este lugar que seguramente se convertirïŋ― en uno de los favoritos de las familias tampiqueïŋ―as. ïŋ―Felicidades, Top Wings!  #TampicoVaConTodos #TampicoCrece";"1/15/25 5:13";"";"";""
"964877296876825_1187239946299231/964877296876825_1175423227480903/964877296876825_1175423227480903";"1119";"54";"2";"964877296876825_1175423227480903";"data";"data.*";"fetched (200)";"2025-11-14 08:11:56.495076";"Facebook:/<post-id>/comments";"Vaya que logro .";"1/15/25 5:24";"";"";""
"monicavtampico/964877296876825_1175423227480903/964877296876825_1175423227480903";"1119";"54";"2";"964877296876825_1175423227480903";"data";"data.*";"fetched (200)";"2025-11-14 08:11:56.495076";"Facebook:/<post-id>/comments";"Vaya que logro .";"1/15/25 5:24";"";"";""
"964877296876825_1187239946299231/964877296876825_1177061920650367";"45";"1";"1";"964877296876825_1177061920650367";"data";"data.*";"fetched (200)";"2025-11-14 08:10:57.553463";"Facebook:/<page-id>/posts";"ïŋ―Feliz cumpleaïŋ―os, Mario Alberto Lïŋ―pez Hernïŋ―ndez!  Te reconozco por tu gran trabajo como Diputado Federal y tu compromiso con el Distrito 4 de Tamaulipas. Que este dïŋ―a estïŋ― lleno de alegrïŋ―a, salud y momentos especiales con tus seres queridos.  ïŋ―Muchas Felicidades!";"1/17/25 14:00";"";"";""
"964877296876825_1187239946299231/964877296876825_1177061920650367/964877296876825_1177061920650367";"1006";"45";"2";"964877296876825_1177061920650367";"data";"data.*";"fetched (200)";"2025-11-14 08:11:51.876916";"Facebook:/<post-id>/comments";"";"1/17/25 16:08";"";"";""
"monicavtampico/964877296876825_1177061920650367/964877296876825_1177061920650367";"1006";"45";"2";"964877296876825_1177061920650367";"data";"data.*";"fetched (200)";"2025-11-14 08:11:51.876916";"Facebook:/<post-id>/comments";"";"1/17/25 16:08";"";"";""
"964877296876825_1187239946299231/964877296876825_1178632880493271";"39";"1";"1";"964877296876825_1178632880493271";"data";"data.*";"fetched (200)";"2025-11-14 08:10:57.553463";"Facebook:/<page-id>/posts";"Quiero felicitar de todo corazïŋ―n a Jorge Alberto Oviedo Hernïŋ―ndez, Jefe de Enlace de Control Regional de los Centros de Bienestar Social, en este dïŋ―a tan importante.  ïŋ―Feliz cumpleaïŋ―os, Jorge Alberto! Que este nuevo aïŋ―o de vida estïŋ― lleno de bendiciones y momentos inolvidables. ïŋ―Un fuerte abrazo!";"1/19/25 20:00";"";"";""
"964877296876825_1187239946299231/964877296876825_1178632880493271/964877296876825_1178632880493271";"951";"39";"2";"964877296876825_1178632880493271";"data";"data.*";"fetched (200)";"2025-11-14 08:11:49.549371";"Facebook:/<post-id>/comments";"Pasala   BONITO   en  tu cumple";"1/19/25 20:07";"";"";""
"monicavtampico/964877296876825_1178632880493271/964877296876825_1178632880493271";"951";"39";"2";"964877296876825_1178632880493271";"data";"data.*";"fetched (200)";"2025-11-14 08:11:49.549371";"Facebook:/<post-id>/comments";"Pasala   BONITO   en  tu cumple";"1/19/25 20:07";"";"";""
"964877296876825_1187239946299231/474462132406835_122132848166546197";"142";"2";"1";"474462132406835_122132848166546197";"data";"data.*";"fetched (200)";"2025-11-14 08:11:01.131208";"Facebook:/<page-id>/posts";"ïŋ―Espectacular homenaje a los mariachis al celebrar su 3er. Encuentro en el Teatro del Metro!  En el majestuoso Teatro Metropolitano, ante cientos de asistentes se llevïŋ― a cabo el 3er. Encuentro de Mariachi, un evento lleno de tradiciïŋ―n y orgullo mexicano, donde nuestra presidenta municipal Mïŋ―nica Villarreal estuvo presente impulsando la mïŋ―sica mexicana a travïŋ―s de la Secretarïŋ―a de Cultura Tampico y METRO Tam.  Este homenaje al mariachi, sïŋ―mbolo inigualable de nuestra cultura, reuniïŋ― a talentosas agrupaciones que hicieron vibrar a los asistentes con sus acordes llenos de pasiïŋ―n.  La velada estuvo engalanada por las extraordinarias presentaciones del: ïŋ― ïŋ―ïŋ―ïŋ―Âšïŋ―ïŋ―ïŋ― ïŋ― ïŋ―ïŋ―Ëūïŋ― ïŋ― ïŋ―ïŋ―ïŋ―Âšïŋ―ïŋ―ïŋ― ïŋ―ïŋ― ïŋ―ïŋ―Ïūïŋ―ïŋ―ïŋ―Íū ïŋ― ïŋ―ïŋ―ïŋ―Âšïŋ―ïŋ―ïŋ― ïŋ―ïŋ―ïŋ―Íš ïŋ―ïŋ―ïŋ―ïŋ―ïŋ―Âš ïŋ― ïŋ―ïŋ―ïŋ―Âšïŋ―ïŋ―ïŋ― ïŋ―ïŋ―ïŋ―ïŋ―Åūïŋ― ïŋ―ïŋ― Åš ïŋ―Îšïŋ―Íūïŋ―ïŋ― ïŋ― ïŋ―ïŋ―ïŋ―Âšïŋ―ïŋ―ïŋ― ïŋ―ïŋ―ïŋ―Ëš  Con una atmïŋ―sfera mïŋ―gica, este evento reafirmïŋ― la riqueza cultural de Tampico y el orgullo de ser parte de una tradiciïŋ―n que trasciende fronteras.   #TampicoEsCultura #TampicoTeCuida #TampicoVaConTodos";"1/20/25 2:53";"";"";""
"964877296876825_1187239946299231/964877296876825_1177219993967893";"44";"1";"1";"964877296876825_1177219993967893";"data";"data.*";"fetched (200)";"2025-11-14 08:10:57.553463";"Facebook:/<page-id>/posts";"Este viernes, tuve a bien presentar los avances y proyectos de nuestra administraciïŋ―n municipal ante los empresarios del Consejo de Instituciones Empresariales del Sur de Tamaulipas (CIEST), en su sesiïŋ―n ordinaria, presidido atinadamente por Juan ïŋ―ngel Paredes Espinosa.  Agradezco la invitaciïŋ―n y el interïŋ―s por ser parte del cambio positivo que estamos construyendo juntos. Estos esfuerzos serïŋ―n parte del informe de los primeros 100 dïŋ―as de mi administraciïŋ―n.   #TampicoVaConTodos #100Dïŋ―asConTodos";"1/17/25 18:46";"";"";""
"964877296876825_1187239946299231/964877296876825_1177219993967893/964877296876825_1177219993967893";"996";"44";"2";"964877296876825_1177219993967893";"data";"data.*";"fetched (200)";"2025-11-14 08:11:51.589323";"Facebook:/<post-id>/comments";"";"1/17/25 20:25";"";"";""
"monicavtampico/964877296876825_1177219993967893/964877296876825_1177219993967893";"996";"44";"2";"964877296876825_1177219993967893";"data";"data.*";"fetched (200)";"2025-11-14 08:11:51.589323";"Facebook:/<post-id>/comments";"";"1/17/25 20:25";"";"";""
"964877296876825_1187239946299231/964877296876825_1175266414163251";"55";"1";"1";"964877296876825_1175266414163251";"data";"data.*";"fetched (200)";"2025-11-14 08:10:57.553463";"Facebook:/<page-id>/posts";"Este dïŋ―a continuamos acompaïŋ―ando en su productiva gira por nuestra zona al gobernador Amïŋ―rico Villarreal, ahora en la inauguraciïŋ―n del Museo de Geologïŋ―a en el Instituto Tecnolïŋ―gico de Ciudad Madero. Este espacio es una gran aportaciïŋ―n para la educaciïŋ―n y el conocimiento cientïŋ―fico. ïŋ―Enhorabuena!  #TampicoVaConTodos";"1/15/25 0:05";"";"";""
"964877296876825_1187239946299231/964877296876825_1175266414163251/964877296876825_1175266414163251";"1132";"55";"2";"964877296876825_1175266414163251";"data";"data.*";"fetched (200)";"2025-11-14 08:11:56.934549";"Facebook:/<post-id>/comments";"Genial Alcaldesa";"1/15/25 0:29";"";"";""
"monicavtampico/964877296876825_1175266414163251/964877296876825_1175266414163251";"1132";"55";"2";"964877296876825_1175266414163251";"data";"data.*";"fetched (200)";"2025-11-14 08:11:56.934549";"Facebook:/<post-id>/comments";"Genial Alcaldesa";"1/15/25 0:29";"";"";""
"964877296876825_1187239946299231/964877296876825_1178439573845935";"40";"1";"1";"964877296876825_1178439573845935";"data";"data.*";"fetched (200)";"2025-11-14 08:10:57.553463";"Facebook:/<page-id>/posts";"ïŋ―Feliz cumpleaïŋ―os, Ing. Mario Alberto San Vicente Mendoza!   Le envïŋ―o mis mïŋ―s sinceras felicitaciones en su dïŋ―a. Admiramos su compromiso y dedicaciïŋ―n como Tesorero de la CMIC Tamaulipas, impulsando siempre el desarrollo de nuestra regiïŋ―n.  Que este nuevo aïŋ―o de vida estïŋ― lleno de ïŋ―xito, salud y felicidad. ïŋ―Disfrute mucho su dïŋ―a en compaïŋ―ïŋ―a de sus seres queridos!";"1/19/25 14:01";"";"";""
"964877296876825_1187239946299231/964877296876825_1178439573845935/964877296876825_1178439573845935";"966";"40";"2";"964877296876825_1178439573845935";"data";"data.*";"fetched (200)";"2025-11-14 08:11:49.874389";"Facebook:/<post-id>/comments";"Muchïŋ―simas felicidades";"1/19/25 15:48";"";"";""
"monicavtampico/964877296876825_1178439573845935/964877296876825_1178439573845935";"966";"40";"2";"964877296876825_1178439573845935";"data";"data.*";"fetched (200)";"2025-11-14 08:11:49.874389";"Facebook:/<post-id>/comments";"Muchïŋ―simas felicidades";"1/19/25 15:48";"";"";""
"964877296876825_1187239946299231/964877296876825_1174625454227347";"57";"1";"1";"964877296876825_1174625454227347";"data";"data.*";"fetched (200)";"2025-11-14 08:10:57.553463";"Facebook:/<page-id>/posts";"ïŋ― Hoy fue un dïŋ―a especial para nuestra ciudad.  Junto al Gobernador y muchas personas comprometidas con el desarrollo de Tampico, inauguramos la Rotonda en el bulevar Adolfo Lïŋ―pez Mateos y Fidel Velïŋ―zquez (Perimetral), un proyecto que simboliza progreso y uniïŋ―n para nuestra comunidad.  Mi mïŋ―s profundo agradecimiento a los vecinos y vecinas que nos acompaïŋ―aron y que han sido clave en este esfuerzo. Su paciencia, apoyo y confianza nos inspiran a seguir trabajando con mïŋ―s fuerza.  Gracias tambiïŋ―n a quienes forman parte de esta administraciïŋ―n y han sumado su talento para impulsar nuestra ciudad hacia un mejor futuro.  #TampicoVaConTodos";"1/14/25 2:15";"";"";""
"964877296876825_1187239946299231/964877296876825_1174625454227347/964877296876825_1174625454227347";"1153";"57";"2";"964877296876825_1174625454227347";"data";"data.*";"fetched (200)";"2025-11-14 08:11:57.752711";"Facebook:/<post-id>/comments";"";"1/14/25 2:16";"";"";""
"monicavtampico/964877296876825_1174625454227347/964877296876825_1174625454227347";"1153";"57";"2";"964877296876825_1174625454227347";"data";"data.*";"fetched (200)";"2025-11-14 08:11:57.752711";"Facebook:/<post-id>/comments";"";"1/14/25 2:16";"";"";""
"964877296876825_1187239946299231/474462132406835_122132456198546197";"150";"2";"1";"474462132406835_122132456198546197";"data";"data.*";"fetched (200)";"2025-11-14 08:11:01.131208";"Facebook:/<page-id>/posts";"*Estrecha Mïŋ―nica Villarreal Relaciïŋ―n con Sector Empresarial de la Zona Sur*  Al sostener un encuentro con los empresarios adheridos al Consejo de Instituciones Empresariales del Sur de Tamaulipas -CIEST-, la Presidenta municipal Mïŋ―nica Villarreal Anaya destacïŋ― la estrecha relaciïŋ―n de su gobierno con los sectores productivos de la zona conurbada en la generaciïŋ―n de proyectos y programas que garanticen desarrollo y bienestar para las familias tampiqueïŋ―as.  Durante la reuniïŋ―n, efectuada en el marco de la Sesiïŋ―n Ordinaria del ïŋ―rgano empresarial, la autoridad municipal expuso un resumen de la principales acciones realizadas por su administraciïŋ―n durante los primeros cien dïŋ―as de gobierno, subrayando el fortalecimiento de los programas de bienestar, como uno de los ejes prioritarios destinados a mejorar la calidad de vida de la poblaciïŋ―n.  Mïŋ―nica Villarreal enumerïŋ― los cuatro ejes prioritarios de su gobierno, mismos que concentran todas las acciones y programas de cada una de las dependencias municipales destinadas a mejorar la calidad de vida de los ciudadanos.  Detallïŋ― que estos cuatro ejes son, Bienestar Social; Movilidad y Servicios Pïŋ―blicos de Calidad; Seguridad con Prevenciïŋ―n y Proximidad  Social; y Prosperidad Compartida.  La reuniïŋ―n desarrollado en el Club de Industriales de Tampico fue presidida ademïŋ―s por el titular del CIEST, Josïŋ― ïŋ―ngel Paredes Espinoza, y los representantes de los distintos sectores productivos de la zona conurbada, quienes, ademïŋ―s contribuyeron con el planteo de propuestas.  Villarreal Anaya agradeciïŋ― la participaciïŋ―n, apoyo e interïŋ―s de los empresarios por sumarse a la transformaciïŋ―n municipal y resaltïŋ― que durante los primeros tres meses de administraciïŋ―n se han emprendido acciones destinadas a cumplir el compromiso de impulsar mayor desarrollo urbano, mejores servicios pïŋ―blicos, desarrollo econïŋ―mico, seguridad; y bienestar social.";"1/17/25 20:35";"";"";""
"964877296876825_1187239946299231/964877296876825_1176651554024737";"48";"1";"1";"964877296876825_1176651554024737";"data";"data.*";"fetched (200)";"2025-11-14 08:10:57.553463";"Facebook:/<page-id>/posts";"Tuve la grata oportunidad de saludar y conversar con mi homïŋ―logo, el alcalde de Pïŋ―nuco, Veracruz, Oscar Guzmïŋ―n de Paz, en el Primer Encuentro Nacional Municipal, donde reafirmamos nuestro compromiso de trabajar unidos por el bienestar de nuestras ciudades hermanas.  #EncuentroNacionalMunicipal #TampicoVaConTodos";"1/17/25 0:08";"";"";""
"964877296876825_1187239946299231/964877296876825_1176651554024737/964877296876825_1176651554024737";"1059";"48";"2";"964877296876825_1176651554024737";"data";"data.*";"fetched (200)";"2025-11-14 08:11:53.990523";"Facebook:/<post-id>/comments";"Dios bendiga O  Estados Unidos";"1/17/25 0:11";"";"";""
"monicavtampico/964877296876825_1176651554024737/964877296876825_1176651554024737";"1059";"48";"2";"964877296876825_1176651554024737";"data";"data.*";"fetched (200)";"2025-11-14 08:11:53.990523";"Facebook:/<post-id>/comments";"Dios bendiga O  Estados Unidos";"1/17/25 0:11";"";"";""
"964877296876825_1187239946299231/964877296876825_1175938534096039";"51";"1";"1";"964877296876825_1175938534096039";"data";"data.*";"fetched (200)";"2025-11-14 08:10:57.553463";"Facebook:/<page-id>/posts";"Acompïŋ―ïŋ―anos en la 11ïŋ― Sesiïŋ―n de Cabildo.  ïŋ―Tu participaciïŋ―n como ciudadano es fundamental para construir un Tampico mïŋ―s fuerte y solidario!";"1/15/25 23:24";"";"";""
"964877296876825_1187239946299231/964877296876825_1178171460539413";"41";"1";"1";"964877296876825_1178171460539413";"data";"data.*";"fetched (200)";"2025-11-14 08:10:57.553463";"Facebook:/<page-id>/posts";"Tuve la maravillosa experiencia de sumergirme en el mundo de Brain Web, una instalaciïŋ―n artïŋ―stica interactiva creada por la talentosa artista visual tampiqueïŋ―a Azalea Ortega Flores, junto con el artista digital austriaco Laurus Edelbacher. Esta obra, que combina arte y tecnologïŋ―a, nos invita a reflexionar sobre la conexiïŋ―n entre nuestras emociones y el entorno digital.  Esta experiencia que podemos apreciar en el METRO Tam aparte de impresionarme, me llena de orgullo por ver cïŋ―mo el talento de nuestra tierra trasciende fronteras.";"1/19/25 4:40";"";"";""
"964877296876825_1187239946299231/964877296876825_1178171460539413/964877296876825_1178171460539413";"972";"41";"2";"964877296876825_1178171460539413";"data";"data.*";"fetched (200)";"2025-11-14 08:11:50.159497";"Facebook:/<post-id>/comments";"";"1/19/25 4:41";"";"";""
"monicavtampico/964877296876825_1178171460539413/964877296876825_1178171460539413";"972";"41";"2";"964877296876825_1178171460539413";"data";"data.*";"fetched (200)";"2025-11-14 08:11:50.159497";"Facebook:/<post-id>/comments";"";"1/19/25 4:41";"";"";""
"964877296876825_1187239946299231/474462132406835_122132470580546197";"148";"2";"1";"474462132406835_122132470580546197";"data";"data.*";"fetched (200)";"2025-11-14 08:11:01.131208";"Facebook:/<page-id>/posts";"Otorgan calificaciïŋ―n de AA a la Administraciïŋ―n de Mïŋ―nica Villarreal, al reconocer la calificadora HR Ratings, efectivas medidas administrativas del Gobierno de Tampico.  Derivado de las efectivas prïŋ―cticas de austeridad administrativa, bajo nivel de endeudamiento, asïŋ― como una alza en los ingresos derivados de la recaudaciïŋ―n municipal, la calificadora HR Ratings otorgïŋ― la certificaciïŋ―n ""AA con Perspectiva Estable"" al gobierno de Mïŋ―nica Villarreal Anaya.  El organismo destacïŋ― la tendencia positiva en materia del cobro de derecho de impuestos registrada en el ïŋ―ltimo trimestre de 2024, mostrando un superïŋ―vit para 2025 y 2026.  La Calificadora, reconocida por la Comisiïŋ―n Nacional Bancaria y de Valores como una de las mïŋ―s prestigiosas del païŋ―s, destacïŋ― que el Ayuntamiento de Tampico ha llevado a cabo eficientes polïŋ―ticas pïŋ―blicas que permiten un adecuado flujo de efectivo y una baja mïŋ―trica de endeudamiento, ademïŋ―s de la disminuciïŋ―n en los crïŋ―ditos adquiridos en 2016 y 2020 ante Banobras.  Otro de los aspectos relevantes tomados en cuenta para otorgar la citada calificaciïŋ―n al gobierno de Mïŋ―nica Villarreal, fue el cumplimiento con los lineamientos de transparencia financiera, asïŋ― como la armonizaciïŋ―n contable, oportuna y con un alto nivel de desglose, lo cual se traduce, de acuerdo al organismo, en un adecuado nivel de generaciïŋ―n y accesibilidad a la informaciïŋ―n.  HR Ratings destacïŋ― en su anïŋ―lisis, el reporte del Secretariado Ejecutivo del Sistema Nacional de Seguridad que coloca al municipio como uno de los mïŋ―s seguros del païŋ―s, lo que brinda certidumbre al ciudadano y al inversionista.";"1/18/25 0:08";"";"";""
"964877296876825_1187239946299231/474462132406835_122132470580546197/474462132406835_122132470580546197";"1877";"148";"2";"474462132406835_122132470580546197";"data";"data.*";"fetched (200)";"2025-11-14 08:12:36.163162";"Facebook:/<post-id>/comments";"OOOO";"1/18/25 0:43";"";"";""
"TampicoGob/474462132406835_122132470580546197/474462132406835_122132470580546197";"1877";"148";"2";"474462132406835_122132470580546197";"data";"data.*";"fetched (200)";"2025-11-14 08:12:36.163162";"Facebook:/<post-id>/comments";"OOOO";"1/18/25 0:43";"";"";""
"964877296876825_1187239946299231/474462132406835_122132070758546197";"159";"2";"1";"474462132406835_122132070758546197";"data";"data.*";"fetched (200)";"2025-11-14 08:11:01.131208";"Facebook:/<page-id>/posts";"En representaciïŋ―n de la Presidenta Municipal de Tampico, Mïŋ―nica Villarreal Anaya, la Lic. Libby Zacil Adame Estrada, Directora de Prevenciïŋ―n del Delito en Tampico, participïŋ― en la Mesa de Construcciïŋ―n de Paz y Seguridad realizada en el Ayuntamiento de Ciudad Madero, encabezada por el presidente municipal Erasmo Gonzïŋ―lez Robledo.  Este encuentro, integrado por autoridades municipales, estatales y federales, tuvo como propïŋ―sito coordinar esfuerzos para fortalecer la seguridad y garantizar la tranquilidad de las familias de nuestra regiïŋ―n.  En el Gobierno de Tampico reafirmamos nuestro compromiso de trabajar en conjunto con los municipios vecinos para implementar estrategias que promuevan la paz, la prevenciïŋ―n del delito y el bienestar de nuestra ciudadanïŋ―a.  #TampicoTeCuida";"1/15/25 18:38";"";"";""
"964877296876825_1187239946299231/474462132406835_122132070758546197/474462132406835_122132070758546197";"1902";"159";"2";"474462132406835_122132070758546197";"data";"data.*";"fetched (200)";"2025-11-14 08:12:40.225781";"Facebook:/<post-id>/comments";"Felicidades Libby Zacil que emociïŋ―n, llegarïŋ―s muy lejos, Dios te bendiga siempre";"1/20/25 23:26";"";"";""
"TampicoGob/474462132406835_122132070758546197/474462132406835_122132070758546197";"1902";"159";"2";"474462132406835_122132070758546197";"data";"data.*";"fetched (200)";"2025-11-14 08:12:40.225781";"Facebook:/<post-id>/comments";"Felicidades Libby Zacil que emociïŋ―n, llegarïŋ―s muy lejos, Dios te bendiga siempre";"1/20/25 23:26";"";"";""
"964877296876825_1187239946299231/474462132406835_122132073500546197";"158";"2";"1";"474462132406835_122132073500546197";"data";"data.*";"fetched (200)";"2025-11-14 08:11:01.131208";"Facebook:/<page-id>/posts";"Reconocen Mujeres Empresarias Liderazgo de Mïŋ―nica Villarreal  En el marco de la Primera Asamblea General de la Asociaciïŋ―n Mexicana de Mujeres Jefas de Empresas (AMMJE) 2025, la Presidenta Municipal de Tampico, Mïŋ―nica Zacil Villarreal Anaya, recibiïŋ― un reconocimiento como socia honoraria por su destacada trayectoria profesional y su liderazgo al frente de la administraciïŋ―n municipal.  El evento, realizado en el Club de Industriales de Tampico, fue encabezado por la Presidenta de AMMJE en el sur de Tamaulipas, Lorena Rivera. En esta ceremonia, tambiïŋ―n se reconociïŋ― a Marta Patricia Chïŋ―o de la Garza, Presidenta Municipal de Ciudad Mante, resaltando el papel clave de las mujeres en el desarrollo econïŋ―mico de la regiïŋ―n.  Al recibir esta distinciïŋ―n, Villarreal Anaya subrayïŋ― el compromiso de AMMJE en la generaciïŋ―n de oportunidades para el emprendimiento y el empleo, destacando la uniïŋ―n de las mujeres empresarias como un pilar esencial para el crecimiento econïŋ―mico de Tampico y del sur de Tamaulipas.   Agradezco profundamente formar parte de AMMJE. Esta asociaciïŋ―n es un ejemplo de cïŋ―mo las mujeres unidas pueden transformar nuestra economïŋ―a, generando empleos y fortaleciendo nuestra comunidad. Felicito a AMMJE por 35 aïŋ―os de dedicaciïŋ―n empresarial constante, expresïŋ― Villarreal Anaya.  Durante el evento, se tomïŋ― protesta a nuevas socias estratïŋ―gicas, entre ellas Dunia Marïŋ―n Acuïŋ―a y Rosa Irma Luque, Presidentas de los Sistemas DIF de Ciudad Madero y Altamira, respectivamente.  Lorena Rivera destacïŋ― que la incorporaciïŋ―n de estas nuevas integrantes refuerza la red empresarial y fomenta la solidaridad entre mujeres lïŋ―deres, inspirando a todas las que forman parte de AMMJE.  #TampicoVaConTodos #MujeresEmpresarias  #AMMJE2025";"1/15/25 19:05";"";"";""
"964877296876825_1187239946299231/474462132406835_122132639714546197";"147";"2";"1";"474462132406835_122132639714546197";"data";"data.*";"fetched (200)";"2025-11-14 08:11:01.131208";"Facebook:/<page-id>/posts";"Continïŋ―a Capacitaciïŋ―n y Mejora Continua a Elementos Viales de la Zona Conurbada  Elevar la calidad operativa de la direcciïŋ―n de trïŋ―nsito y vialidad, ofreciendo un servicio ïŋ―ptimo, cïŋ―lido y justo a la ciudadanïŋ―a y a los visitantes, es el propïŋ―sito de la capacitaciïŋ―n que se imparte a los agentes y personal diverso de la dependencia, por parte de instructores expertos del Instituto Politïŋ―cnico Nacional (IPN).  Este sïŋ―bado, en el Teatro El Farol de la Casa de la Cultura de Tampico, se continuïŋ― con el Programa de Capacitaciïŋ―n a los elementos de la corporaciïŋ―n de los municipios de Tampico, Ciudad Madero y Altamira.  La capacitaciïŋ―n estuvo, encabezada por el Dr. Josïŋ― Luis Cruz Fuentes, segundo visitador general de la Comisiïŋ―n de los Derechos Humanos, quien impartiïŋ― una plïŋ―tica en materia de los derechos fundamentales de los ciudadanos.  Por indicaciïŋ―n del Instituto Politïŋ―cnico Nacional, se estïŋ― llevando a cabo mi participaciïŋ―n en este ciclo de mejora continua; y en este caso, en materia  de derechos humanos, a fin de que los elementos cuenten con informaciïŋ―n precisa y detallada de su ïŋ―rea de acciïŋ―n, expresïŋ―.  El instructor explicïŋ― que ademïŋ―s del tema impartido, los agentes reciben informaciïŋ―n detallada en materia de, atenciïŋ―n respetuosa a terceros; cumplimiento de las leyes; y aplicaciïŋ―n de las disposiciones legales para el ejercicio de su funciïŋ―n, entre otras.  Este programa de capacitaciïŋ―n forma parte del acuerdo suscrito entre los alcaldes de la zona conurbada, para elevar la calidad operativa de las corporaciones viales en cada uno de los municipios, buscando generar un impacto positivo en la movilidad y seguridad vial de la regiïŋ―n.";"1/18/25 23:14";"";"";""
"964877296876825_1187239946299231/964877296876825_1178661660490393";"38";"1";"1";"964877296876825_1178661660490393";"data";"data.*";"fetched (200)";"2025-11-14 08:10:57.553463";"Facebook:/<page-id>/posts";"";"1/19/25 21:07";"";"";""
"964877296876825_1187239946299231/964877296876825_1178661660490393/964877296876825_1178661660490393";"945";"38";"2";"964877296876825_1178661660490393";"data";"data.*";"fetched (200)";"2025-11-14 08:11:49.100015";"Facebook:/<post-id>/comments";"";"1/19/25 22:02";"";"";""
"monicavtampico/964877296876825_1178661660490393/964877296876825_1178661660490393";"945";"38";"2";"964877296876825_1178661660490393";"data";"data.*";"fetched (200)";"2025-11-14 08:11:49.100015";"Facebook:/<post-id>/comments";"";"1/19/25 22:02";"";"";""
"964877296876825_1187239946299231/474462132406835_122132467826546197";"149";"2";"1";"474462132406835_122132467826546197";"data";"data.*";"fetched (200)";"2025-11-14 08:11:01.131208";"Facebook:/<page-id>/posts";"Encabeza Mïŋ―nica Villarreal la Integraciïŋ―n del Consejo Consultivo para el Desarrollo Sustentable  La Presidenta Municipal de Tampico, Mïŋ―nica Zacil Villarreal Anaya, liderïŋ― la integraciïŋ―n del Consejo Consultivo para el Desarrollo Sustentable, reafirmando su compromiso con el cuidado ambiental. Acompaïŋ―ada por Yahaira Sarahïŋ― Cruz, titular de Ecologïŋ―a; Rogelio Ontiveros, Secretario de Obras Pïŋ―blicas; y Carlos Garcïŋ―a Porres, Secretario General del Ayuntamiento, destacïŋ― la importancia de trabajar unidos para diseïŋ―ar estrategias que beneficien el ecosistema.  Entre los logros iniciales, resaltïŋ― la colaboraciïŋ―n con el Gobernador del Estado, Amïŋ―rico Villarreal, que permitiïŋ― la adquisiciïŋ―n en comodato de tres pipas para regar parques y ïŋ―reas verdes con agua tratada. Yahaira Cruz subrayïŋ― el papel del Consejo para vincular ciudadanïŋ―a y gobierno en decisiones ambientales, agradeciendo el apoyo de asociaciones civiles, instituciones educativas y empresarios, quienes donaron 37 mil ïŋ―rboles, ya sembrados en el bulevar Fidel Velïŋ―zquez.  Las acciones incluyen la restauraciïŋ―n de manglares en la Laguna del Carpintero, integraciïŋ―n de cooperativas femeninas para producciïŋ―n de miel de mangle, y un proyecto de trituraciïŋ―n de lirio acuïŋ―tico en la Laguna del Chairel, generando composta para ïŋ―reas verdes.  El Consejo Consultivo reïŋ―ne a lïŋ―deres empresariales, acadïŋ―micos y representantes ecolïŋ―gicos, promoviendo acciones sostenibles alineadas con la agenda 20-30 de la ONU, impulsando el desarrollo sustentable de Tampico y su entorno.";"1/17/25 23:47";"";"";""
"964877296876825_1187239946299231/474462132406835_122132467826546197/474462132406835_122132467826546197";"1881";"149";"2";"474462132406835_122132467826546197";"data";"data.*";"fetched (200)";"2025-11-14 08:12:36.820342";"Facebook:/<post-id>/comments";"Un honor pertenecer. Gracias por la invitaciïŋ―n";"1/18/25 4:56";"";"";""
"TampicoGob/474462132406835_122132467826546197/474462132406835_122132467826546197";"1881";"149";"2";"474462132406835_122132467826546197";"data";"data.*";"fetched (200)";"2025-11-14 08:12:36.820342";"Facebook:/<post-id>/comments";"Un honor pertenecer. Gracias por la invitaciïŋ―n";"1/18/25 4:56";"";"";""
