run_id,week_name,source_platform,medio,termino,query,query_index,article_title,article_url_original,article_url_resolved,source_domain,published_at,retrieved_at,article_text,article_text_length,extraction_method,rss_source,status_descarga,error_type,error_detail,resolution_strategy,cache_hit_rss,cache_hit_url_resolution,cache_hit_article,playwright_used,fallback_used,attempted_methods
media_w12_playwright,2026-03-16_semana_16marzo_22marzo_26,news_media,site:oem.com.mx,"""Monica Villarreal""","""Monica Villarreal"" site:oem.com.mx",1,"Pemex tendrá Comisión Consultiva del Petróleo, será encabezada por Cuauhtémoc Cárdenas: Sheinbaum - El Sol de México",https://news.google.com/rss/articles/CBMi2AFBVV95cUxNZThFVk1zQm1fRXpVLXZZSXB1Y2pVOGpUVlp1QUhmbGJkN0o1X09hcEhKUGxua0RQNmU4dTZEenZCTHdBWkVkUUpzd3h2Z1J6TVlSd25SeEdCRzhqQzI4akJEYkVDSjJfYXFINFM0SnFRYmdSWGU3VG95b2JjeFJqZzNSTWpDLXRTVm40U3d2cTAzZFo3bXpKWWlwNU1WX1NRaC1lMlQzdjhCMjNQdklXZzBLc1piNmZmV281azZTNzYwYlk3dkNGOFdJVHllWUlYeE1LTTBQblc?oc=5,https://oem.com.mx/elsoldetampico/mexico/claudia-sheinbaum-celebra-la-expropiacion-petrolera-inauguran-plataforma-en-panuco-veracruz-29033677,oem.com.mx,2026-03-18T07:00:00+00:00,2026-04-05T15:49:40Z,"Pemex tendrá Comisión Consultiva del Petróleo, será encabezada por Cuauhtémoc Cárdenas: Sheinbaum
Desde los patios de Eseasa Offshore, la presidenta rindió homenaje a los trabajadores petroleros y criticó las “políticas de privatización” del pasado
Mariela Macay y María Macías
“Se habló de modernización mientras se debilitaba la industria nacional y se abría la puerta a la privatización”, afirmó.
Presumió rescate energético desde 2019
“En tan solo un año hemos reducido la deuda de Pemex en 13% y el pago a proveedores prácticamente alcanza el 100%”, destacó.
Entre los proyectos clave mencionó la Refinería Olmeca (Dos Bocas), que cuenta con capacidad para procesar 340 mil barriles diarios y que, aseguró, fue construida por trabajadores mexicanos.
Pemex tendrá Comisión Consultiva del Petróleo encabezada por Cuauhtémoc Cárdenas
“La soberanía no se negocia, se ejerce... (Pemex) la empresa pública registró 30 años de golpeteo laboral, acabó fragmentada, saqueada y sometida a una deuda enorme, pero sobrevivió y aquí estamos”, sostuvo el titular de la paraestatal.
Recuento de detalles previo al evento en Pánuco, Veracruz
A las 10:50 horas de este miércoles llegó un primer helicóptero de la Marina al campo de béisbol de Congregación Anáhuac, mismo que se cree realizó labores de reconocimiento.
Minutos después, a las 11:05 horas, arribó una segunda aeronave de la misma dependencia, de la cual descendió Mario Delgado, a quien inmediatamente subieron a una camioneta con dirección a Ciudad Cuauhtémoc.
La presidenta de México llegó por tierra a Pánuco
Contrario al titular de la SEP, la presidenta de México llegó al evento en los patios de Eseasa, en el municipio de Pueblo Viejo, al norte de Veracruz, por vía terrestre.
La mandataria recorrió aproximadamente 21 kilómetros desde la terminal aérea de Tampico, en el sur de Tamaulipas, hasta el sitio del evento.
El acto conmemorativo de la Expropiación Petrolera ha reunido a diversos funcionarios del sector energético y del gabinete federal. Entre ellos se encuentran:
Ciudadanos interceptan a Sheinbaum en el Aeropuerto de Tampico
Ya la esperaba un contingente de personas buscando hacerle llegar peticiones y documentos, algunos de ellos con casos de despidos, entre otros temas.
Posteriormente, se despidió para dirigirse hacia el norte de Veracruz para participar en el evento oficial.
Damnificados por inundaciones esperan en el norte de Veracruz
“Le pido justicia; Karla merecía vivir y ese es mi llamado. Ya mañana se cumple un año y seis meses (del homicidio) y no llega la justicia”, declaró.
“Se me condenó a un año de prisión por ciberacoso cuando es falso; por eso estoy aquí”, dijo Irlanda Dávila, maestra de Ciudad Victoria.
Exigen los apoyos por inundaciones
Representantes de una zona rural de El Higo, Veracruz, acusaron que son al menos dos mil familias las que siguen a la espera de los apoyos prometidos desde el año pasado.
“Nos censaron, nos dieron cintillos, pero los apoyos es la fecha que no han llegado. Nosotros confiamos en la presidenta; lo que creemos es que ella ni sabe que no nos ayudaron”, apuntó María Estela Robles Segura.
Fuerte operativo de seguridad en Tampico para recibir a Sheinbaum
En la zona del aeropuerto privado pudimos constatar la presencia de la alcaldesa de Tampico, Mónica Villarreal, quien acudió para dar el recibimiento a la presidenta de México.",3367,trafilatura,https://news.google.com/rss/search?q=%22Monica+Villarreal%22+site%3Aoem.com.mx+after%3A2026-03-16+before%3A2026-03-22&hl=es-419&gl=MX&ceid=MX:es-419,downloaded_ok,,,google_batchexecute,False,False,False,False,False,trafilatura
media_w12_playwright,2026-03-16_semana_16marzo_22marzo_26,news_media,site:oem.com.mx,"""gobierno de tampico""","""gobierno de tampico"" site:oem.com.mx",2,Tampico se reinventa: lanza 10 rutas turísticas para conquistar visitantes - El Sol de México,https://news.google.com/rss/articles/CBMiwgFBVV95cUxNWHg4ZUgtdWUzUm4xYWZaaWZiZEUyVUY3VXE1QW5VbjNSUXNuaXkyeFRranl2THRrWmRkeEpZdlVraVIxOFY4ajB1YWxXbHo2bHpXWUhUVFNKazdWMG1LczU4NmRPTml4R0xTNm95NU91OU1tYkViVlNhT1ZobkZnemJJbi1LbFNLcnJCa1JMYUFOOU1lRnRVdHdQdlpzTU80MDJZYk55TUpnbVVXTUVMckdaQ3BfWXFhajQxSGtHbXp6Zw?oc=5,https://oem.com.mx/elsoldetampico/turismo/tampico-se-reinventa-lanza-10-rutas-turisticas-para-conquistar-visitantes-29099633,oem.com.mx,2026-03-21T07:00:00+00:00,2026-04-05T15:49:49Z,"Tampico se reinventa: lanza 10 rutas turísticas para conquistar visitantes
La estrategia incluye recorridos gastronómicos, históricos y naturales para diversificar la experiencia del visitante
Yadira Hernández
De la gastronomía a la historia: recorridos que muestran la identidad de Tampico
Capacitan a guías turísticos para brindar atención segura a visitantes
“Los guías turísticos somos los primeros en atender cualquier situación, por eso es importante estar preparados para brindar una atención segura y de calidad a los visitantes”, señaló.
Indicó que estas propuestas serán difundidas próximamente como parte del operativo turístico, a fin de que quienes arriben a la ciudad cuenten con diversas alternativas para disfrutar su estancia.",743,trafilatura,https://news.google.com/rss/search?q=%22gobierno+de+tampico%22+site%3Aoem.com.mx+after%3A2026-03-16+before%3A2026-03-22&hl=es-419&gl=MX&ceid=MX:es-419,downloaded_ok,,,google_batchexecute,False,False,False,False,False,trafilatura
media_w12_playwright,2026-03-16_semana_16marzo_22marzo_26,news_media,site:oem.com.mx,"""gobierno de tampico""","""gobierno de tampico"" site:oem.com.mx",2,"Si vas por la avenida Hidalgo, ojo, habrá cierre parcial este viernes en Tampico - El Sol de México",https://news.google.com/rss/articles/CBMixgFBVV95cUxOYlo5ZEItdEI3aGE3dTU2a2Rwa3pIY3lXNnNTcDJfbGR5b2xQUm1TbU5ySGNpT2RkMlg3eXk1aXpBN25sdTdQRWNreTMxVEVISjhoR3JjQmlOWkRlYmp4Mnd3LWtrb3lFdVJxOVhJd243aExEMTZlaUVzTFVVLU9ndmk5UGxwUmhOS0dZampwREtEMGRJMFhOUlhpNjMyY1Q0eGszcW8zbE9zejhyNGFDOW1KX01UaGczQUY0MFFIZm10X0Y0QVE?oc=5,https://oem.com.mx/elsoldetampico/local/si-vas-por-la-avenida-hidalgo-ojo-habra-cierre-parcial-este-viernes-en-tampico-29063664,oem.com.mx,2026-03-19T07:00:00+00:00,2026-04-05T15:49:52Z,"Localjueves, 19 de marzo de 2026
Si vas por la avenida Hidalgo, ojo, habrá cierre parcial este viernes en Tampico
Llevarán a cabo la reposición del pavimento en arteria vial más importante de la zona conurbada, por lo que quizás debas tomar vías alternas
Mario Cruces
Podría generar algunas afectaciones en las horas pico en la avenida Hidalgo
Aún así, el cierre anunciado podría generar congestionamiento en horas pico, al ser especialmente en una vialidad clave para la movilidad urbana.",489,trafilatura,https://news.google.com/rss/search?q=%22gobierno+de+tampico%22+site%3Aoem.com.mx+after%3A2026-03-16+before%3A2026-03-22&hl=es-419&gl=MX&ceid=MX:es-419,downloaded_ok,,,google_batchexecute,False,False,False,False,False,trafilatura
media_w12_playwright,2026-03-16_semana_16marzo_22marzo_26,news_media,site:oem.com.mx,"""tampico""","""tampico"" site:oem.com.mx",3,¿Qué opinan los turistas de Tampico? Esto dijeron en un video - El Sol de México,https://news.google.com/rss/articles/CBMirwFBVV95cUxPbXhIZkJrbHphTTFMWnRhSHdvenJkMWNIRzlHVzUyRlNxVWhFSVRrRmlKb3lIWnpPQ09PQ2UzX1hKOV9MNGdNRWpQaWwxOFc2R1pCcDBYYWNiLWtiRmhuLTUySE1nLXhUWUZad1pCd0ExaUJpNEhkNm4weTlua2o0QlpKZ3lWeUgyY194U2l5NUZyY0txWWU1SHlJVVNxbnVVMVJMXzM0NkstNy1ncG13?oc=5,https://oem.com.mx/elsoldetampico/turismo/que-opinan-los-turistas-de-tampico-esto-dijeron-en-un-video-29028542,oem.com.mx,2026-03-19T07:00:00+00:00,2026-04-05T15:49:59Z,"¿Qué opinan los turistas de Tampico? Esto dijeron en un video
La zona conurbada representa para muchos turistas un espacio donde combinar entretenimiento, naturaleza y cultura
Adolfo Ruiz Nuñez
En el video, publicado tras el fin de semana, visitantes de Monterrey, Ébano, San Luis Potosí y Acaxochitlán dieron su punto de vista de la zona sur de Tamaulipas.
Esto dijeron los turistas de cómo los recibió Tampico
A la pregunta ‘¿cómo describirías Tampico?’, todos coincidieron que es un lugar ideal para vacacionar por las zonas de turismo que posee.
“Es un lugar muy bonito para pasear en familia, para conocer y tener nuevas experiencias (...) está muy bonita, hay muchos lugares que visitar”, expresaron.
“Es estar en la naturaleza, es la oportunidad de estar cerca del mar, cerca de los animales y la biodiversidad”, dijo.
Tranvía, lanchas y más; esto ofrece Tampico para la Semana Santa 2026
El actual Tranvía turístico es una réplica moderna del tranvía que recorría la zona Centro de Tampico en la década de 50.
En la Laguna del Carpintero, además del Mirador de cocodrilos de pantano, los visitantes pueden disfrutar del Mirador de las iguanas, la Rueda de la fortuna y por supuesto, el paseo en lancha.",1210,trafilatura,https://news.google.com/rss/search?q=%22tampico%22+site%3Aoem.com.mx+after%3A2026-03-16+before%3A2026-03-22&hl=es-419&gl=MX&ceid=MX:es-419,downloaded_ok,,,google_batchexecute,False,False,False,False,False,trafilatura
media_w12_playwright,2026-03-16_semana_16marzo_22marzo_26,news_media,site:oem.com.mx,"""tampico""","""tampico"" site:oem.com.mx",3,Vivencias / Los cuidadores - El Sol de México,https://news.google.com/rss/articles/CBMidEFVX3lxTE5WeHEwaTVYLXQ4Ny1PR1hScUotTkkwMnIwdzU4T19iWlM5a2phcWtTRE1CZmJrTVV5bExLUU9Gd0dWUzN5TDFXQkJyczQ0Uy1yVUJEX0FWc0tWZ2ZabUFHNFVESFVvRXowUDczQVQtVFB0VmtW?oc=5,https://oem.com.mx/elsoldetampico/analisis/los-cuidadores-29102068,oem.com.mx,2026-03-22T07:00:00+00:00,2026-04-05T15:50:03Z,"Vivencias / Los cuidadores
Cuidar también cansa (y casi nadie lo dice)
Y sí, cuidar también cansa.
Cansa física, emocional y económicamente. Cansa porque no hay horarios. Porque no hay descansos formales. Porque no hay reconocimiento real. Y porque, aunque se haga con amor, el amor no sustituye la necesidad de apoyo.
Por eso, hablar de cuidados sin hablar de las cuidadoras -y los cuidadores- es quedarnos a la mitad.",419,trafilatura,https://news.google.com/rss/search?q=%22tampico%22+site%3Aoem.com.mx+after%3A2026-03-16+before%3A2026-03-22&hl=es-419&gl=MX&ceid=MX:es-419,downloaded_ok,,,google_batchexecute,False,False,False,False,False,trafilatura
media_w12_playwright,2026-03-16_semana_16marzo_22marzo_26,news_media,site:oem.com.mx,"""tampico""","""tampico"" site:oem.com.mx",3,Flores amarillas: el detalle romántico que puede costar hasta 5 mil pesos en Tampico - El Sol de México,https://news.google.com/rss/articles/CBMizAFBVV95cUxQQTZkTmQxUXVENHVrcmFsbWVjR2x5YkM3b3NMYUNfZ3pPbHFvWnRmUG1neWo1c3liY2lZSUlPVmVsN0pHcDZnbHRwWk80ZERNQXMwU2hNbHlGSlh2SWpBcUxuRzY1LWlmbzYxSDRGR08xaDRMS2hIM0Jnd0t1R09fNXlvNjhtTDJveDA3ZGMzSGVaMXNtTWQ5OHFWSUNWZVM5OGpySFh5QVVxU1QtdkxIOVlpVEswVE5pVnFOc0M4RldBSlllc3NYUWVYZTQ?oc=5,https://oem.com.mx/elsoldetampico/local/flores-amarillas-el-detalle-romantico-que-puede-costar-hasta-5-mil-pesos-en-tampico-29097799,oem.com.mx,2026-03-21T07:00:00+00:00,2026-04-05T15:50:07Z,"Flores amarillas: el detalle romántico que puede costar hasta 5 mil pesos en Tampico
Floristas del centro señalan que la venta ha sido lenta este 21 de marzo debido a la suspensión de clases
Mariela Macay
“Hemos visto a menos jóvenes, es que no hay clases, cayó en sábado y la tradición se da más entre ellos”, apuntó el florista Ivan del Ángel.
Así están los precios de las flores amarillas en el centro de Tampico
En un recorrido realizado por florerías del primer cuadro de la ciudad, comerciantes detallaron que los precios varían según la cantidad de flores y el diseño del arreglo.
Estos son los precios de las flores amarillas en Tampico: entre las opciones más solicitadas por los clientes se encuentran arreglos sencillos con rosas o girasoles acompañados de follaje amarillo.
Los precios que se ofrecen en florerías del centro son:
Los comerciantes explicaron que el precio aumenta dependiendo de la cantidad de flores, el tipo de envoltura y los materiales decorativos utilizados en el arreglo.
Flores amarillas, la tradición que se asocia con el 21 de marzo y 21 de septiembre
La entrega de flores amarillas el 21 de septiembre se ha convertido en una tendencia cada vez más popular entre jóvenes y parejas.
Desde entonces, miles de personas han adoptado la costumbre de regalar girasoles o rosas amarillas a su pareja, amigos o familiares durante esta fecha.
Debido a que deben transportarse desde otros estados, el costo de las flores puede incrementarse, especialmente en fechas como este de 21 de marzo cuando las flores amarillas invaden las florerías de Tampico.",1580,trafilatura,https://news.google.com/rss/search?q=%22tampico%22+site%3Aoem.com.mx+after%3A2026-03-16+before%3A2026-03-22&hl=es-419&gl=MX&ceid=MX:es-419,downloaded_ok,,,google_batchexecute,False,False,False,False,False,trafilatura
media_w12_playwright,2026-03-16_semana_16marzo_22marzo_26,news_media,site:oem.com.mx,"""tampico""","""tampico"" site:oem.com.mx",3,Ruta del Sabor: cómo llegar desde el centro de Tampico a los restaurantes de La Ribera - El Sol de México,https://news.google.com/rss/articles/CBMi0gFBVV95cUxNaW1OWnktS2ZpMGdFUkR3cWFnUlZaX3p5UDFzeDl1dm9XNFlMaUtjSWpoVkpwX3RTa0loX3R0ekY3YjNsSk5JN1FJQnRGeTVLYlBLSXBTU1N6RF9aMnp4VEs3QzNMREozcE9ZZ2xnZDJZU0lfUHVYRHRXelR2U2F1bDhwWTFfcmR5Tm1fZWRrakZmYXQzbkRSZXdJMFA5Y2dPejNxZXo4WVJSRC1sWko3Y0lzMzR2cXpZekxtb2x0ZEhuRl9QVmV5aEhsVXlDMFR5cUE?oc=5,https://oem.com.mx/elsoldetampico/turismo/ruta-del-sabor-como-llegar-desde-el-centro-de-tampico-a-los-restaurantes-de-la-ribera-29077303,oem.com.mx,2026-03-21T07:00:00+00:00,2026-04-05T15:50:10Z,"Ruta del Sabor: cómo llegar desde el centro de Tampico a los restaurantes de La Ribera
Se trata de una travesía en Veracruz a la que puedes llegar por lancha o al cruzar el Puente Tampico; tú decides cuál opción usar
Paulo Monsiváis
De Tampico a Veracruz, así llegas por transporte público a la ruta del sabor
¿Te gusta más ir en carro? De esta forma puedes llegar a la Ruta del Sabor desde Tampico
Para quienes optan por la comodidad de un vehículo particular, la ruta es igualmente sencilla pero por vía terrestre.
El automovilista debe continuar sobre la carretera, la cual lleva directamente hasta Tampico Alto.
Ruta del Sabor: el referente gastronómico de mariscos en el norte de Veracruz
Esta zona es un referente para los amantes de la cocina de mar a nivel regional; atrae a visitantes que buscan disfrutar de platillos elaborados con productos frescos de la región.
La infraestructura carretera y el servicio de lanchas en Paso del Humo facilitan el acceso, lo que convierte la travesía en parte de la experiencia turística.
Horarios y detalles para ir a la Ruta del Sabor
Independientemente del medio de transporte elegido, los visitantes que parten del centro de Tampico pueden planificar su salida con tiempo para aprovechar al máximo la oferta culinaria.",1267,trafilatura,https://news.google.com/rss/search?q=%22tampico%22+site%3Aoem.com.mx+after%3A2026-03-16+before%3A2026-03-22&hl=es-419&gl=MX&ceid=MX:es-419,downloaded_ok,,,google_batchexecute,False,False,False,False,False,trafilatura
media_w12_playwright,2026-03-16_semana_16marzo_22marzo_26,news_media,site:oem.com.mx,"""tampico""","""tampico"" site:oem.com.mx",3,Liberándose del alcohol / El dominio de sí mismo - El Sol de México,https://news.google.com/rss/articles/CBMif0FVX3lxTE1KQXNwVm5vT2JTNFItd2I0cG5PN0pDbktRNjdlWlp6Nlg5TVpERkFoc1dEMFRrN2Z2RFVCdkRIeW1oQ3Jka0dtUnhZWlZsaFl0RnZsemJHX1plYWpJQ3g2TFptZ2NwS29tQTNMcnhBMHZ6X2xHV3oyQ1p0R1FKQTQ?oc=5,https://oem.com.mx/elsoldetampico/analisis/el-dominio-de-si-mismo-29102166,oem.com.mx,2026-03-22T07:00:00+00:00,2026-04-05T15:50:13Z,"Liberándose del alcohol / El dominio de sí mismo
“Nuestro primer objetivo será adquirir un dominio de nosotros mismos, esto tiene la más alta prioridad” (Décimo Paso).
La importancia de la moderación
El camino hacia el autocontrol
Sin embargo, para algunos sigue siendo difícil. Cuando eso sucede, la perseverancia en la oración, la meditación, el apadrinamiento, el servicio y la asistencia a las reuniones terminará venciendo la mayor de las dificultades.
¿Necesitas ayuda? Si eres alcohólico o conoces a alguien que lo sea, pide orientación en los siguientes números:",570,trafilatura,https://news.google.com/rss/search?q=%22tampico%22+site%3Aoem.com.mx+after%3A2026-03-16+before%3A2026-03-22&hl=es-419&gl=MX&ceid=MX:es-419,downloaded_ok,,,google_batchexecute,False,False,False,False,False,trafilatura
media_w12_playwright,2026-03-16_semana_16marzo_22marzo_26,news_media,site:oem.com.mx,"""tampico""","""tampico"" site:oem.com.mx",3,¿A la playa? El sur de Tamaulipas tendrá sol y clima ideal este domingo - El Sol de México,https://news.google.com/rss/articles/CBMiugFBVV95cUxNVUVfZEpNSVR1MkhyV0dGdnJtSXFMOHpTcHJMSW5LWU05NlN2V1pYdHU2TjVFRHNhWmZva3R2LS1wOXFQVmhPMVJsTTEzZXFEZkhPTjJFdGRXNzlERElZaWVOSFNSVzlsTjMzRGc5TWtTX3hlaVhRa0NDVDA5UUtRNEJLYU1Pc1A3T2xJQW5mbHRES0JHTTlScHo5ZFo1MHBuaDF4YWVmU0VoR0kxMmVlSnYtUTVYRExkTlE?oc=5,https://oem.com.mx/elsoldetampico/local/a-la-playa-el-sur-de-tamaulipas-tendra-sol-y-clima-ideal-este-domingo-29101947,oem.com.mx,2026-03-21T07:00:00+00:00,2026-04-05T15:50:17Z,"¿A la playa? El sur de Tamaulipas tendrá sol y clima ideal este domingo
Temperaturas agradables y baja probabilidad de lluvia favorecerán las actividades al aire libre en la región
Mario Cruces
Temperaturas agradables sin lluvias en la zona sur de Tamaulipas
En municipios como Tampico, Ciudad Madero y Altamira, el clima será especialmente propicio para el turismo local y regional.
Sitios emblemáticos como Playa Miramar, la Laguna del Carpintero y diversos parques naturales ofrecerán un entorno ideal para la convivencia familiar, el descanso y la recreación.
Clima favorecerá turismo y actividades al aire libre
El pronóstico extendido indica que este patrón climático se mantendrá durante los primeros días de la semana, lo que representa un panorama favorable para el sector turístico.",792,trafilatura,https://news.google.com/rss/search?q=%22tampico%22+site%3Aoem.com.mx+after%3A2026-03-16+before%3A2026-03-22&hl=es-419&gl=MX&ceid=MX:es-419,downloaded_ok,,,google_batchexecute,False,False,False,False,False,trafilatura
media_w12_playwright,2026-03-16_semana_16marzo_22marzo_26,news_media,site:oem.com.mx,"""tampico""","""tampico"" site:oem.com.mx",3,"Así se vivió el equinoccio en Tampico: buscan atraer prosperidad, salud y buena vibra con ritual único - El Sol de México",https://news.google.com/rss/articles/CBMi4wFBVV95cUxNWXlLQjFHV0piZEpsdmxkNDltMTRtdExreUR1YW1hWWtqMmR2aHk4dlJkb2MxUUpCQ1gzaUxvX3ZSUVJZbjVGTkpfVTE5eHJpWWg3a0lCZ2dDYVcxemRXMnExVkpsQXFvU3NTSmJlS3Q5bDJOWUlkbWx6c1VZOGpQLTNXcmZjdUZGT3VBNlpqRU1KdE1tQ19PNXZkeS1vUm1WYVg3NHJ0OE1ocGFNVUF3VmF4T28yejVFOG9EWkhwdzdvMVRxaEtNZEowSDl1Qlh4T1pQbUJXNEtoSWNJWk9lYVpHcw?oc=5,https://oem.com.mx/elsoldetampico/local/asi-se-vivio-el-equinoccio-en-tampico-buscan-atraer-prosperidad-salud-y-buena-vibra-con-ritual-unico-29096768,oem.com.mx,2026-03-21T07:00:00+00:00,2026-04-05T15:50:20Z,"Así se vivió el equinoccio en Tampico: buscan atraer prosperidad, salud y buena vibra con ritual único
Participantes se reunieron vestidos de blanco para realizar oraciones y usar elementos simbólicos durante el cambio de estación
Yadira Hernández
La organizadora explicó que esta práctica busca aprovechar el cambio de estación para canalizar la energía del sol y brindar apoyo espiritual a quienes atraviesan dificultades económicas, de salud o personales.
Cuarzos, copal y semillas: elementos clave para atraer energía positiva
Indicó que este tipo de rituales está dirigido principalmente a personas creyentes, quienes buscan fortalecer su fe y decretar mejoras en distintos aspectos de su vida.
Una tradición que suma cinco años en Tampico
“Es una fecha conmemorativa, el equinoccio, y nos preparamos con los cuarzos, ya que cada uno tiene una intención; también se entregan semillas de la abundancia a las personas para que les vaya bien”, señaló.
Asimismo, comentó que el propósito es motivar a la población a iniciar la nueva estación con una actitud positiva, y aprovechar el simbolismo de renovación que representa la primavera.",1138,trafilatura,https://news.google.com/rss/search?q=%22tampico%22+site%3Aoem.com.mx+after%3A2026-03-16+before%3A2026-03-22&hl=es-419&gl=MX&ceid=MX:es-419,downloaded_ok,,,google_batchexecute,False,False,False,False,False,trafilatura
media_w12_playwright,2026-03-16_semana_16marzo_22marzo_26,news_media,site:oem.com.mx,"""tampico""","""tampico"" site:oem.com.mx",3,"Violencia digital e IA, UAT prepara a estudiantes ante nuevos riesgos - El Sol de México",https://news.google.com/rss/articles/CBMiuAFBVV95cUxQYmp4TFVneW00UTFkTWFOWWFiQTl1NnZGY0JkTlFfM2lPdzliSEFINFNGVktHUWlKcnFSTVVyc1M1Sk03b2duNVRkWUZtU3BISHNTdi1mMm5sS0hBcElTRzZqRWxfR1R4UGFBZ1hKNUhvc0VwYkRnN0pRNGd6Sjc2QTdpVkJER1J6MkNYR0ZxU3NOZHVKN242WnN2ajhnbHIzWFh6VnNuWm1UVllmdFdWaDNsSnlCSXJw?oc=5,https://oem.com.mx/elsoldetampico/local/violencia-digital-e-ia-uat-prepara-a-estudiantes-ante-nuevos-riesgos-29072152,oem.com.mx,2026-03-21T07:00:00+00:00,2026-04-05T15:50:24Z,"Localsábado, 21 de marzo de 2026
Violencia digital e IA, UAT prepara a estudiantes ante nuevos riesgos
La universidad promueve espacios académicos para analizar impactos tecnológicos desde un enfoque de derechos humanos
Antonio Campos
La universidad promueve espacios académicos para analizar impactos tecnológicos desde un enfoque de derechos humanos
Antonio Campos
Ante los desafíos que representa el uso de la inteligencia artificial en los entornos digitales, la Universidad Autónoma de Tamaulipas (UAT) fortalece sus acciones académicas para analizar y prevenir los riesgos asociados a la violencia digital de género.
El responsable de la Clínica de Derechos Humanos de la Facultad de Derecho y Ciencias Sociales (Fadycs), José Miguel Cabrales Lucio, dio a conocer que a través de espacios académicos internacionales se analizan los impactos sociales y jurídicos de las tecnologías emergentes, con el objetivo de fortalecer el enfoque de derechos humanos entre estudiantes y especialistas.
➡️ También puedes leer: ¿Sabes qué delitos atiende la Policía Cibernética en Tamaulipas? Te decimos cómo contactarla
Mencionó que recientemente participó en el webinar regional “Violencia digital de género, inteligencia artificial y respuestas desde América Latina”, teniendo como representante al estudiante de Psicología e integrante del equipo de trabajo del organismo universitario, Uriel Enrique Trejo Martínez.
Comentó que esta participación forma parte del grupo interno de estudio sobre Inteligencia Artificial y Derechos Humanos que impulsa la Clínica, mediante el cual se promueve el análisis interdisciplinario de los riesgos tecnológicos, así como la generación de propuestas orientadas a la prevención de la violencia digital.
Resaltó que durante este encuentro participaron especialistas latinoamericanos que compartieron experiencias sobre los retos que enfrentan las instituciones educativas, los sistemas judiciales y las organizaciones civiles ante el crecimiento de la violencia digital facilitada por tecnologías.
➡️ Te recomendamos: Alertan por aumento de ‘montadeudas’ en Tamaulipas: así puedes protegerte de los fraudes de préstamos en línea
En este sentido, la periodista e investigadora Cecilia Palma destacó que “aquellos actos de violencia cometidos, posibilitados o amplificados por herramientas digitales generan daños psicológicos, económicos e incluso físicos”, lo que evidencia la importancia de que las universidades impulsen la formación crítica sobre el uso responsable de la tecnología.
Asimismo, la investigadora Natalia Andrade subrayó los desafíos éticos que surgen con el uso de inteligencia artificial, al señalar que “la inteligencia artificial no es una tecnología única, sino un conjunto de sistemas con implicaciones técnicas, sociales y políticas”, lo que obliga a mantener una revisión constante desde la academia.
A través de este tipo de actividades, la Clínica de Derechos Humanos de la Fadycs UAT busca no solo actualizar a sus integrantes, sino también fortalecer la formación de estudiantes en temas como justicia digital, equidad de género y protección de derechos fundamentales en el entorno virtual.
Destacó Cabrales Lucio que la Universidad Autónoma de Tamaulipas reafirma su compromiso con la formación integral de profesionales conscientes de los retos tecnológicos actuales, promoviendo el análisis crítico y la participación activa en iniciativas académicas que contribuyan a la construcción de entornos digitales más seguros e incluyentes.",3496,trafilatura,https://news.google.com/rss/search?q=%22tampico%22+site%3Aoem.com.mx+after%3A2026-03-16+before%3A2026-03-22&hl=es-419&gl=MX&ceid=MX:es-419,downloaded_ok,,,google_batchexecute,False,False,False,False,False,trafilatura
media_w12_playwright,2026-03-16_semana_16marzo_22marzo_26,news_media,site:oem.com.mx,"""tampico""","""tampico"" site:oem.com.mx",3,Esta playa de Tamaulipas ‘cobra’ un juguete si quieres entrar en Semana Santa 2026 - El Sol de México,https://news.google.com/rss/articles/CBMizwFBVV95cUxQNEhDbU9BVW9mSkRPX052NVZCOGlvcGtIVFpBS1haV282YTRiV1VCUTBPWjcwZ2gxaTg3cEZsNkgwOTRNV2FsWFBCcmlOVk5RZlZPUkhzMkNXR0w1b3JyeXN1RWxpQklZTmRBdWd1dTQzVG5JMk53QmVNX3JIWVlrYXJQRE9EN0ZFcndFbHBzSHpxOTM2aER6ZmdLWkRvb3dVS2p4OEJ2NWJDaHAzMFVVR2NFNFBGQWp4Y1htN3pkU3h0Qldoek9yNlhUTjB0Qzg?oc=5,https://oem.com.mx/elsoldetampico/tendencias/esta-playa-de-tamaulipas-cobra-un-juguete-si-quieres-entrar-en-semana-santa-2026-29079533,oem.com.mx,2026-03-20T07:00:00+00:00,2026-04-05T15:50:28Z,"Esta playa de Tamaulipas ‘cobra’ un juguete si quieres entrar en Semana Santa 2026
Además del acceso solidario, el destino contará con música en vivo y actividades recreativas para visitantes
Roberto González / El Sol de Tampico
“Playa con causa”: invitan a donar juguetes en lugar de pagar entrada
Actividades musicales y ambiente familiar en Playa La Pesca
El ambiente festivo de Semana Santa también llegará a la Playa La Pesca, donde la música norteña será protagonista como parte de las actividades programadas para este periodo vacacional.
El evento forma parte de la iniciativa “Vive La Pesca”, con la que autoridades y organizadores buscan atraer visitantes y ofrecer alternativas de entretenimiento en uno de los destinos más representativos de la costa tamaulipeca.",775,trafilatura,https://news.google.com/rss/search?q=%22tampico%22+site%3Aoem.com.mx+after%3A2026-03-16+before%3A2026-03-22&hl=es-419&gl=MX&ceid=MX:es-419,downloaded_ok,,,google_batchexecute,False,False,False,False,False,trafilatura
media_w12_playwright,2026-03-16_semana_16marzo_22marzo_26,news_media,site:oem.com.mx,"""tampico""","""tampico"" site:oem.com.mx",3,¡De bien para arriba! / Keylogging - El Sol de México,https://news.google.com/rss/articles/CBMiigFBVV95cUxNM2N2ekdTQnRXRjllQlI0S2FzTE40TUVtaGYwaGhmc1hpNDg4a0QxeHI1WVphU3lUMEthRm85RktBRHBKb2pQUzVDZWxWaHp0RlNFVDBMclp3Sk5xcG5jdVZSNG9Kd2dWal9wQzdhZFUxbHAwOFZzaDZHZmJ5Ql9zb2dpWkVBWThiX3c?oc=5,https://oem.com.mx/elsoldetampico/analisis/de-bien-para-arriba-keylogging-29063447,oem.com.mx,2026-03-20T07:00:00+00:00,2026-04-05T15:50:32Z,"¿Te quedas fuera de la conversación? Mandamos a tu correo el mejor resumen informativo.
A muchos de nosotros nos sorprendió el uso de secuencias desordenadas aleatoriamente con los números del 0 al 9 en las Terminales de Punto de Venta (TPV) o terminales bancarias, que son los dispositivos que permiten a los comercios aceptar pagos con tarjetas de débito/crédito y métodos contactless. Esta medida de seguridad está enfocada a mitigar el riesgo de ataque de malware especializado, como rastreadores de memoria (RAM scrapers) e ingeniería social, para robar datos de tarjetas bancarias directamente desde la memoria del dispositivo durante una transacción.
El objetivo de esta estrategia es ponerle freno al keylogging, que consiste en registrar cada tecla que se pulsa en una computadora o dispositivo móvil y, aunque algunos keyloggers se utilizan legalmente para el control parental o la supervisión de empleados, muchos son instalados por ciberdelincuentes para robar datos privados.
De acuerdo con el sitio: https://latam.kaspersky.com/blog/, un keylogger es un software o hardware que puede interceptar y guardar las pulsaciones realizadas en el teclado de un equipo que haya sido infectado. Este malware se sitúa entre el teclado y el sistema operativo para interceptar y registrar la información sin que el usuario lo note; además, un keylogger almacena los datos de forma local en la computadora infectada y, en caso de que forme parte de un ataque mayor, permite que el atacante tenga acceso remoto al equipo de la víctima y registre la información en otro equipo.
Los registradores de pulsaciones de teclas pueden utilizarse tanto con fines legítimos como maliciosos. Entre sus usos legítimos, las empresas pueden usar registradores de pulsaciones de teclas para monitorear la productividad de los empleados, asegurándose de que los recursos de la empresa se utilicen adecuadamente y las tareas se realicen de manera eficiente. También, en el ámbito educativo, estos registradores pueden ayudar a los docentes a hacer un seguimiento del progreso de los estudiantes en exámenes o trabajos, garantizando así la integridad académica.
Como valor agregado, los registradores de pulsaciones de teclas pueden utilizarse para el control parental, permitiendo supervisar las actividades en línea de los niños y protegerlos de posibles amenazas cibernéticas. Además, los organismos y agencias de seguridad también podrían utilizarlos legalmente para rastrear actividades delictivas, recopilar pruebas y vigilar a los sospechosos bajo investigación, siempre que cuenten con la autorización legal correspondiente.
En el escenario de la ciberseguridad, la rápida evolución de las tecnologías periféricas de hardware que permiten al usuario introducir datos, comandos que gestionan el flujo de datos en una computadora para su procesamiento, las plataformas en la nube y los ecosistemas móviles han introducido nuevas superficies de ataque que los adversarios explotan cada vez más a través de técnicas avanzadas de keylogging.
El sitio: https://www.pandasecurity.com/es/, señala que los keyloggers pueden ser software instalado de forma oculta en el dispositivo o en dispositivos físicos conectados a nuestra computadora y funcionan como un registrador de teclas, capturando datos sensibles sin alertar al usuario. Una vez que tus pulsaciones quedan registradas, los atacantes pueden usar esos datos de formas muy perjudiciales, como el robo de identidad, que puede utilizarse para abrir cuentas bancarias, solicitar préstamos o cometer otros delitos en tu nombre. Los hackers también pueden robar credenciales de acceso, secretos comerciales y documentos financieros de una empresa, provocando pérdidas económicas y daño competitivo.
Entre las diferentes ciberamenazas también se encuentra el ciberacoso, que consiste en que los atacantes pueden rastrear conversaciones privadas, actividad en redes sociales y búsquedas online para acosar o intimidar a las víctimas. Por otro lado, también se pueden producir pérdidas económicas, ya que al conocer las credenciales bancarias o los datos de tarjetas de crédito capturados pueden usarse para vaciar cuentas o realizar compras no autorizadas. Una práctica bastante común es el secuestro de cuentas, ya que con los nombres de usuario y contraseñas robadas pueden dar a los criminales acceso total a nuestro correo electrónico, redes sociales o sistemas de trabajo y, claro, también daños a la reputación, consistente en mensajes, fotos o documentos corporativos sensibles que pueden filtrarse, creando problemas de reputación o afectando las relaciones personales y profesionales.
Como usuarios debemos proteger nuestros dispositivos. Algunas recomendaciones para evitar el robo de contraseñas o información: se debe tener instalado y vigente un antivirus, antispyware y software antimalware; también implementar controles de acceso sólidos y activar la verificación en dos pasos (2FA) para añadir una capa extra en los inicios de sesión; así, incluso si roban nuestra contraseña, no podrán acceder sin el segundo código. Se sugiere utilizar programas de autocompletado para introducir contraseñas y datos personales sin escribirlos, evitando que un keylogger pueda registrarlos.
Concluyendo y como ya fue señalado, como usuarios tenemos la responsabilidad en la seguridad y protección de nuestros datos; por tanto, para evitar que algún software malicioso llegue a nuestros dispositivos, es preciso instalar software antivirus y antimalware.",5488,trafilatura,https://news.google.com/rss/search?q=%22tampico%22+site%3Aoem.com.mx+after%3A2026-03-16+before%3A2026-03-22&hl=es-419&gl=MX&ceid=MX:es-419,downloaded_ok,,,google_batchexecute,False,False,False,False,False,trafilatura
media_w12_playwright,2026-03-16_semana_16marzo_22marzo_26,news_media,site:oem.com.mx,"""tampico""","""tampico"" site:oem.com.mx",3,¡A comerse las tenazas! Regresa la Jaiba de la Barda en Semana Santa 2026 a Tampico - El Sol de México,https://news.google.com/rss/articles/CBMizAFBVV95cUxPbGJJcy02TmljLThjZzlETTdkUW1meDFxV09FOW1ZMWNqc0hta3c4T1lHTFJvN2JDZ0NYMDc4dE1OaWZxMzkzSjhxNXhma3VqT3FvUVc2TDY0eTM3QXZFcVlWZDZLS3BXZjZPWW15UUk5bFBHT0pFTEpaWGgyT0FlVmZCcUNXTGJfbjUxUG04VTBnQzlGMm04d0FNc1NLQi1Ic3pwa1pnUXpCb0dMakNjcFRQd2E0dUMzYjlKWlFsTy1YTzlBT0w1Z0NyV2c?oc=5,https://oem.com.mx/elsoldetampico/turismo/a-comerse-las-tenazas-regresa-la-jaiba-de-la-barda-en-semana-santa-2026-a-tampico-29056380,oem.com.mx,2026-03-19T07:00:00+00:00,2026-04-05T15:50:36Z,"¡A comerse las tenazas! Regresa la Jaiba de la Barda en Semana Santa 2026 a Tampico
Cuenta con los ingredientes tradicionales: frijoles refritos, jamón, queso de puerco, queso amarillo, queso blanco, chorizo, carne deshebrada, tomate, cebolla, aguacate y chicharrón en salsa verde
Antonio Campos
La historia de la Jaiba de la Brava en Tampico
La propietaria de Tortas de la Barda “Las Mamalonas”, María de los Ángeles Sandoval, explicó que este producto regresa como parte de las innovaciones que preparan para las temporadas de mayor actividad turística en el sur de Tamaulipas.
Asimismo, Jesús Sandoval mencionó que esta receta representa también un homenaje familiar, ya que fue una idea que dejó un ser querido y que hoy continúan impulsando como parte del legado del negocio.
“Esa innovación mi hermana nos la dejó porque ahora sí que se nos adelantó en el camino, pero nosotros tenemos el gusto de volverla a sacar para que la gente venga y deguste esa torta tan rica”, expresó Jesús Sandoval.
¿Cómo comer las patitas de la Jaiba de la Barda?
Aseguró que además de su imagen, su peso también resulta atractivo, ya que puede alcanzar entre los 600 gramos y hasta un kilogramo, dependiendo de la preparación.
Destacó que muchos turistas llegan con curiosidad al ver esta creación, ya que rompe con la presentación tradicional de la Torta de la Barda.",1354,trafilatura,https://news.google.com/rss/search?q=%22tampico%22+site%3Aoem.com.mx+after%3A2026-03-16+before%3A2026-03-22&hl=es-419&gl=MX&ceid=MX:es-419,downloaded_ok,,,google_batchexecute,False,False,False,False,False,trafilatura
media_w12_playwright,2026-03-16_semana_16marzo_22marzo_26,news_media,site:oem.com.mx,"""tampico""","""tampico"" site:oem.com.mx",3,COLUMNAS DE MI AUTORÍA - El Sol de México,https://news.google.com/rss/articles/CBMic0FVX3lxTE93bEFkcjZ6TVFjVVE2M0NGSW9zU0h0V0xGSmp2THJJR0xnRW9ZOWtUREdSQ2pvSnFad0dhSzRheXY5X0NSemJYU2thVTVPYmJOU0ctcDNqOGhYZHpyWGM3NFpZUXprVmdNcFFjOFI4WWdQcjg?oc=5,https://oem.com.mx/elsoldetampico/analisis/autor/jorge-perez-4612,oem.com.mx,2026-03-20T07:00:00+00:00,2026-04-05T15:50:40Z,"Con una formación en economía a nivel doctoral, maestría y licenciatura, pretendo mediante la colaboración en la columna de “El Pulso de la Economía” proporcionar un espacio que busca ser guía confiable y accesible sobre las situaciones económicas que prevalecen en la actualidad de una manera clara y sencilla, de tal forma que nos permita entender el mundo que nos rodea, fomentando con ello una ciudadanía informada, crítica y participativa.",444,trafilatura,https://news.google.com/rss/search?q=%22tampico%22+site%3Aoem.com.mx+after%3A2026-03-16+before%3A2026-03-22&hl=es-419&gl=MX&ceid=MX:es-419,downloaded_ok,,,google_batchexecute,False,False,False,False,False,trafilatura
media_w12_playwright,2026-03-16_semana_16marzo_22marzo_26,news_media,site:oem.com.mx,"""tampico""","""tampico"" site:oem.com.mx",3,En Altamira abren convocatoria de personal de enfermería para laborar en Alemania: conoce los requisitos - El Sol de México,https://news.google.com/rss/articles/CBMi5wFBVV95cUxNRjNNc0xXblByeEc2N3pFQnZGZGtPMEhkd1FnaWpUMGR3bU1fMTBKa3MzbzYzT01yb1ZVeUZLVUNXS2NRcUtIVXN2ZTdsOGotc2F3Vzd3R3BCVGFNN2VxTGRrdl9xUDBTVHpmSGo2X3pCa3ozM19WbVVwaE5CU096X3hKbTVwbVFvOUFPTkNxbnZIQ1ZEdGd1QUNZUWlYX2RvdjBDbHVJNzZYTTZhZWlNSFJGY0hfOVhYeC1kWElITE5BMEZOMDd0UFc3S3ZFWl9nVld0TGFSTTVFS2NaM01JSmhXbTYyMEE?oc=5,https://oem.com.mx/elsoldetampico/local/en-altamira-abren-convocatoria-de-personal-de-enfermeria-para-laborar-en-alemania-conoce-los-requisitos-29077436,oem.com.mx,2026-03-20T07:00:00+00:00,2026-04-05T15:50:44Z,"En Altamira abren convocatoria de personal de enfermería para laborar en Alemania: conoce los requisitos
La selección de los candidatos se va a realizar en la Ciudad de México por parte de personal médico alemán
Miguel Díaz
Vendrán desde Alemania a reclutar personal de enfermería
“Será personal profesional de medicina procedentes de Alemania quienes vendrán a seleccionar a los técnicos o profesionales en enfermería y, en caso de reunir los requisitos, contratarlos”, añadió Gómez Aguilar.
¿Cuáles son los requisitos de los hospitales de Alemanía en el área de enfermería?
Entre los requisitos básicos que piden los hospitales alemanes para contratar a enfermeras o enfermeros alemanes destacan tener los títulos y acreditaciones así como cuando menos tres años de experiencia.
SNT pagará un curso de alemán al personal seleccionado
Si la o el aspirante a laborar en Alemania no sabe hablar alemán, el SNE pagará un curso básico para que aprendan el idioma alemán una vez que hayan sido seleccionados.
“El Servicio Nacional del Empleo les proporcionará el pago de un curso del idioma alemán con la finalidad de que vayan preparados para trabajar en dicho país de Europa”, puntualizó Gómez Aguilar.",1200,trafilatura,https://news.google.com/rss/search?q=%22tampico%22+site%3Aoem.com.mx+after%3A2026-03-16+before%3A2026-03-22&hl=es-419&gl=MX&ceid=MX:es-419,downloaded_ok,,,google_batchexecute,False,False,False,False,False,trafilatura
media_w12_playwright,2026-03-16_semana_16marzo_22marzo_26,news_media,site:oem.com.mx,"""tampico""","""tampico"" site:oem.com.mx",3,¿No sabes cómo llegar a la ruta de la sal en Altamira? Aquí te explicamos - El Sol de México,https://news.google.com/rss/articles/CBMivAFBVV95cUxOOFU0LXF2NzQ4NE5OSGdzNDloUkNOdXFaZEYtNjA0ajAzUDlMMWxqZElnbTRnV0lHdmpVVC1VOU5EMGlxVFVITnFyc2IzVHJPOFhlMTJoelBYRWN2YXBxWGN1MUVRc2Z4WDR4ZTFNYWtJTjQ5eDR4dUJEb04tSjU1OUlQeXJ0c0I4SEhJQjh5T09wT1R2Z29ZOGRzQkthQnVTbzNEY1AwdWlIRy1OUzVYd1h3OUlNS0U4a3EyQQ?oc=5,https://oem.com.mx/elsoldetampico/local/no-sabes-como-llegar-a-la-ruta-de-la-sal-en-altamira-aqui-te-explicamos-29083286,oem.com.mx,2026-03-21T07:00:00+00:00,2026-04-05T15:50:47Z,"¿No sabes cómo llegar a la ruta de la sal en Altamira? Aquí te explicamos
Prestadores del servicio se encuentran listos para transportar visitantes a Lomas del Real
Miguel Díaz
Prestadores del Transporte Público de la ruta Altamira-Lomas de Real-Aquilés Serdán, se encuentran listos para apoyar en el traslado para los turistas.
Los prestadores del servicio público Carlos Guerrero, Efraín Sánchez y Luis Fernando Vargas, informaron a EL SOL DE TAMPICO que este domingo brindan servicio a partir de las 05:30 horas y hasta las 16:00 horas.
¿Dónde se puede tomar el transporte público para ir a la ruta de la sal?
Esto toma llegar a la ruta de la sal en Altamira
Para participar en los eventos y recibir la Primavera 2026, cuyo evento principal tendrá lugar en la plaza “El Tamarindo”, se deberá tomar en cuenta la distancia en tiempo.
¿Cuentas con un carro? esta es la ruta a seguir en transporte particular
En cambio desde el centro de Ciudad Madero la distancia es de 35 kilómetros, pues se acorta camino por el corredor urbano Luis Donaldo Colosio.",1051,trafilatura,https://news.google.com/rss/search?q=%22tampico%22+site%3Aoem.com.mx+after%3A2026-03-16+before%3A2026-03-22&hl=es-419&gl=MX&ceid=MX:es-419,downloaded_ok,,,google_batchexecute,False,False,False,False,False,trafilatura
media_w12_playwright,2026-03-16_semana_16marzo_22marzo_26,news_media,site:oem.com.mx,"""tampico""","""tampico"" site:oem.com.mx",3,Mónica Castro: una historia de crecimiento que hoy dirige Nissan Tampico - El Sol de México,https://news.google.com/rss/articles/CBMiwAFBVV95cUxNdlBWcTNOeHZLQ2l4REFpMmZ2X3Y5QTJpMF91aGxmX0pUc0dtVHRoNmhIUWFLbHNwSHFmSnUzZVVuR1k4MDk1eEI4bVRJcF95TnBhMEVxN01kUXNOTlhqa29HcWNXTlctQ0puVFEzMVhZdDNJazBuTGM0TE9SWXl5R3NZd2dWUGhTMjRmS19wd29aN0s5N0NlZTBMU1FOYk9KMXlYU0hVU01Wb3BrendVMVdkc3FkOGdiYjNUQ2pnZzU?oc=5,https://oem.com.mx/elsoldetampico/finanzas/monica-castro-una-historia-de-crecimiento-que-hoy-dirige-nissan-tampico-28953511,oem.com.mx,2026-03-17T07:00:00+00:00,2026-04-05T15:50:50Z,"Mónica Castro: una historia de crecimiento que hoy dirige Nissan Tampico
Mónica Lizbeth Castro Montaño dirige la agencia Nissan Tampico, con un marcado impulso a la innovación
María Macías
Mónica suma 22 años de carrera dentro de Grupo Charur, propietario de la concesionaria, donde ha pasado por diversas áreas que le permitieron comprender el funcionamiento de la empresa desde sus bases.
“Toda mi carrera en la venta de autos se ha dado en Grupo Charur en la marca Nissan, donde me he desempeñado en diferentes puestos.
Todo debe funcionar en sinergia: Mónica Castro
“Todos estos años me han ayudado a entender desde la raíz lo más importante del negocio y una parte fundamental de estar liderando una empresa es la comunicación interna, pero sobre todo la comunicación externa con los clientes”, señaló.
El objetivo es generar una correlación entre los distintos departamentos para ofrecer una experiencia integral.
“Ser líder es asegurarse que haya una sinergia entre todos los departamentos, impulsar a cada colaborador a dar lo mejor de sí todos los días; lo que nos va a dar como resultado que los clientes nos prefieran”, afirmó.
Modelos con innovación en Nissan Tampico
En cuanto a la oferta de vehículos, comentó que durante el primer trimestre del año la agencia ha impulsado la renovación de modelos sedán, particularmente el Nissan Versa y el Nissan Sentra 2026.
El rediseño se observa también en la parte trasera, con una placa distintiva integrada entre los faros para una apariencia más moderna.
“Los clientes hacen un match entre lo que el auto les ofrece para el día a día y lo que les ofrece visualmente, tanto interior como exterior”, afirmó la gerente.",1674,trafilatura,https://news.google.com/rss/search?q=%22tampico%22+site%3Aoem.com.mx+after%3A2026-03-16+before%3A2026-03-22&hl=es-419&gl=MX&ceid=MX:es-419,downloaded_ok,,,google_batchexecute,False,False,False,False,False,trafilatura
media_w12_playwright,2026-03-16_semana_16marzo_22marzo_26,news_media,site:oem.com.mx,"""tampico""","""tampico"" site:oem.com.mx",3,Café Cultura / El derecho a la tierra - El Sol de México,https://news.google.com/rss/articles/CBMif0FVX3lxTFBJcWoyRXpaVEg3ZUgzSEtUVGNKVlpjSktDNWVRb19ZQUZMbTRER08wSGpheXJmdlFCNnlXVnpmUWw3cGZUYVVuZW42V2NuTWhlc3lxZnRJeGlybkExbnN2QkcxRUtpQ0ZRaTlIWEFGNktpVU4yNHd3T0R0RVlYdms?oc=5,https://oem.com.mx/elsoldetampico/analisis/el-derecho-a-la-tierra-29100985,oem.com.mx,2026-03-22T07:00:00+00:00,2026-04-05T15:50:54Z,"Café Cultura / El derecho a la tierra
Alguien ha dicho que la comida rápida es popular porque es conveniente, es barata y sabe bien. Pero el verdadero costo de ingerir comida rápida nunca aparece en el menú.
Él es mazorca de maíz en el tiempo.
Él es el silencio de una nube.
Él es el corazón de la tierra labrada.
Él es la historia que quiero repetir.
*La Grieta de la Tierra.
Oliva Castillejos Dehesa
amparo.gberumen@gmail.com",427,trafilatura,https://news.google.com/rss/search?q=%22tampico%22+site%3Aoem.com.mx+after%3A2026-03-16+before%3A2026-03-22&hl=es-419&gl=MX&ceid=MX:es-419,downloaded_ok,,,google_batchexecute,False,False,False,False,False,trafilatura
media_w12_playwright,2026-03-16_semana_16marzo_22marzo_26,news_media,site:oem.com.mx,"""tampico""","""tampico"" site:oem.com.mx",3,Añoranzas / Benemérito de las Américas - El Sol de México,https://news.google.com/rss/articles/CBMihAFBVV95cUxQNG9iMlE1clJoaHRrVUJBNVhlMW95YmtqRkFQeVpNRV9YQ2lxVHVaOG9BSnZJQjZta0xZa0ZxRVpmYjVRRkdVdUNGQVF4X0w1aU9ZZ3gwZTV6dlN1U2RqelZlRG5xaUR5T2xQMXN3QXVKZDNoRllSMUd2WHpfTmZXdE9ndDE?oc=5,https://oem.com.mx/elsoldetampico/analisis/benemerito-de-las-americas-29101178,oem.com.mx,2026-03-22T07:00:00+00:00,2026-04-05T15:50:57Z,"Añoranzas / Benemérito de las Américas
¿Por qué no había escuela rural en el distrito de Ixtlán? ¿Por qué las veinte familias que vivían en su pequeño poblado estaban sumidos en la miseria? ¿Por qué no sabía leer ni escribir?
Un buen día tomó una decisión que cambió radicalmente su vida. Descalzo y casi corriendo se fue a la Capital a buscar a su hermana María Josefa, que trabajaba de cocinera con la familia Maza.
-Ayúdame Chepa, quiero aprender a hablar “castilla”, quiero saber números, quiero aprender...
-No te apures Benito, le voy a pedir al Señor Obispo que te meta al seminario para que seas cura, no hay de otra -contestó su hermana con ternura- Pero tienes que estudiar harto.
Hoy en día, y como están las cosas en nuestro país, ¡qué ganas de gritar con todas nuestras fuerzas: ¡Juárez, Juárez, Juárez!",816,trafilatura,https://news.google.com/rss/search?q=%22tampico%22+site%3Aoem.com.mx+after%3A2026-03-16+before%3A2026-03-22&hl=es-419&gl=MX&ceid=MX:es-419,downloaded_ok,,,google_batchexecute,False,False,False,False,False,trafilatura
media_w12_playwright,2026-03-16_semana_16marzo_22marzo_26,news_media,site:oem.com.mx,"""tampico""","""tampico"" site:oem.com.mx",3,Colecta solidaria para Lyan Alexandro: buscan reunir fondos para operación urgente de oído - El Sol de México,https://news.google.com/rss/articles/CBMi1AFBVV95cUxNcG9IbmdzM3N2bUZ3em1TQzd6VzFFTU1mcW1ndkZPdGhLVFRHRkV5eGJnUy1GTkFyZTdRdEUtVDI2a3MwSG9pUVhqWUp3QWRVWUxLWnpEOG9HQnRZYWROS2c4bTNEUmJGRmFQVHBkYUFwMmVrbHo0dWd1X2JHamdZbzc2YzVUeVBtOGYtTG4yQ0lYY0tPWmd0UUo1SjZlajhFOHJsQ0xKYzRwQ0dtaV90YXpiSk1JYzUya3pldE5mdkVmbFhSdjZJNDdzUU9fanotTkg3WQ?oc=5,https://oem.com.mx/elsoldetampico/local/colecta-solidaria-para-lyan-alexandro-buscan-reunir-fondos-para-operacion-urgente-de-oido-29118422,oem.com.mx,2026-03-22T07:00:00+00:00,2026-04-05T15:51:01Z,"Colecta solidaria para Lyan Alexandro: buscan reunir fondos para operación urgente de oído
La intervención está programada para el 30 de marzo y tiene un costo total de 256 mil 500 pesos
Mario Cruces
La actividad se llevó a cabo sobre Ejército Mexicano, entre avenida Cuauhtémoc y calle Estadio, donde integrantes de los clubes Volkswagen “Sin Ley, Sin Club” y “Club Jaibos 4x4” organizaron un boteo para reunir el dinero faltante.
Los vehículos participantes también portaban mensajes de apoyo, generando conciencia entre automovilistas y peatones que transitaban por la zona.",577,trafilatura,https://news.google.com/rss/search?q=%22tampico%22+site%3Aoem.com.mx+after%3A2026-03-16+before%3A2026-03-22&hl=es-419&gl=MX&ceid=MX:es-419,downloaded_ok,,,google_batchexecute,False,False,False,False,False,trafilatura
media_w12_playwright,2026-03-16_semana_16marzo_22marzo_26,news_media,site:oem.com.mx,"""tampico""","""tampico"" site:oem.com.mx",3,Adiós a las aulas viejas: primaria de la colonia Américo Villarreal estrena instalaciones de primer nivel - El Sol de México,https://news.google.com/rss/articles/CBMi6AFBVV95cUxOSnlBSmV1VUY2MF9VaGJGTUEydHkwajItZmlGTGZVTjVlY1NYcWdSUjJFLTNMdjNkOEh2OWlQc3VQWE5MR3Z4c09wek9xaWwyNDNWNFVPenVwSXE2TlNVeEgwRjZfREFBYWRfNlNmU2FFa0hTRURLZXdpOWR2TnROaWJfd2Z1OVNrd2JfSXNZU05mMlBldmpGMTNxLVduTHZwdEdwbnFSa3pSYl9ZU0VMc1FaU0c0UmMzSEh2ZW5fbERha0l5Tk42MEdteGZ1eF9JU2U5ODZVQTV3RldWQjVCdWlOSjhSaE1Z?oc=5,https://oem.com.mx/elsoldetampico/local/adios-a-las-aulas-viejas-primaria-de-la-colonia-americo-villarreal-estrena-instalaciones-de-primer-nivel-29057159,oem.com.mx,2026-03-22T07:00:00+00:00,2026-04-05T15:51:05Z,"Adiós a las aulas viejas: primaria de la colonia Américo Villarreal estrena instalaciones de primer nivel
El Gobierno Municipal de Nuevo Laredo construyó aulas que permitirán el fortalecimiento de la enseñanza de los niños.
Antonio Campos
Durante el evento, se resaltó que esta obra forma parte del compromiso del Gobierno Municipal por fortalecer la infraestructura educativa y garantizar mejores condiciones para el aprendizaje de niñas y niños de Nuevo Laredo.
“Cuando invertimos en la educación, estamos invirtiendo en el futuro de nuestras niñas y niños. Hoy entregamos estas aulas dignas que brindarán mejores oportunidades de aprendizaje y desarrollo para esta comunidad escolar”, dijo la edil.
Renovación total de espacios educativos en Nuevo Laredo
Asimismo, dicha obra incluyó trabajos de demoliciones y remociones, cimentación firme de concreto, construcción de columnas, muros de block, vigas, trabes y losa sólida.",927,trafilatura,https://news.google.com/rss/search?q=%22tampico%22+site%3Aoem.com.mx+after%3A2026-03-16+before%3A2026-03-22&hl=es-419&gl=MX&ceid=MX:es-419,downloaded_ok,,,google_batchexecute,False,False,False,False,False,trafilatura
media_w12_playwright,2026-03-16_semana_16marzo_22marzo_26,news_media,site:oem.com.mx,"""tampico""","""tampico"" site:oem.com.mx",3,Hablemos de tecnología / Los costos ocultos - El Sol de México,https://news.google.com/rss/articles/CBMimAFBVV95cUxNeUpjNnRhZHMwYXo2OVdXU3ZMY0s3T1VlYlFxWDl5bXR3MVVYRDZGeWNyekg1d2d4ME03Tzk5WDdxRG9pODRyd1ZzZGItWkFVM1BYb1hhc21xS3BQdmY4WkpieERXSnhoYmlwbFdfSkVBWUZfbFNGWmxNV2RkZFhId2k5cWk3TGpVSlF1Q3kzSEI3UHBoajJDcg?oc=5,https://oem.com.mx/elsoldetampico/analisis/hablemos-de-tecnologia-los-costos-ocultos-29083635,oem.com.mx,2026-03-21T07:00:00+00:00,2026-04-05T15:51:09Z,"Hablemos de tecnología / Los costos ocultos
Mientras usted interactúa con una IA, genera texto, imágenes o automatiza procesos, detrás de esa aparente simplicidad existe una infraestructura colosal.
Porque al final del día, la inteligencia artificial no es magia. Es infraestructura, energía, inversión y decisiones humanas. Y como toda herramienta poderosa, su valor no depende solo de lo que puede hacer, sino de cómo decidimos utilizarla.",441,trafilatura,https://news.google.com/rss/search?q=%22tampico%22+site%3Aoem.com.mx+after%3A2026-03-16+before%3A2026-03-22&hl=es-419&gl=MX&ceid=MX:es-419,downloaded_ok,,,google_batchexecute,False,False,False,False,False,trafilatura
media_w12_playwright,2026-03-16_semana_16marzo_22marzo_26,news_media,site:milenio.com,"""Monica Villarreal""","""Monica Villarreal"" site:milenio.com",4,La Grilla - Milenio,https://news.google.com/rss/articles/CBMilAFBVV95cUxNOVBJMnpSRkdFNzhEUmVBMi14V2J3Um1kbDZhM3kxUk9CWlVTdmUtSkRseDFLeUFIU0Z0d2l6UDdfbS1OWWNEVE9DcWw5ZjZZMFN3dzM1cmY0XzVQZS0xTUg1eVpmVHEybmtYUVpCMWtPLUpjdGcwWVJ1bjRiUVF6anhYbGRRMTh0ZkNTZmo1UHdTNzc20gGUAUFVX3lxTE9RNWlqNTBqOTlrMXUwMEJkUXFUZFZ0T2c5bVhJcWl2STNXZU5EX2tkLUoxeC1LM0F6ZENiNTNfNVdyTmREM1MzMXhSaTlOS05wVUVWSWRfWXF2RGRxX0w1bUM2LXhFNkMxRXlCYnhZaDM2ME9xZDNTcVRrN2dieUF4a09aRzRZcEdfQUlkODVmOHMtR18?oc=5,https://www.milenio.com/opinion/editoriales/se-dice-en-la-grilla-tamaulipas/la-grilla_1103,www.milenio.com,2026-03-19T07:00:00+00:00,2026-04-05T15:51:17Z,"Que la alcaldesa de Tampico, Mónica Villarreal, fue a recibir al gobernador Américo Villarreal al aeropuerto privado la mañana de este miércoles, previo a la gira presidencial. Se aprovechó la coincidencia para hacer la entrega de diez motos para la Dirección de Tránsito, que ya les hacían falta a los agentes.
Que en la conmemoración de la Expropiación Petrolera generó reacciones la reaparición de Cuauhtémoc Cárdenas, al llegar junto con la presidenta Claudia Sheinbaum al evento en una terminal de plataformas en el puerto de Tampico. Pese a su cansancio, el tres veces candidato presidencial por el extinto PRD caminó desde el vehículo hasta el estrado principal.
Que, por cierto, en el protocolo hubo un momento muy serio entre Sheinbaum y la gobernadora de Veracruz, Rocío Nahle, pues en esa conversación la mandataria puso un rostro hasta de cierto enojo; sin embargo, en su discurso le dio su lugar por iniciar el rescate de la soberanía energética cuando fue secretaria de Energía.
Que Sheinbaum tuvo muchos intercambios de sonrisas y comentarios muy alegres con el tamaulipeco Américo Villarreal quien, cabe señalar, coincidió en su arribo a estos patios con el secretario de la Defensa Nacional, Ricardo Trevilla Trejo. Después, convivió con la titular de Sener, Luz Elena González, y Víctor Rodríguez, director de Pemex.
Que aunque Ricardo Aldana no pudo acudir como líder nacional de los trabajadores petroleros, la mayoría de los líderes de secciones en el Sindicato Petrolero se hicieron sentir con porras para la presidenta. Llamó la atención que, como calentamiento previo, soltaron algunas para Esdras Romero Vega, secretario del Interior y Acuerdos de la Sección Uno.
Que el mensaje del árbitro electoral, Juan José Ramos Charre, no deja lugar a dudas: sí va la ""tijera"" a los cabildos. Menos síndicos —de dos a uno— y un tope de 15 regidores. ¿Dónde pega? En nueve municipios, incluidos los del sur. La pelea por estos espacios se va a poner intensa y, con su dosis de “manita de puerco”, no faltarán los votos para sacarlo adelante.
Que en la mira de la Fiscalía Anticorrupción de Tamaulipas, se dice, se encuentra Ernesto Ferrara Theriot, quien fuera subsecretario de Derechos Humanos en Bienestar Social en el pasado gobierno de Francisco García Cabeza de Vaca y también dirigente del partido albiazul en la ciudad de Nuevo Laredo, entre muchos otros cargos que ha ejercido.",2399,trafilatura,https://news.google.com/rss/search?q=%22Monica+Villarreal%22+site%3Amilenio.com+after%3A2026-03-16+before%3A2026-03-22&hl=es-419&gl=MX&ceid=MX:es-419,downloaded_ok,,,google_batchexecute,False,False,False,False,False,trafilatura
media_w12_playwright,2026-03-16_semana_16marzo_22marzo_26,news_media,site:milenio.com,"""Monica Villarreal""","""Monica Villarreal"" site:milenio.com",4,La Grilla - Milenio,https://news.google.com/rss/articles/CBMilAFBVV95cUxOZG9uOVJXRDI2c0lQV0dZZmM4aUR0d1NZTHYtMGZZSmZpN1M0cEY5LXZObkJEVzRnWnRBNUtqY2ZEWmNTbVN2LVdPaVpRNWRuUGtqMFZFLXlUV01NanlWb18tTTlJNFVXWHdRdXdSSW10NXlaZ2hJOXZfQTNTMjlienRYTkxyQ2VLOHlDNnRBQlREa3JL0gGUAUFVX3lxTFBoNzNBaFlPZ2dhLUt0MlkxMGt0cFBQbi0zeWo5N2lkaGl1X2ZuVGRHWERCelRjRjk4enVidVp0QzdCY2MzQ0ZNSGwwcnpoaTBMRlpnRVFCSTI2bWhyR1ZsLXN6Y1hzWUxNNGNrZEt6a0h0Y01KeUg2UGhRcmRKQzNZN2FvVWI3U0gzcXBHdGQ4dHctWUY?oc=5,https://www.milenio.com/opinion/editoriales/se-dice-en-la-grilla-tamaulipas/la-grilla_1102,www.milenio.com,2026-03-18T07:00:00+00:00,2026-04-05T15:51:21Z,"Que la visita de la presidenta de la República, Claudia Sheinbaum Pardo, programada para este miércoles, generó un blindaje especial de seguridad desde este martes, mediante sobrevuelos de la Marina y recorridos terrestres de la Guardia Nacional. Incluso le dieron una “manita de gato” a la ruta que seguirá la líder de la 4T por el puerto de Tampico, con motivo del Día de la Expropiación Petrolera.
Que fueron un verdadero terremoto los cambios en el gabinete de Américo Villarreal Anaya: primero, la llegada de Adriana Marcela Hernández Campos como secretaria de Salud; Karl Heinz Becker Hernández como titular de la Seduma; y Gerardo Algarín Hernández como coordinador de Comunicación Social. La responsabilidad de los nuevos funcionarios será mantener y fortalecer la labor en favor de los tamaulipecos.
Que en redes sociales el secretario de Seguridad de Puebla, Jorge Méndez Guillén, presumió su trayectoria en el rubro y reconoció la labor de “El Batman mexicano” (Omar García Harfuch), así como del gobierno estatal y del municipio de Tampico, encabezado por Mónica Villarreal Anaya.
Que en el mercado de Tampico, Francisco Santacruz, quien se presenta como locatario, insiste en organizar bailes con venta de alcohol. Aquí, los comerciantes lo que buscan es coordinación entre la Dirección de Mercados y Cultura para llevar a cabo actividades recreativas y culturales, no fiestas donde solo unos cuantos resulten beneficiados.
Que sorprendió el auditor Francisco Noriega al calificar como “escandalosas” las cifras de observaciones de cuentas públicas y señalar que no necesariamente implican corrupción. ¿Se trata de errores administrativos masivos, descuidos sistemáticos o simples detallitos contables? Minimizar el fondo puede enviar un mensaje peligroso: que se pueden seguir acumulando irregularidades sin consecuencia.
Que en el INE Tampico los movimientos se dieron en lo oscurito, pues no invitaron ni a la prensa ni a los partidos. Rindió protesta la encargada de despacho de la Vocalía Ejecutiva, Gloria del Ángel, junto con una interina en la Secretaría y otro en Capacitación Electoral. Este último, según las malas lenguas, hasta hace poco era el contador y ahora tendrá que navegar en otras aguas.",2222,trafilatura,https://news.google.com/rss/search?q=%22Monica+Villarreal%22+site%3Amilenio.com+after%3A2026-03-16+before%3A2026-03-22&hl=es-419&gl=MX&ceid=MX:es-419,downloaded_ok,,,google_batchexecute,False,False,False,False,False,trafilatura
media_w12_playwright,2026-03-16_semana_16marzo_22marzo_26,news_media,site:milenio.com,"""Monica Villarreal""","""Monica Villarreal"" site:milenio.com",4,"La Grilla, - Milenio",https://news.google.com/rss/articles/CBMilAFBVV95cUxNeE5JMHJyR1lENjlhVThKdDNXMUhPd2VFSURrWTJIRUU3ODlVRzRIbDRmcHZ5X0RXc1V0dzVvdVVWN0loZlZ1aUQya1NHTnBWVUZJbTQzRU5INXRYN0FzQVJhbWl4Rk42ZFoxV09VTlk1bWxCd1cwRHVCVWtnVnpjczRFaVJ3am9KVUxYZjR2WnAwRWlJ0gGUAUFVX3lxTE1BT0MybmFnQWJrMW1ET2pOTTNFYXBPVGQzYjlvZkhBYmt5bE5rVzNIbm1va1FFZGNRTVZSUHhMUk1zX1BCaTlqNTFkTTBmUE1TVU5CNHJPRFN4Q2tpOWJXRmhEZjN6ODU0b1F0R2VJWkpJM21SSm55RnVWT01rRDdEbE1oMGtZTGQ5eVVmOTNhbm84TUs?oc=5,https://www.milenio.com/opinion/editoriales/se-dice-en-la-grilla-tamaulipas/la-grilla_1101,www.milenio.com,2026-03-17T07:00:00+00:00,2026-04-05T15:51:25Z,"Que, además de celebrar la Expropiación Petrolera en los patios de la empresa Eseasa, en el puerto de Tampico, se gestiona la presencia de Claudia Sheinbaum en un campo de fútbol de las colonias del norte del municipio tamaulipeco, a fin de promover el programa “Mundial Social”, aprovechando la gira por la localidad este miércoles.
Que la alcaldesa de Tampico, Mónica Villarreal, y Erasmo González, alcalde de Madero, tuvieron que salir a apoyar a sus equipos de Protección Civil ante una contingencia que no esperaban: el norte explosivo. Esta situación, aunque no dejó lesionados, sí evidenció áreas de oportunidad en las que se debe trabajar, como árboles en riesgo y edificios.
Que algo está pasando en la Secretaría de Seguridad Pública, a cargo de Carlos Pancardo, ya que —afirman— tiene abiertos varios frentes de inconformidad: por un lado, policías que se quejan del coordinador de Díaz Ordaz y del encargado del operativo Frontera Chica; por otro, existen quejas contra el coordinador de Reynosa.
Que hay trabajo pendiente en lo que se refiere a la seguridad pública en la entidad, luego de que también se están registrando más denuncias públicas sobre elementos de la Guardia Estatal que cubren la frontera, a quienes les descontaron recursos de su bono por operar en zonas con alta inseguridad. Algo no se está haciendo bien.
Que quien ya se destapó por enésima ocasión es Ciro Hernández, excandidato a la presidencia de Altamira por el PAN, quien, tras haber perdido una contienda hace algunos años, está buscando que lo vuelvan a contemplar para 2027. En los últimos días ha estado entregando apoyos en diversas zonas de la urbe industrial, como el fraccionamiento Laguna Florida.
Que existe la posibilidad de que el nuevo Hospital del ISSSTE en Tampico sea entregado en el mes de abril; sin embargo, esto no significa que esté al 100 % de su capacidad, lo cual preocupa a quienes van a laborar en él. Se teme que queden áreas pendientes después de la inauguración oficial.
Que en Victoria se reunió a representantes de los 43 municipios de Tamaulipas para una capacitación enfocada en la distribución del programa federal FAIS, con el objetivo de que los alcaldes apliquen los recursos en lo que realmente se requiere y de acuerdo con las reglas de operación, pero sobre todo, que no se “brinquen las trancas”.",2327,trafilatura,https://news.google.com/rss/search?q=%22Monica+Villarreal%22+site%3Amilenio.com+after%3A2026-03-16+before%3A2026-03-22&hl=es-419&gl=MX&ceid=MX:es-419,downloaded_ok,,,google_batchexecute,False,False,False,False,False,trafilatura
media_w12_playwright,2026-03-16_semana_16marzo_22marzo_26,news_media,site:milenio.com,"""Monica Villarreal""","""Monica Villarreal"" site:milenio.com",4,"Con más de 5 mil elementos, Tamaulipas se prepara para recibir cerca de 3 millones de turistas - Milenio",https://news.google.com/rss/articles/CBMikgFBVV95cUxPT0lhNW5vVUtEdmQ4QzF1S1dJTnlDN1QyRGZHSVFqek5Odzk1NlpMZUdJRUdKUXY4ZE82WFZDeTc0UzV2RjBNbFR6QUJBamZSangyNktHYlJUVklMZm85cWU0ZFZjMkwtQTBjTkpCVmNtZ01IeHZONU5QcnhSaERfNmVmOWJrWGdaTmluV0hQLWp3Z9IBkgFBVV95cUxQRnhkdHpWWHBOb1J2VVNKUmZnMmVtYjlPajBXbndkaldnd0lQemxZY3NjeGYwdEZGcl9mNENzMHJkV0p6Rnl0SWlDYXRiSFMzN252UHE0d1pock0xWUdhcldsM1dLenpGNm9Ob2x6aXVuTktIZHBqeXBITDJ5NEFLVmVuOGF2anpSVXlING1FaUNvdw?oc=5,https://www.milenio.com/estados/tamaulipas-listo-semana-santa-seguridad-millones-visitas,www.milenio.com,2026-03-19T07:00:00+00:00,2026-04-05T15:51:29Z,"El secretario de Turismo de Tamaulipas, Benjamín Hernández Rodríguez, informó que para el próximo periodo vacacional de Semana Santa se desplegarán más de cinco mil elementos de distintas corporaciones para garantizar la seguridad de los visitantes en todo el estado.
Detalló que en el operativo participarán instancias como la Secretaría de Marina, Guardia Estatal, Guardia Nacional, Secretaría de Salud, Coepris y el CRUM, quienes trabajarán de manera coordinada para salvaguardar la integridad de turistas y residentes en los principales destinos turísticos.
Por su parte, los alcaldes de la zona conurbada se reunieron a inicios de esta semana para coordinarse y afinar los operativos de vigilancia y seguridad para el período vacacional para garantizar la protección de visitantes y turistas.
En este sentido, la alcaldesa de Tampico, Mónica Villarreal Anaya dio a conocer que se desplegarán a partir del próximo 27 de marzo más de 400 elementos de los tres órdenes de gobierno para cuidar el turismo.
Mientras que, el alcalde de Madero, Erasmo González Robledo dio a conocer que más de 800 personas entre funcionarios de gobierno y elementos de seguridad estarán al pendiente las 24 horas del día del turismo que llegue a la ciudad, pero sobre todo a Playa Miramar en dónde esperan a más de un millón y medio de turistas.
Prevén cerca de 3 millones de visitantes en Tamaulipas
En cuanto a la afluencia, señaló que se prevé la llegada de aproximadamente 2.9 millones de visitantes, lo que representa un incremento respecto al año anterior. De este total, alrededor del 70 por ciento se concentraría en la zona sur del estado, principalmente en destinos de playa.
El funcionario destacó que este flujo turístico generaría una derrama económica superior a los 2 mil millones de pesos durante el periodo vacacional, con un gasto promedio diario de entre mil 200 y mil 900 pesos por persona, dependiendo del tipo de turismo.
SJHN",1930,trafilatura,https://news.google.com/rss/search?q=%22Monica+Villarreal%22+site%3Amilenio.com+after%3A2026-03-16+before%3A2026-03-22&hl=es-419&gl=MX&ceid=MX:es-419,downloaded_ok,,,google_batchexecute,False,False,False,False,False,trafilatura
media_w12_playwright,2026-03-16_semana_16marzo_22marzo_26,news_media,site:milenio.com,"""Monica Villarreal""","""Monica Villarreal"" site:milenio.com",4,Sheinbaum y Pemex estarán en Tampico - Milenio,https://news.google.com/rss/articles/CBMingFBVV95cUxQakVoSXdiYUxRMDViQ00zQ2xlOHE4aFNIeUJ3R2VPYjRmVkxYb0Z6dnZpY1dhcnVTZkhKTWRzX1lieTgxaWRUR0xXUXdPcDc1SzNYa0FHRlNJNFU4QzRvTmJZRDBBbzdFcmNhVEIyQkFpLXhad05WOUtHV1dfQ0hzOTk4Q0F0SkVBSXdZUll6RVpVcjdMRDlZOXliZXFpZ9IBngFBVV95cUxOSlhINUtUYWZpejRsY0l4N0NIVFZEZjVMYjVhN2U3dXNXTkxUNHhScC12UUlOdWpKYlk4UHlVMjcySERIaWNadVllZEFuM3Z5ZGpjQm9zMzRTMFlzbGRvNnNXWDZFYWVfUTFuLVhVa3hMTFAwNGRBMF9US3czTC0zWVFVbl9yai1xcHRDSnJwZXI5ZmlNUmpweFhyLVUzUQ?oc=5,https://www.milenio.com/opinion/victor-hugo-duran/sin-codigo/sheinbaum-y-pemex-estaran-en-tampico,www.milenio.com,2026-03-16T07:00:00+00:00,2026-04-05T15:51:32Z,"En esta semana resalta la visita a la zona sur de la presidenta de México, Claudia Sheinbaum y celebrar el 88 aniversario de la Expropiación Petrolera, acompañada del gobernador Américo Villarreal Anaya, la secretaria de Energía federal, Luz Elena González y el director de Pemex, Víctor Rodríguez Padilla.
Esto se da en un buen momento para la Refinería Madero y el crecimiento en su producción. Dicho complejo cerró el 2025 en poco más de 100 mil barriles diarios, generado por la constancia en el mantenimiento e inversión en la presente administración.
La aportación del complejo en Ciudad Madero a la producción nacional de 1 millón 648 mil barriles diarios, será mencionada en el evento en patios industriales donde se construyen unas plataformas marinas para la Empresa Pública del Estado.
El jueves se pone en marcha el Cuarto Foro del Agua en la Expo Tampico, organizado por la Secretaría de Recursos Hidráulicos que dirige Raúl Quiroga Álvarez, coordinado por Ketzalli Rodríguez por la Mesa Ciudadana.
Se expondrán detalles del Proyecto Génesis de tratamiento de aguas de Tampico y Ciudad Madero, a cargo de Luis Apperti; estará el experto en Sistemas Agrícolas de Riego, Guillermo Mestre.
Con relación al líquido, la Comapa Sur finalizó dos proyectos: la rehabilitación de dren pluvial en la Prolongación Avenida Hidalgo, reponiéndose una tubería pluvial de 60 pulgadas de diámetro. El segundo fue el colector sanitario en la colonia Laguna de la Puerta, de 15 pulgadas de diámetro y 95 metros de largo.
El tercero (y en marcha) es la atención a socavones que empuja el gobierno del estado, que contempla una inversión de 105 millones de pesos. Intervendrán 37 puntos en el puerto y 17 en sectores maderenses, fortaleciendo la infraestructura sanitaria y reducirá hundimientos. Todo esto se da en el respaldo y acuerdo entre el gerente Francisco González Casanova con los alcaldes Mónica Villarreal y Erasmo González.
Cabe señalar que el sector empresarial ha puesto esto como una de sus prioridades a gestionar, a través del Ciest, ahora presidido por Marco Cortés.
Finalmente, este viernes la Coparmex Tampico efectuará en sus Centro Empresarial el curso “Vende a través de LinkedIn”, en tanto hoy comienza una etapa importante en la revisión del tratado de Libre Comercio (T-MEC) con las pláticas preparatorias.",2325,trafilatura,https://news.google.com/rss/search?q=%22Monica+Villarreal%22+site%3Amilenio.com+after%3A2026-03-16+before%3A2026-03-22&hl=es-419&gl=MX&ceid=MX:es-419,downloaded_ok,,,google_batchexecute,False,False,False,False,False,trafilatura
media_w12_playwright,2026-03-16_semana_16marzo_22marzo_26,news_media,site:milenio.com,"""Monica Villarreal""","""Monica Villarreal"" site:milenio.com",4,"Proyecto Génesis, la obra histórica que busca garantizar agua por un siglo en Tamaulipas - Milenio",https://news.google.com/rss/articles/CBMioAFBVV95cUxNY2xfSzFMTlpVbVlISFdXelAtQmtHYjNSdC1kaF9VOEhFa3lyZlE1MWV4b1Q2OW00SGNQcWRYZFJmUUFLUllZeFBMUmJfR1pma2toUW9tMXBiRk1WN2oxT3FyN1lwaUFUY0Zwby1xeDdSVmk4WnRpekc2QUF5R1JPdVZpc3hSTFpPTm1TVTh0LUtfUWxraU5TYmNJT3ZvNkpM0gGgAUFVX3lxTE1vejJYYkdCWGNYNXRteWlQX3k2ejB2SHdyMFNNU2NlenNVcTF4Xy1lcDQ0TUNzWmlzeUpsZjZocHc1U1BJdXdfNkNpU2pKdEdMTDVHM0NYM2ZGTWpocEVlaVd3LVljRFdhenExT0w3UlFUVHB4eXBSekxVMElObVR0NERFb01zdVcxV1FXSDlvUTROSGdiNEZWSEhSdk9fNHc?oc=5,https://www.milenio.com/estados/tamaulipas-anuncia-obra-historica-para-garantizar-agua-por-100-anos,www.milenio.com,2026-03-20T07:00:00+00:00,2026-04-05T15:51:36Z,"La sequía severa dejó una huella en los habitantes de Tampico, Ciudad Madero y Altamira, visitados por MILENIO. La llamada región del sur de Tamaulipas, pujante por su actividad industrial, comercial, turística y hasta energética, no olvida aquella temporada final de la primavera de 2024, al sufrir uno de los hechos inéditos en su historia: la falta de agua en las lagunas.
Los vasos captadores del líquido, prioritarios para el consumo de casi un millón de personas, disminuyeron sus niveles con dramatismo en un lapso de dos meses. El Chairel y el Champayán entregaron imágenes apocalípticas: pasaron de la abundancia al lodo, convirtiendo centenas de hectáreas en sitios donde cualquier persona podía caminar largas extensiones sin necesidad de utilizar alguna embarcación.
Fue la consecuencia de una advertencia hecha por especialistas y miembros de la iniciativa privada involucrados en el asunto. Con antelación apuntaron hacia ese escenario; sin embargo, ninguna autoridad previno. La crisis social amenazaba cuando varias colonias debieron administrar el recurso natural o esperar alguna pipa para abastecerse.
Irónico, pues en estos alrededores se encuentra la costa del Golfo de México y el río Pánuco, imposibilitados de hacer alguna extracción por la falta de equipo potabilizador y de reducción de partículas contaminantes.
La aparición de “San Alberto”
La madre naturaleza salió al quite y en junio de ese año la tormenta tropical Alberto impactó providencialmente al estado. En unos cuantos días, el panorama desolador resultó en alivio, al grado de ver a los altamirenses hacer guardia en los alrededores del Champayán, expectantes de la venida proveniente del río Tamesí.
Al momento de ser testigos de la recuperación de las lagunas, las familias tomaron un respiro muy profundo. Después de destinar dinero a adquirir tinacos, sufrir por llevar dos o tres cubetas de agua diarias a sus domicilios y aplicar cualquier método posible para el uso racionado, se les devolvió esa vida normal, aunque dejó una muy dura lección. “San Alberto”, lo etiquetó el gobernador Américo Villarreal Anaya.
Eso dio pie a encuentros de los empresarios del corredor industrial de Altamira con funcionarios federales y estatales, a fin de encontrar soluciones diversas. El plan El Moralillo surgió como iniciativa de la administración estatal, en tanto otro pendiente se encontraba en el Dique El Camalote, un filtro necesario para dividir el agua dulce de la salada.
La agenda vino a través de la Asociación de Industriales. Una alternativa más amplia fue puesta sobre la mesa; la Secretaría de Recursos Hidráulicos le dio el visto bueno, recibió el espaldarazo de la Comisión Municipal de Agua Potable y Alcantarillado Sur (Comapa) y, en el marco del cuarto Foro Estatal del Agua, desarrollado en la Expo Tampico, fue el momento preciso de mencionar los detalles.
Presentan los detalles del plan
Conocido como Proyecto Génesis, se convierte en la estrategia más grande y ambiciosa lanzada para una región conurbada en territorio mexicano. Ni las grandes metrópolis, con una mancha urbana extensa, siquiera plantearon o ejecutaron una obra de largo alcance, según presumió Luis Apperti Llovet, consejero de la Asociación de Industriales del Sur de Tamaulipas (AISTAC), impulsora de la iniciativa hídrica.
Frente a representantes de la sociedad civil; dirigentes de cámaras; los alcaldes Mónica Villarreal y Erasmo González Robledo, de Tampico y Madero, respectivamente; el gerente de la Comapa Sur, Francisco González Casanova, y especialistas en la materia reconocidos a nivel nacional como Eduardo Maestre y Francisco X. Valdés, precisaron cómo mejorar la captación del drenaje, uno de los grandes problemas que afronta la localidad.
Siendo más de 2 mil litros por segundo desperdiciados en solo dos ciudades, el objetivo no solo es evitar un mayor grado de contaminación al medio ambiente, al río Pánuco y a la Laguna del Carpintero —esta última convertida desde hace tres décadas en el pulmón local—, sino también generar un beneficio económico general y atraer inversión, motivo clave para materializarlo.
“Lograremos con esto que la industria tenga toda el agua residual debidamente tratada, lista para ser utilizada, cumpliendo con la demanda de las nuevas inversiones que vengan a la región. Además, vamos a lograr que la población tenga agua suficiente por los próximos 100 años. Es un proyecto único en su tipo; en ninguna parte del país se ha realizado”, acotó.
Así, los 2 mil litros por segundo bastarán y sobrarán, al ser una oferta suficiente para el sector privado extranjero con deseos firmes de instalar una planta.
Rehabilitación de tuberías y cárcamos
Antes de su participación, Raúl Quiroga Álvarez, secretario estatal de Recursos Hidráulicos para el Desarrollo Social, expuso el audiovisual. En esas imágenes, con diseños y modelos creados con inteligencia artificial, se informaron las siete obras hidrosanitarias, tanto para mejorar la calidad como la cantidad del recurso.
El modelo empieza con el plan en la Laguna del Carpintero: se alista la reconstrucción de colectores circundantes, se optimizará el cárcamo Primavera —con una longitud actual de 8.5 kilómetros de diversos diámetros y capacidad instalada de 800 litros por segundo— y se redirigirán los residuos fuera del vaso lacustre.
Consideran las mejoras en el Marginal Pánuco, creando cárcamos de transición entre las plantas 1, 7, 8 y 9, recogiendo los derrames de Tampico y Ciudad Madero para encauzarlos hacia La Barra y de ahí al sistema de cárcamos Maeva, Miramápolis y Miramar, para llegar finalmente a Tierra Negra (en los límites de Tampico con Altamira) para su tratamiento.
Se incluyó la Planta de Tratamiento de la Morelos, de 300 litros por segundo, puesta en marcha junto con la de Tierra Negra en el sexenio de Eugenio Hernández Flores.
Se detectaron otros cárcamos en abandono, pero factibles de incorporarse a la red mediante una rehabilitación integral: Lucio Blanco, Norte y 3 Norte, en Madero, los cuales están rebasados y requieren nuevos equipos de bombeo, así como la reposición de kilómetros de colectores y líneas de presión para garantizar la recuperación del agua residual de las ciudades vecinas. “Esta es la columna vertebral del sistema sanitario de Tampico y Ciudad Madero”, aclararon.
Impulso al desarrollo turístico de Miramar
Se sumaron tres obras y su implicación para el desarrollo urbano, habitacional y turístico en Playa Miramar y sus alrededores. Una de ellas es La Barra, colonia con mil 100 familias sin drenaje sanitario, al grado de considerarse un foco de contaminación, riesgo de salud y freno a los capitales foráneos.
Ahí se rehabilitarán colectores, sistemas de agua potable y alcantarillado; se construirá un nuevo cárcamo que recoja las aguas servidas del bulevar costero y otras colonias históricamente olvidadas, dirigiéndolas a los cárcamos Maeva, Miramápolis y luego al 3 Norte. Todo esto en una superficie de 4.8 millones de metros cuadrados.
En la colonia Adriana González, del mismo municipio, la presencia de oleoductos de Pemex en la zona de Luis Donaldo Colosio (a unos metros) impidió completar el sistema de drenaje, creando un cuello de botella técnico.
“Con este proyecto se construirán 420 metros de cruce direccional sanitario por debajo de esa infraestructura (adicionando 300 litros por segundo en una primera etapa e incrementando gradualmente a 700 litros por segundo), liberando el paso del drenaje de los nuevos desarrollos hacia el cárcamo Tierra Negra y, de ahí, a la planta en esa zona”.
La amplia cartera finaliza con Madero Oriente, zona con gran potencial turístico y habitacional, estancada por falta de infraestructura hidrosanitaria. Se edificará un macrocárcamo con una capacidad instalada de mil 500 litros por segundo, además de la reingeniería de los ya existentes, la rehabilitación de colectores, la instalación de nueva tubería sanitaria y la planeación conjunta con desarrolladores para asegurar que cada nuevo fraccionamiento cuente con redes adecuadas de agua potable y drenaje.
“Empezamos desde la semana pasada con los análisis iniciales de las zonas que vamos a rehabilitar. El estimado de inversión, que correrá por la iniciativa privada, supera los 5 mil millones de pesos, desarrollándose en un lapso máximo de 12 años. Vamos a tener una primera etapa que se concluirá en 2027”, indicó el consejero.
Ampliar capacidad de potabilización
Complementando la idea, agregaron el Proyecto Ramal Norte al reconocer que en la zona norte de Ciudad Madero y la franja costera se sufre baja presión y falta de continuidad en el suministro.
Construirán casi 5 kilómetros de línea de 24 pulgadas, cerrando el circuito con el Ramal Sur, incrementando presiones y llevando agua suficiente a la zona turística de Ciudad Madero. El resultado será un sistema anillado total de 22.4 kilómetros, más robusto y confiable.
Se cierra con la ampliación de la Planta Potabilizadora de Laguna de la Puerta. Se pretende aumentar a 2 mil litros por segundo y es la pieza que asegurará agua suficiente para las colonias más alejadas y el desarrollo urbano, impulsando el rubro inmobiliario, turístico y comercial de todo el corredor costero, desde el límite de Altamira hasta Las Escolleras.
Panoramas contrastantes en el país
El evento dejó varios datos como análisis del estrés hídrico por venir. El Instituto Mexicano de Tecnología del Agua efectuó un mapeo de todo el país y proyecta hacia 2050 una tendencia que pone en serios aprietos a la franja fronteriza, parte del Bajío y las costas del Golfo de México y el Océano Pacífico.
La evaluación arroja una baja sustentabilidad en Ciudad de México, Estado de México, Querétaro, Guanajuato, Aguascalientes, Zacatecas, Durango, Coahuila, Chihuahua, parte de Nuevo León, así como San Luis Potosí y Jalisco.
“Pero si nos acercamos a un lugar muy en particular, Tampico y sus alrededores se sostendrán en una sostenibilidad muy alta. Tenemos esa gran ventaja, pero tampoco podemos dejar esto a la madre naturaleza”, añadió el ex presidente del Consejo de Instituciones Empresariales (Ciest).
Alta demanda frente a la disponibilidad
Otro dato que también hizo reflexionar surgió en la conferencia. Al conjuntar las expectativas de la Comisión Nacional del Agua (Conagua) y el World Resources Institute, la demanda del líquido por los mexicanos hacia el futuro estará 33.5 por ciento por encima de la capacidad de las fuentes, producto del crecimiento de la población y la demografía.
“Si preocupa esto para nosotros, en el mundo la expectativa llega a ser alarmante. Llegaremos a los 7 mil 500 kilómetros cúbicos por cubrir, cuando la disponibilidad tendrá un máximo de 4 mil 670 kilómetros cúbicos. La diferencia es prácticamente el doble”, se explicó.
Por ello, Génesis toma mayor relevancia y en un lapso de 12 años quedará concluido, todo sea para la sobrevivencia de las nuevas generaciones de tampiqueños y vecinos. “La falta del elemento puede desencadenar una tercera guerra mundial”, puntualizó Apperti Llovet.
JETL",11023,trafilatura,https://news.google.com/rss/search?q=%22Monica+Villarreal%22+site%3Amilenio.com+after%3A2026-03-16+before%3A2026-03-22&hl=es-419&gl=MX&ceid=MX:es-419,downloaded_ok,,,google_batchexecute,False,False,False,False,False,trafilatura
media_w12_playwright,2026-03-16_semana_16marzo_22marzo_26,news_media,site:milenio.com,"""Monica Villarreal""","""Monica Villarreal"" site:milenio.com",4,"Con socorristas sin paga y apoyo de PC, Cruz Roja aguantará crisis en Tamaulipas - Milenio",https://news.google.com/rss/articles/CBMijgFBVV95cUxPdnNKbEJnaFhCWXJQT25QWGNYaEdqV2JEbzVjYzZLeDAwYUlJVGV4X2toT3QwYS1HZ1B5c1JES3MycnJBbHlFRkF3ZGhUdHh2Rk1hVmRFM3Nsal9SRjd3OUtteEFOd2E0TzdRcjQ4djBpY2Y1SFd4eXZvZ254TnpUcS1oUTh4WWhhSC1uZllR0gGOAUFVX3lxTFBtS1NsbGd6VVE1VVVqV1B2SFVueVpHQ0lGa25RVWp1MDFuTFhjNWZmTncwdDVuUGtmRXZ5NWVMTmZHa2p5WV9HYmxSZFBSZjNHUFdnaEhBX1Z5V2VCUXc1NmRQYXhwX3pPYkFQWkR0R2NqMUp2Q2wwU2ZqR0J4dHJRM2hkUWFkdlNpaU1jcEE?oc=5,https://www.milenio.com/estados/cruz-roja-tamaulipas-operara-voluntarios-semana-santa,www.milenio.com,2026-03-16T07:00:00+00:00,2026-04-05T15:51:40Z,"La Cruz Roja delegación Tamaulipas se apoyará en Semana Santa con Protección Civil Estatal y municipales, además de voluntarios sin paga, para atender accidentes en carretera y en las ciudades, por lo menos en lo que consiguen el recurso que se requiere para “revivir”.
Actualmente, la delegación Tamaulipas de la cual dependen 10 bases en diferentes municipios, adeuda un millón 400 mil pesos incluyendo nóminas y necesita 2 millones de pesos más para operar mensualmente.
El doctor Jesús Manuel Suárez Silveira, coordinador general estatal de la Cruz Roja Mexicana en Tamaulipas, mencionó que ya hay una estrategia para conseguir el recurso, para el pasivo y la operatividad, pero al tener las vacaciones en puerta, deberán apoyarse con el personal que tiene vocación y también con dependencias como Protección Civil.
“Por ahora tenemos un adeudo tan solo en nóminas de un millón 400 mil pesos, más los dos millones de pesos que se requieren mensualmente para poder operar. Recordemos que nuestra institución se debe a su gente, ese personal que estás dos quincenas están presentes a pesar de no recibir remuneración, puede ayudar esa estrategia, que ellos ayuden a cubrir la temporada sin pago, por el momento. En carretera nos apoyamos con Protección Civil”.
Bases operativas en Tamaulipas
Las 10 bases que dependen de la Delegación Estatal Miguel Alemán, Soto La Marina, Estación Manuel, Aldama, Xicoténcatl, Tula, Llera, Tampico, Altamira y Ciudad Victoria.
De las 10 bases, son 183 personas entre operativos y administrativos, a los que se les adeudan por lo menos dos quincenas y que solo algunos han optado por continuar prestando los primeros auxilios como voluntarios como es el caso en el municipio de Tampico.
Buscarán nuevas formas de financiamiento
Suárez Silveira, comentó que no se van a limitar a la colecta anual que se realiza cada año sino que van a buscar otras formas para poder adquirir recursos y donativos, para que poco a poco se vaya recuperando cada una de las bases de los 10 municipios que dependen de la delegación Tamaulipas.
“Hacer actividades, no solo limitarnos a la colecta, sino llevar a cabo otro tipo de funciones, como cursos de primeros auxilios, llevar a cabo exhibiciones a ciertos grupos de lo que hacemos para motivarlos a que consideren alguna aportación, con diversos grupos de la sociedad, empresarios y también invitar al gobierno”.
Detectan irregularidades
Recordar que todo esto viene de la auditoría de los estados financieros de los periodos 2024 y 2025 en la Delegación Tamaulipas, cuando se detectaron irregularidades en el manejo de recursos, por lo que removió al personal involucrado para cumplir con la rendición de cuentas y garantizar la transparencia.
Fue el coordinador nacional de Delegaciones de la Cruz Roja Mexicana, Mario Alberto Zendejas González, en su reciente visita a Ciudad Victoria, quien dio a conocer todas las medidas que se dieron luego de detectar irregularidades y afirmar que se trabajará para que todo se hiciera con transparencia.
Atenciones prehospitalarias por accidentes se duplicarán para voluntarios zona sur de Tamaulipas luego de las repercusiones que están teniendo en la Cruz Roja Mexicana por falta de recursos que ha disminuido el número de voluntarios atendiendo emergencias.
A pesar de que se le pidió a los paramédicos de la benemérita institución no prestar servicios porque no hay para pagar sus nóminas, algunos han decidido mantenerse operando, sin embargo, no opera al 100%.
Preocupa aumento de emergencias en Semana Santa
El comandante de voluntarios zona sur de Tamaulipas, Enrique Sierra, mencionó que es preocupante porque se avecina la temporada vacacional de Semana Santa en donde llega más de un millón de visitantes a toda la zona y por ello también se incrementa el número de incidentes.
“Por temporada las atenciones se duplican si realizamos 10 al día con apoyo de la Cruz Roja se elevará a 20, eso de normales imagínense lo que viene para esta temporada de mayor número de afluencia vehicular por todos los visitantes de otros estados. Sabemos lo que está ocurriendo y nosotros, pese a utilizar recursos y unidades propias, hacemos lo posible por estar en cualquier lugar donde se requiera, pero no tenemos ambulancia”.
Con lo que respecta a los accidentes que ocurren en Ciudad Madero, cuando no hay ambulancia disponibles llaman a Protección Civil y posteriormente a los voluntarios del sur.
Lo mismo ocurre en el municipio de Tampico donde atienden principalmente accidentes automovilísticos y una de sus principales limitantes es que este cuerpo de voluntarios no cuenta con una ambulancia propia.
El comandante Sierra, mencionó que estarán trabajando en coordinación con Tampico y Altamira para la próxima temporada vacacional, y para ello ya se han establecido pláticas con los diferentes cuerpos de emergencia de ambos municipios quienes los invitaron a formar parte de estos operativos.
La Cruz Roja en Tampico mantiene los servicios a la población, luego de que la Delegación en Tamaulipas confirmó este fin de semana la suspensión de actividades.
En este momento, están trabajando como voluntarios los paramédicos de la Cruz Roja Mexicana, mantienen el servicio a la comunidad sin percibir un salario. Desde la base que se encuentra en la calle Tamaulipas, en el Centro de Tampico.
Paramédicos trabajan como voluntarios
Son de 5 a 10 voluntarios por turno los que han acudido a realizar su labor, lo cual están haciendo con las dos ambulancias que en este momento tienen en servicio y con el combustible en existencia.
La mañana de este domingo los paramédicos de la institución atendieron un reporte que llegó al 911 en la colonia Infonavit, en la zona norte de Tampico. Asimismo, hicieron lo propio tras un accidente automovilístico en la zona centro, es decir, atendieron la necesidad de la población.
Suspensión de algunos servicios de la Cruz Roja
Sin embargo, hay algunos servicios que la Cruz Roja no está dando en este momento, tal es el caso de la atención médica, ya que tienen un cartel pegado en la puerta en el cual refieren que no hay médico disponible.
“Por medio del presente se informa a todos los colaboradores de Cruz Roja Mexicana que, debido a situaciones financieras que actualmente atraviesa la institución, se ha tomado la difícil decisión de suspender actividades a partir del día 14 de marzo del presente, por lo que no será necesario presentarse a laborar en las instalaciones”, dice el comunicado que desplegó Cruz Roja Tamaulipas.
“Sabemos que estas decisiones pueden generar inquietud; sin embargo, se realizan buscando la mejor manera de cuidar la continuidad de nuestras operaciones y el bienestar de nuestra institución. Las actividades se reanudarán de manera normal hasta nuevo aviso, en el horario habitual”, detallaron.
Ayuntamiento respalda a la Cruz Roja
Por su parte, la alcaldesa de Tampico, Mónica Villarreal Anaya aseguró que la administración municipal va a mantener el respaldo a la Cruz Roja de Tampico, incluso, recordó que el Cabildo porteña aprobó una aportación de $50 mil mensuales.
Asimismo, indicó que la administración municipal ha destinado hasta $130 mil en lo correspondiente a la reparación de ambulancias con el fin de que no deje de prestar el servicio a la ciudadanía.
SJHN",7260,trafilatura,https://news.google.com/rss/search?q=%22Monica+Villarreal%22+site%3Amilenio.com+after%3A2026-03-16+before%3A2026-03-22&hl=es-419&gl=MX&ceid=MX:es-419,downloaded_ok,,,google_batchexecute,False,False,False,False,False,trafilatura
