query_index,query,medio,termino,article_title,article_url_resolved,source_domain,status_descarga,extraction_method,article_text_length,cache_hit_article,playwright_used,fallback_used,attempted_methods,error_type,error_detail
1,"""Monica Villarreal"" site:oem.com.mx",site:oem.com.mx,"""Monica Villarreal""",Mujer del Año 2026 en Tampico: Bertha Ruiz de Guevara se lleva el premio - El Sol de México,https://oem.com.mx/elsoldetampico/gossip/mujer-del-ano-2026-en-tampico-bertha-ruiz-de-guevara-se-lleva-el-premio-28834119,oem.com.mx,downloaded_ok,trafilatura,1081,False,False,False,trafilatura,,
1,"""Monica Villarreal"" site:oem.com.mx",site:oem.com.mx,"""Monica Villarreal""",¿Cómo nació la colonia Revolución Verde? Celebran 50 años de su fundación en Tampico - El Sol de México,https://oem.com.mx/elsoldetampico/local/como-nacio-la-colonia-revolucion-verde-celebran-50-anos-de-su-fundacion-en-tampico-28795588,oem.com.mx,downloaded_ok,trafilatura,732,False,False,False,trafilatura,,
2,"""gobierno de tampico"" site:oem.com.mx",site:oem.com.mx,"""gobierno de tampico""","Viernes 6 y sábado 7, toma rutas alternas: avisan cierre de carriles en la avenida Hidalgo en Tampico - El Sol de México",https://oem.com.mx/elsoldetampico/local/viernes-6-y-sabado-7-toma-rutas-alternas-avisan-cierre-de-carriles-en-la-avenida-hidalgo-en-tampico-28820808,oem.com.mx,downloaded_ok,trafilatura,1310,False,False,False,trafilatura,,
3,"""tampico"" site:oem.com.mx",site:oem.com.mx,"""tampico""",“Eran nuestra salvación”: lavaderos de ‘La Fuente’ en Pueblo Viejo cumplen casi dos años sin agua - El Sol de México,https://oem.com.mx/elsoldetampico/local/eran-nuestra-salvacion-lavaderos-de-la-fuente-en-pueblo-viejo-cumplen-casi-dos-anos-sin-agua-28467715,oem.com.mx,downloaded_ok,trafilatura,1703,False,False,False,trafilatura,,
3,"""tampico"" site:oem.com.mx",site:oem.com.mx,"""tampico""",Vivienda vertical en Tampico: piden incrementar la altura de los edificios para enfrentar el alto costo de los terrenos - El Sol de México,https://oem.com.mx/elsoldetampico/local/vivienda-vertical-en-tampico-piden-incrementar-la-altura-de-los-edificios-para-enfrentar-el-alto-costo-de-los-terrenos-28760971,oem.com.mx,downloaded_ok,trafilatura,1120,False,False,False,trafilatura,,
3,"""tampico"" site:oem.com.mx",site:oem.com.mx,"""tampico""",¡Revive la Jaiba Brava! Tampico-Madero vence a Dorados y por fin gana en casa - El Sol de México,https://oem.com.mx/elsoldetampico/deportes/revive-la-jaiba-brava-tampico-madero-vence-a-dorados-y-por-fin-gana-en-casa-28858792,oem.com.mx,downloaded_ok,trafilatura,621,False,False,False,trafilatura,,
3,"""tampico"" site:oem.com.mx",site:oem.com.mx,"""tampico""",Empleos en Tampico: más de 90 empresas ofrecerán sus vacantes este 10 de marzo - El Sol de México,https://oem.com.mx/elsoldetampico/local/empleos-en-tampico-mas-de-90-empresas-ofreceran-sus-vacantes-este-10-de-marzo-28799259,oem.com.mx,downloaded_ok,trafilatura,1500,False,False,False,trafilatura,,
3,"""tampico"" site:oem.com.mx",site:oem.com.mx,"""tampico""",Clausuran cuatro ferreterías en Altamira: Coepris intensifica revisiones a estos negocios - El Sol de México,https://oem.com.mx/elsoldetampico/local/clausuran-cuatro-ferreterias-en-altamira-coepris-intensifica-revisiones-a-estos-negocios-28745248,oem.com.mx,downloaded_ok,trafilatura,1360,False,False,False,trafilatura,,
3,"""tampico"" site:oem.com.mx",site:oem.com.mx,"""tampico""",¡Por fin! En abril arranca rehabilitación de la Carretera Tampico-Valles: inicia en la Cortadura - El Sol de México,https://oem.com.mx/elsoldetampico/local/por-fin-en-abril-arranca-rehabilitacion-de-la-carretera-tampico-valles-inicia-en-la-cortadura-28776908,oem.com.mx,downloaded_ok,trafilatura,2036,False,False,False,trafilatura,,
3,"""tampico"" site:oem.com.mx",site:oem.com.mx,"""tampico""",Jaiba Brava vs Dorados: duelo de urgencias en el Estadio Tamaulipas por la Jornada 9 - El Sol de México,https://oem.com.mx/elsoldesinaloa/deportes/jaiba-brava-vs-dorados-duelo-de-urgencias-en-el-estadio-tamaulipas-por-la-jornada-9-28847306,oem.com.mx,downloaded_ok,trafilatura,1791,False,False,False,trafilatura,,
3,"""tampico"" site:oem.com.mx",site:oem.com.mx,"""tampico""","Desde Tampico, José Madero sorprende a fans al anunciar su séptimo álbum - El Sol de México",https://oem.com.mx/elsoldetampico/gossip/desde-tampico-jose-madero-sorprende-a-fans-al-anunciar-su-septimo-album-28829137,oem.com.mx,downloaded_ok,trafilatura,1244,False,False,False,trafilatura,,
3,"""tampico"" site:oem.com.mx",site:oem.com.mx,"""tampico""",Clima en Tampico: humedad del 92% generará intensa neblina y bochorno este martes - El Sol de México,https://oem.com.mx/elsoldetampico/local/clima-en-tampico-humedad-del-92-generara-intensa-neblina-y-bochorno-este-martes-28755948,oem.com.mx,downloaded_ok,trafilatura,1016,False,False,False,trafilatura,,
3,"""tampico"" site:oem.com.mx",site:oem.com.mx,"""tampico""",Mujeres y softbol: tamaulipecas brillan en el Alfredo Harp Helú - El Sol de México,https://oem.com.mx/elsoldetampico/deportes/mujeres-beisbol-y-softbol-tamaulipecas-brillan-en-el-alfredo-harp-helu-28851383,oem.com.mx,downloaded_ok,trafilatura,693,False,False,False,trafilatura,,
3,"""tampico"" site:oem.com.mx",site:oem.com.mx,"""tampico""",Bloquean carretera Tampico-Mante padres de familia de Escuela Primaria Emiliano Zapata - El Sol de México,https://oem.com.mx/elsoldetampico/local/bloquean-carretera-tampico-mante-padres-de-familia-de-escuela-primaria-emiliano-zapata-28775741,oem.com.mx,downloaded_ok,trafilatura,2285,False,False,False,trafilatura,,
3,"""tampico"" site:oem.com.mx",site:oem.com.mx,"""tampico""",José Madero encantó en Tampico con Sarajevo: así fue su concierto en el sur de Tamaulipas - El Sol de México,https://oem.com.mx/elsoldetampico/gossip/jose-madero-encanto-en-tampico-con-sarajevo-asi-fue-su-concierto-en-el-sur-de-tamaulipas-28822643,oem.com.mx,downloaded_ok,trafilatura,1144,False,False,False,trafilatura,,
3,"""tampico"" site:oem.com.mx",site:oem.com.mx,"""tampico""",De camino rural a eje industrial: la evolución histórica de la carretera Altamira–Tampico - El Sol de México,https://oem.com.mx/elsoldetampico/local/de-camino-rural-a-eje-industrial-la-evolucion-historica-de-la-carretera-altamira-tampico-28595076,oem.com.mx,downloaded_ok,trafilatura,7121,False,False,False,trafilatura,,
3,"""tampico"" site:oem.com.mx",site:oem.com.mx,"""tampico""",Tampiqueño presenta la Copa Mundial de Futbol en la mañanera; se trata de Louis Balat - El Sol de México,https://oem.com.mx/elsoldetampico/deportes/tampiqueno-presenta-la-copa-mundial-de-futbol-en-la-mananera-se-trata-de-louis-balat-28761128,oem.com.mx,downloaded_ok,trafilatura,1652,False,False,False,trafilatura,,
3,"""tampico"" site:oem.com.mx",site:oem.com.mx,"""tampico""","Tras varias horas de angustia, ubican con vida a tres extraviados en parque recreativo de Tamaulipas - El Sol de México",https://oem.com.mx/elsoldetampico/local/tras-varias-horas-de-angustia-ubican-con-vida-a-tres-extraviados-en-parque-recreativo-de-tamaulipas-28856347,oem.com.mx,downloaded_ok,trafilatura,1016,False,False,False,trafilatura,,
3,"""tampico"" site:oem.com.mx",site:oem.com.mx,"""tampico""",¿Vienes a Playa Miramar? El sur de Tamaulipas se declara listo en materia sanitaria - El Sol de México,https://oem.com.mx/elsoldetampico/turismo/vienes-a-playa-miramar-el-sur-de-tamaulipas-se-declara-listo-en-materia-sanitaria-28758224,oem.com.mx,downloaded_ok,trafilatura,746,False,False,False,trafilatura,,
3,"""tampico"" site:oem.com.mx",site:oem.com.mx,"""tampico""",Ni la tortilla se salva: Profeco sanciona a cuatro tiendas por fallar en normas sanitarias en Tamaulipas - El Sol de México,https://oem.com.mx/elsoldetampico/local/ni-la-tortilla-se-salva-profeco-sanciona-a-cuatro-tiendas-por-fallar-en-normas-sanitarias-en-tamaulipas-28833778,oem.com.mx,downloaded_ok,trafilatura,602,False,False,False,trafilatura,,
3,"""tampico"" site:oem.com.mx",site:oem.com.mx,"""tampico""",Tampico tendrá sensación térmica de 30°C este miércoles; frente frío se acerca - El Sol de México,https://oem.com.mx/elsoldetampico/local/tampico-tendra-sensacion-termica-de-30-c-este-miercoles-frente-frio-se-acerca-28772955,oem.com.mx,downloaded_ok,trafilatura,523,False,False,False,trafilatura,,
3,"""tampico"" site:oem.com.mx",site:oem.com.mx,"""tampico""",Motociclista pierde la vida al chocar contra un vehículo compacto en avenida de la Industria - El Sol de México,https://oem.com.mx/elsoldetampico/policiaca/motociclista-pierde-la-vida-al-chocar-contra-un-vehiculo-compacto-en-avenida-de-la-industria-28827556,oem.com.mx,downloaded_ok,trafilatura,1327,False,False,False,trafilatura,,
3,"""tampico"" site:oem.com.mx",site:oem.com.mx,"""tampico""",Presentan el megapolo industrial para Altamira: tendrá desde parque logístico hasta viviendas - El Sol de México,https://oem.com.mx/elsoldetampico/local/presentan-el-megapolo-industrial-para-altamira-tendra-desde-parque-logistico-hasta-viviendas-28801529,oem.com.mx,downloaded_ok,trafilatura,953,False,False,False,trafilatura,,
3,"""tampico"" site:oem.com.mx",site:oem.com.mx,"""tampico""",Más agua para Veracruz: incorporan 30 camiones cisterna para municipios vulnerables - El Sol de México,https://oem.com.mx/elsoldetampico/local/mas-agua-para-veracruz-incorporan-30-camiones-cisterna-para-municipios-vulnerables-28775140,oem.com.mx,downloaded_ok,trafilatura,451,False,False,False,trafilatura,,
3,"""tampico"" site:oem.com.mx",site:oem.com.mx,"""tampico""",“Playa Miramar es segura”: Ciudad Madero se prepara para vacaciones de Semana Santa - El Sol de México,https://oem.com.mx/elsoldetampico/turismo/playa-miramar-es-segura-ciudad-madero-se-prepara-para-vacaciones-de-semana-santa-28742620,oem.com.mx,downloaded_ok,trafilatura,958,False,False,False,trafilatura,,
3,"""tampico"" site:oem.com.mx",site:oem.com.mx,"""tampico""",Ajustan conciertos de El Bogueto y Gabito Ballesteros en Fiestas de Abril Tampico 2026 - El Sol de México,https://oem.com.mx/elsoldetampico/gossip/ajustan-conciertos-de-el-bogueto-y-gabito-ballesteros-en-fiestas-de-abril-tampico-2026-28813393,oem.com.mx,downloaded_ok,trafilatura,839,False,False,False,trafilatura,,
3,"""tampico"" site:oem.com.mx",site:oem.com.mx,"""tampico""",En Tampico esperan equipos para la CURP Biométrica: el documento será obligatorio en trámites de salud - El Sol de México,https://oem.com.mx/elsoldetampico/local/en-tampico-esperan-equipos-para-la-curp-biometrica-el-documento-sera-obligatorio-en-tramites-de-salud-28810360,oem.com.mx,downloaded_ok,trafilatura,1377,False,False,False,trafilatura,,
3,"""tampico"" site:oem.com.mx",site:oem.com.mx,"""tampico""",Elizabeth marchará por Karla en el 8M de Tampico: ”Aquí está su madre para gritar por ella” - El Sol de México,https://oem.com.mx/elsoldetampico/local/elizabeth-marchara-por-karla-en-el-8m-de-tampico-aqui-esta-su-madre-para-gritar-por-ella-28830825,oem.com.mx,downloaded_ok,trafilatura,1311,False,False,False,trafilatura,,
3,"""tampico"" site:oem.com.mx",site:oem.com.mx,"""tampico""",Tiendas 3B abrirá 100 sucursales en el sur de Tamaulipas; iniciará en Altamira - El Sol de México,https://oem.com.mx/elsoldetampico/finanzas/tiendas-3b-abrira-100-sucursales-en-el-sur-de-tamaulipas-iniciara-en-altamira-28713061,oem.com.mx,downloaded_ok,trafilatura,806,False,False,False,trafilatura,,
3,"""tampico"" site:oem.com.mx",site:oem.com.mx,"""tampico""","Brecha Huasteca: la ruta de 105 km que unirá la salud, educación y comercio en cinco municipios - El Sol de México",https://oem.com.mx/elsoldetampico/local/brecha-huasteca-la-ruta-de-105-km-que-unira-la-salud-educacion-y-comercio-en-cinco-municipios-28745783,oem.com.mx,downloaded_ok,trafilatura,725,False,False,False,trafilatura,,
3,"""tampico"" site:oem.com.mx",site:oem.com.mx,"""tampico""",Director del Hospital Infantil de Tamaulipas dejó el cargo tras el presunto de abuso a dos doctoras - El Sol de México,https://oem.com.mx/elsoldetampico/local/director-del-hospital-infantil-de-tamaulipas-deja-el-cargo-tras-la-presunta-agresion-a-mujeres-28817631,oem.com.mx,downloaded_ok,trafilatura,1116,False,False,False,trafilatura,,
3,"""tampico"" site:oem.com.mx",site:oem.com.mx,"""tampico""",“Es el alma del norte”: Nuevo Laredo respalda protección legal de la Cuera Tamaulipeca - El Sol de México,https://oem.com.mx/elsoldetampico/local/es-el-alma-del-norte-nuevo-laredo-respalda-proteccion-legal-de-la-cuera-tamaulipeca-28747399,oem.com.mx,downloaded_ok,trafilatura,2842,False,False,False,trafilatura,,
3,"""tampico"" site:oem.com.mx",site:oem.com.mx,"""tampico""","Refinería Madero: aumentan presupuesto de mantenimiento, pero sin modernizar áreas obsoletas - El Sol de México",https://oem.com.mx/elsoldetampico/finanzas/refineria-madero-aumentan-presupuesto-de-mantenimiento-pero-sin-modernizar-areas-obsoletas-28683458,oem.com.mx,downloaded_ok,trafilatura,837,False,False,False,trafilatura,,
3,"""tampico"" site:oem.com.mx",site:oem.com.mx,"""tampico""",¡Comienza el juego! Conoce las categorías y los premios del Torneo Inaugural Pádel Club 833 en Tampico - El Sol de México,https://oem.com.mx/elsoldetampico/deportes/comienza-el-juego-conoce-las-categorias-y-los-premios-del-torneo-inaugural-padel-club-833-en-tampico-28768354,oem.com.mx,downloaded_ok,trafilatura,1019,False,False,False,trafilatura,,
3,"""tampico"" site:oem.com.mx",site:oem.com.mx,"""tampico""",Vinculan a proceso a pastor en Reynosa por presunto abuso sexual contra adolescente - El Sol de México,https://oem.com.mx/elsoldetampico/policiaca/vinculan-a-proceso-a-pastor-en-reynosa-por-presunto-abuso-sexual-contra-adolescente-28792126,oem.com.mx,downloaded_ok,trafilatura,1335,False,False,False,trafilatura,,
3,"""tampico"" site:oem.com.mx",site:oem.com.mx,"""tampico""",Comapa Sur anuncia corte de agua en Ciudad Madero: estas serán las colonias afectadas - El Sol de México,https://oem.com.mx/elsoldetampico/local/comapa-sur-anuncia-corte-de-agua-en-ciudad-madero-estas-seran-las-colonias-afectadas-28787372,oem.com.mx,downloaded_ok,trafilatura,1172,False,False,False,trafilatura,,
3,"""tampico"" site:oem.com.mx",site:oem.com.mx,"""tampico""",Alertan por tormentas y chubascos en el norte de Tamaulipas; así estará el clima este domingo - El Sol de México,https://oem.com.mx/elsoldetampico/local/alertan-por-tormentas-y-chubascos-en-el-norte-de-tamaulipas-asi-estara-el-clima-este-domingo-28840961,oem.com.mx,downloaded_ok,trafilatura,807,False,False,False,trafilatura,,
3,"""tampico"" site:oem.com.mx",site:oem.com.mx,"""tampico""",El “nopal gringo” que nace en Tamaulipas: por qué nadie en México quiere comer okra - El Sol de México,https://oem.com.mx/elsoldetampico/mexico/el-nopal-gringo-que-nace-en-tamaulipas-por-que-nadie-en-mexico-quiere-comer-okra-28640002,oem.com.mx,downloaded_ok,trafilatura,1105,False,False,False,trafilatura,,
3,"""tampico"" site:oem.com.mx",site:oem.com.mx,"""tampico""",Marely Zubarán: liderazgo que transforma el sector inmobiliario en Tampico - El Sol de México,https://oem.com.mx/elsoldetampico/local/marely-zubaran-liderazgo-que-transforma-el-sector-inmobiliario-en-tampico-28816189,oem.com.mx,downloaded_ok,trafilatura,2862,False,False,False,trafilatura,,
3,"""tampico"" site:oem.com.mx",site:oem.com.mx,"""tampico""",Mujeres y niños: los rostros más vulnerables al ciberacoso en Tamaulipas - El Sol de México,https://oem.com.mx/elsoldetampico/local/mujeres-y-ninos-los-rostros-mas-vulnerables-al-ciberacoso-en-tamaulipas-28760122,oem.com.mx,downloaded_ok,trafilatura,1222,False,False,False,trafilatura,,
3,"""tampico"" site:oem.com.mx",site:oem.com.mx,"""tampico""",¿Tu vecino amplió su cochera en la banqueta? Tampico anuncia multas de hasta medio millón de pesos - El Sol de México,https://oem.com.mx/elsoldetampico/local/tu-vecino-amplio-su-cochera-en-la-banqueta-tampico-anuncia-multas-de-hasta-medio-millon-de-pesos-28747469,oem.com.mx,downloaded_ok,trafilatura,2021,False,False,False,trafilatura,,
3,"""tampico"" site:oem.com.mx",site:oem.com.mx,"""tampico""",Rescatan cría de murciélago en pleno centro de Tampico; bomberos acuden al auxilio - El Sol de México,https://oem.com.mx/elsoldetampico/local/rescatan-cria-de-murcielago-en-pleno-centro-de-tampico-bomberos-acuden-al-auxilio-28792871,oem.com.mx,downloaded_ok,trafilatura,1442,False,False,False,trafilatura,,
3,"""tampico"" site:oem.com.mx",site:oem.com.mx,"""tampico""","Es lo de hoy / Mundial, turismo y la oportunidad de Tampico - El Sol de México",https://oem.com.mx/elsoldetampico/analisis/es-lo-de-hoy-mundial-turismo-y-la-oportunidad-de-tampico-28732673,oem.com.mx,downloaded_ok,trafilatura,599,False,False,False,trafilatura,,
3,"""tampico"" site:oem.com.mx",site:oem.com.mx,"""tampico""",Mujeres ganan terreno en la dirección de facultades de la UAT en Tampico - El Sol de México,https://oem.com.mx/elsoldetampico/local/mujeres-ganan-terreno-en-la-direccion-de-facultades-de-la-uat-en-tampico-28822328,oem.com.mx,downloaded_ok,trafilatura,3737,False,False,False,trafilatura,,
3,"""tampico"" site:oem.com.mx",site:oem.com.mx,"""tampico""",Con cerrajero reabren primaria Emiliano Zapata tras conflicto escolar en Altamira - El Sol de México,https://oem.com.mx/elsoldetampico/local/con-cerrajero-reabren-primaria-emiliano-zapata-tras-conflicto-escolar-en-altamira-28794663,oem.com.mx,downloaded_ok,trafilatura,1177,False,False,False,trafilatura,,
3,"""tampico"" site:oem.com.mx",site:oem.com.mx,"""tampico""",Jaiba Brava quiere hacer pesar el Estadio Tamaulipas ante Dorados - El Sol de México,https://oem.com.mx/elsoldetampico/deportes/jaiba-brava-quiere-hacer-pesar-el-estadio-tamaulipas-ante-dorados-28760310,oem.com.mx,downloaded_ok,trafilatura,3120,False,False,False,trafilatura,,
3,"""tampico"" site:oem.com.mx",site:oem.com.mx,"""tampico""",Tampico tendrá calor y vientos de surada este jueves; así estará el clima hoy - El Sol de México,https://oem.com.mx/elsoldetampico/local/tampico-tendra-calor-y-vientos-de-surada-este-jueves-asi-estara-el-clima-hoy-28791478,oem.com.mx,downloaded_ok,trafilatura,1388,False,False,False,trafilatura,,
3,"""tampico"" site:oem.com.mx",site:oem.com.mx,"""tampico""",La madriguera del lobo / Los notarios (II) - El Sol de México,https://oem.com.mx/elsoldetampico/analisis/la-madriguera-del-lobo-los-notarios-ii-28731898,oem.com.mx,downloaded_ok,trafilatura,4215,False,False,False,trafilatura,,
3,"""tampico"" site:oem.com.mx",site:oem.com.mx,"""tampico""",De las polémicas a la música: Alfredo Adame se presentará como DJ en Tampico - El Sol de México,https://oem.com.mx/elsoldetampico/tendencias/de-las-polemicas-a-la-musica-alfredo-adame-se-presentara-como-dj-en-tampico-28757123,oem.com.mx,downloaded_ok,trafilatura,853,False,False,False,trafilatura,,
3,"""tampico"" site:oem.com.mx",site:oem.com.mx,"""tampico""",Tragedia en Tamaulipas: muere secretario municipal en choque carretero - El Sol de México,https://oem.com.mx/elsoldetampico/local/tragedia-en-tamaulipas-muere-mauricio-trevino-garza-secretario-municipal-en-choque-carretero-28749952,oem.com.mx,downloaded_ok,trafilatura,1790,False,False,False,trafilatura,,
3,"""tampico"" site:oem.com.mx",site:oem.com.mx,"""tampico""",Dos millones para vigilar Playa Miramar: así operaría la nueva Policía Turística - El Sol de México,https://oem.com.mx/elsoldetampico/local/dos-millones-para-vigilar-playa-miramar-asi-operaria-la-nueva-policia-turistica-28784179,oem.com.mx,downloaded_ok,trafilatura,1697,False,False,False,trafilatura,,
3,"""tampico"" site:oem.com.mx",site:oem.com.mx,"""tampico""",Peligro en playa de Pueblo Viejo: cierran zona por fosas submarinas profundas - El Sol de México,https://oem.com.mx/elsoldetampico/turismo/peligro-en-playa-de-pueblo-viejo-cierran-zona-por-fosas-submarinas-profundas-28747596,oem.com.mx,downloaded_ok,trafilatura,1625,False,False,False,trafilatura,,
3,"""tampico"" site:oem.com.mx",site:oem.com.mx,"""tampico""",Hallan muerto a presunto agresor del influencer Adaneo en Tamaulipas - El Sol de México,https://oem.com.mx/elsoldetampico/local/hallan-muerto-a-presunto-agresor-del-influencer-adaneo-en-tamaulipas-28776237,oem.com.mx,downloaded_ok,trafilatura,563,False,False,False,trafilatura,,
3,"""tampico"" site:oem.com.mx",site:oem.com.mx,"""tampico""",Pesca en crisis: la captura en Tamaulipas ha caído 42% en seis años - El Sol de México,https://oem.com.mx/elsoldetampico/local/pesca-en-crisis-la-captura-en-tamaulipas-ha-caido-42-en-seis-anos-28694898,oem.com.mx,downloaded_ok,trafilatura,2224,False,False,False,trafilatura,,
3,"""tampico"" site:oem.com.mx",site:oem.com.mx,"""tampico""","Pemex aumenta la renta a los trabajadores: “es injusto y peligroso que se vayan, necesitan estar cerca de la Refinería” - El Sol de México",https://oem.com.mx/elsoldetampico/local/pemex-aumenta-la-renta-a-los-trabajadores-es-injusto-y-peligroso-que-se-vayan-necesitan-estar-cerca-de-la-refineria-28751167,oem.com.mx,downloaded_ok,trafilatura,1898,False,False,False,trafilatura,,
3,"""tampico"" site:oem.com.mx",site:oem.com.mx,"""tampico""",Detienen a presunto ladrón de gorras en los mercados de Tampico: “había estado robando esta semana” - El Sol de México,https://oem.com.mx/elsoldetampico/local/detienen-a-presunto-ladron-de-gorras-en-los-mercados-de-tampico-habia-estado-robando-esta-semana-28776611,oem.com.mx,downloaded_ok,trafilatura,662,False,False,False,trafilatura,,
3,"""tampico"" site:oem.com.mx",site:oem.com.mx,"""tampico""",¡Todos por Bertha! Organizan baile con causa en el Casino Moctezuma de Tampico - El Sol de México,https://oem.com.mx/elsoldetampico/gossip/todos-por-bertha-organizan-baile-con-causa-en-el-casino-moctezuma-de-tampico-28782429,oem.com.mx,downloaded_ok,trafilatura,1054,False,False,False,trafilatura,,
3,"""tampico"" site:oem.com.mx",site:oem.com.mx,"""tampico""",Estudiantes de Medicina UAT recuerdan a mujeres que abrieron camino en la ciencia y la salud - El Sol de México,https://oem.com.mx/elsoldetampico/local/estudiantes-de-medicina-uat-recuerdan-a-mujeres-que-abrieron-camino-en-la-ciencia-y-la-salud-28812012,oem.com.mx,downloaded_ok,trafilatura,1303,False,False,False,trafilatura,,
3,"""tampico"" site:oem.com.mx",site:oem.com.mx,"""tampico""",¡Que vengan los tianguis! Productores de Veracruz buscan vender sin intermediarios - El Sol de México,https://oem.com.mx/elsoldetampico/local/que-vengan-los-tianguis-productores-de-veracruz-buscan-vender-sin-intermediarios-28627812,oem.com.mx,downloaded_ok,trafilatura,1154,False,False,False,trafilatura,,
3,"""tampico"" site:oem.com.mx",site:oem.com.mx,"""tampico""",La tubería “llora”: usuarios de Tampico solicitan la reparación de una fuga de aguas negras - El Sol de México,https://oem.com.mx/elsoldetampico/local/la-tuberia-llora-usuarios-de-tampico-solicitan-la-reparacion-de-una-fuga-de-aguas-negras-28794838,oem.com.mx,downloaded_ok,trafilatura,1719,False,False,False,trafilatura,,
3,"""tampico"" site:oem.com.mx",site:oem.com.mx,"""tampico""",Aumentan fraudes con ‘cursos en línea’ en Tamaulipas: cómo identificarlos y protegerte - El Sol de México,https://oem.com.mx/elsoldetampico/tendencias/aumentan-fraudes-con-cursos-en-linea-en-tamaulipas-como-identificarlos-y-protegerte-28775045,oem.com.mx,downloaded_ok,trafilatura,2016,False,False,False,trafilatura,,
3,"""tampico"" site:oem.com.mx",site:oem.com.mx,"""tampico""","Llevan Playa Miramar y productos de Ciudad Madero hasta McAllen, Texas - El Sol de México",https://oem.com.mx/elsoldetampico/local/llevan-playa-miramar-y-productos-de-ciudad-madero-hasta-mcallen-texas-28839953,oem.com.mx,downloaded_ok,trafilatura,3475,False,False,False,trafilatura,,
3,"""tampico"" site:oem.com.mx",site:oem.com.mx,"""tampico""","Aerus reabre la ruta Tampico-Monterrey con vuelos matutinos, ¡una opción más previa al Mundial 2026! - El Sol de México",https://oem.com.mx/elsoldetampico/turismo/aerus-reabre-la-ruta-tampico-monterrey-con-vuelos-matutinos-una-opcion-mas-previa-al-mundial-2026-28744471,oem.com.mx,downloaded_ok,trafilatura,1728,False,False,False,trafilatura,,
3,"""tampico"" site:oem.com.mx",site:oem.com.mx,"""tampico""","“Que no olviden la tierra”: sin jóvenes que trabajen la tierra, el campo en Altamira podría quedar en abandono - El Sol de México",https://oem.com.mx/elsoldetampico/local/que-no-olviden-la-tierra-sin-jovenes-que-trabajen-la-tierra-el-campo-en-altamira-podria-quedar-en-abandono-28678147,oem.com.mx,downloaded_ok,trafilatura,791,False,False,False,trafilatura,,
3,"""tampico"" site:oem.com.mx",site:oem.com.mx,"""tampico""",Rapiña por piernas de cerdo: pobladores se enfrentan tras incendio de tráiler en Tamaulipas - El Sol de México,https://oem.com.mx/elsoldetampico/local/rapina-por-piernas-de-cerdo-pobladores-se-enfrentan-tras-incendio-de-trailer-en-tamaulipas-28809227,oem.com.mx,downloaded_ok,trafilatura,1219,False,False,False,trafilatura,,
3,"""tampico"" site:oem.com.mx",site:oem.com.mx,"""tampico""",Refugios de animales en Tampico necesitan ayuda; Así puedes apoyar a michis y lomitos - El Sol de México,https://oem.com.mx/elsoldetampico/local/fundacion-josue-echavarria-pide-apoyo-para-refugios-que-cuidan-a-perritos-y-gatitos-abandonados-en-tampico-28812235,oem.com.mx,downloaded_ok,trafilatura,1280,False,False,False,trafilatura,,
3,"""tampico"" site:oem.com.mx",site:oem.com.mx,"""tampico""",Hablando de medicina y salud / Cuando la ciencia cambia la forma de bajar de peso - El Sol de México,https://oem.com.mx/elsoldetampico/analisis/cuando-la-ciencia-cambia-la-forma-de-bajar-de-peso-28838360,oem.com.mx,downloaded_ok,trafilatura,4208,False,False,False,trafilatura,,
3,"""tampico"" site:oem.com.mx",site:oem.com.mx,"""tampico""",Lunes bochornoso en Tampico: surada traerá calor y fuertes rachas de viento - El Sol de México,https://oem.com.mx/elsoldetampico/local/lunes-bochornoso-en-tampico-surada-traera-calor-y-fuertes-rachas-de-viento-28741362,oem.com.mx,downloaded_ok,trafilatura,254,False,False,False,trafilatura,,
3,"""tampico"" site:oem.com.mx",site:oem.com.mx,"""tampico""",Ojo al camino: jabalíes y venados salen del monte por sequía en el norte de Veracruz - El Sol de México,https://oem.com.mx/elsoldetampico/local/ojo-al-camino-jabalies-y-venados-salen-del-monte-por-sequia-en-el-norte-de-veracruz-28751016,oem.com.mx,downloaded_ok,trafilatura,887,False,False,False,trafilatura,,
3,"""tampico"" site:oem.com.mx",site:oem.com.mx,"""tampico""",Llevan un año esperando el dragado de la Laguna de Tamiahua: 15 mil pescadores en crisis - El Sol de México,https://oem.com.mx/elsoldetampico/local/llevan-un-ano-esperando-el-dragado-de-la-laguna-de-tamiahua-15-mil-pescadores-en-crisis-28767374,oem.com.mx,downloaded_ok,trafilatura,280,False,False,False,trafilatura,,
3,"""tampico"" site:oem.com.mx",site:oem.com.mx,"""tampico""","“El Compita”, el guardián de la catedral del basquetbol en Ciudad Madero - El Sol de México",https://oem.com.mx/elsoldetampico/deportes/el-compita-el-guardian-de-la-catedral-del-basquetbol-en-ciudad-madero-28748426,oem.com.mx,downloaded_ok,trafilatura,3080,False,False,False,trafilatura,,
3,"""tampico"" site:oem.com.mx",site:oem.com.mx,"""tampico""",Talento tampiqueño con nombre de mujer: ellas inspiraron —y aún lo hacen— al puerto - El Sol de México,https://oem.com.mx/elsoldetampico/local/talento-tampiqueno-con-nombre-de-mujer-ellas-inspiraron-y-aun-lo-hacen-al-puerto-28800880,oem.com.mx,downloaded_ok,trafilatura,5413,False,False,False,trafilatura,,
3,"""tampico"" site:oem.com.mx",site:oem.com.mx,"""tampico""",¡Imagínese! / Altamira: el mejor momento - El Sol de México,https://oem.com.mx/elsoldetampico/analisis/altamira-el-mejor-momento-28782339,oem.com.mx,downloaded_ok,trafilatura,4577,False,False,False,trafilatura,,
3,"""tampico"" site:oem.com.mx",site:oem.com.mx,"""tampico""",Más de 13 mil empleos formales en 2026: estos son los sectores que más están contratando en Tamaulipas - El Sol de México,https://oem.com.mx/elsoldetampico/turismo/mas-de-13-mil-empleos-formales-en-2026-estos-son-los-sectores-que-mas-estan-contratando-en-tamaulipas-28794222,oem.com.mx,downloaded_ok,trafilatura,1651,False,False,False,trafilatura,,
3,"""tampico"" site:oem.com.mx",site:oem.com.mx,"""tampico""",¡Héroes de la Guardia Estatal! Rompen vidrio de auto para rescatar a un bebé en Tamaulipas - El Sol de México,https://oem.com.mx/elsoldetampico/local/heroes-de-la-guardia-estatal-rompen-vidrio-de-auto-para-rescatar-a-un-bebe-en-tamaulipas-28800741,oem.com.mx,downloaded_ok,trafilatura,1887,False,False,False,trafilatura,,
3,"""tampico"" site:oem.com.mx",site:oem.com.mx,"""tampico""",¿Cómo que ya venció? Más de 10 mil credenciales 2025 siguen sin renovarse en el sur de Tamaulipas - El Sol de México,https://oem.com.mx/elsoldetampico/local/como-que-ya-vencio-mas-de-10-mil-credenciales-2025-siguen-sin-renovarse-en-el-sur-de-tamaulipas-28760835,oem.com.mx,downloaded_ok,trafilatura,942,False,False,False,trafilatura,,
3,"""tampico"" site:oem.com.mx",site:oem.com.mx,"""tampico""",¿Te escriben por Facebook para cobrarte? Secretaría de Finanzas de Tamaulipas lanza advertencia de fraude - El Sol de México,https://oem.com.mx/elsoldetampico/local/te-escriben-por-facebook-para-cobrarte-secretaria-de-finanzas-de-tamaulipas-lanza-advertencia-de-fraude-28829741,oem.com.mx,downloaded_ok,trafilatura,1207,False,False,False,trafilatura,,
3,"""tampico"" site:oem.com.mx",site:oem.com.mx,"""tampico""",Declaración anual 2026: guía para evitar errores y multas ante el SAT - El Sol de México,https://oem.com.mx/elsoldetampico/local/declaracion-anual-2026-guia-para-evitar-errores-y-multas-ante-el-sat-28743209,oem.com.mx,downloaded_ok,trafilatura,1274,False,False,False,trafilatura,,
3,"""tampico"" site:oem.com.mx",site:oem.com.mx,"""tampico""",Localizan sin vida a mujer de 50 años desaparecida en Reynosa: colectivos de búsqueda piden información - El Sol de México,https://oem.com.mx/elsoldetampico/local/localizan-sin-vida-a-mujer-de-50-anos-desaparecida-en-reynosa-colectivos-de-busqueda-piden-informacion-28765209,oem.com.mx,downloaded_ok,trafilatura,1689,False,False,False,trafilatura,,
3,"""tampico"" site:oem.com.mx",site:oem.com.mx,"""tampico""",Corregir actas podría ser gratis en Tamaulipas: esto plantea la reforma - El Sol de México,https://oem.com.mx/elsoldetampico/local/corregir-actas-podria-ser-gratis-en-tamaulipas-esto-plantea-la-reforma-28831347,oem.com.mx,downloaded_ok,trafilatura,1211,False,False,False,trafilatura,,
3,"""tampico"" site:oem.com.mx",site:oem.com.mx,"""tampico""",¡Checa tu agenda! Clásico tamaulipeco ya tiene nueva fecha; boletos aún son válidos - El Sol de México,https://oem.com.mx/elsoldetampico/deportes/reprogramado-clasico-tamaulipeco-ya-tiene-nueva-fecha-boletos-seguiran-siendo-validos-28744540,oem.com.mx,downloaded_ok,trafilatura,413,False,False,False,trafilatura,,
3,"""tampico"" site:oem.com.mx",site:oem.com.mx,"""tampico""",Nueva era militar en Tampico: elevan a Octava Zona Aérea las instalaciones del aeropuerto - El Sol de México,https://oem.com.mx/elsoldetampico/local/nueva-era-militar-en-tampico-elevan-a-octava-zona-aerea-las-instalaciones-del-aeropuerto-28778562,oem.com.mx,downloaded_ok,trafilatura,1623,False,False,False,trafilatura,,
3,"""tampico"" site:oem.com.mx",site:oem.com.mx,"""tampico""",“La sequía no dará tregua”: expertos advierten crisis permanente en el sistema lagunario de Tampico - El Sol de México,https://oem.com.mx/elsoldetampico/local/la-sequia-no-dara-tregua-expertos-advierten-crisis-permanente-en-el-sistema-lagunario-de-tampico-28752241,oem.com.mx,downloaded_ok,trafilatura,931,False,False,False,trafilatura,,
3,"""tampico"" site:oem.com.mx",site:oem.com.mx,"""tampico""",Brecha Huasteca: la ruta petrolera que abrió camino al norte de Veracruz - El Sol de México,https://oem.com.mx/elsoldetampico/local/brecha-huasteca-la-ruta-petrolera-que-abrio-camino-al-norte-de-veracruz-28745194,oem.com.mx,downloaded_ok,trafilatura,959,False,False,False,trafilatura,,
3,"""tampico"" site:oem.com.mx",site:oem.com.mx,"""tampico""",IMSS Tamaulipas gradúa a 127 nuevos especialistas para fortalecer la atención médica - El Sol de México,https://oem.com.mx/elsoldetampico/ciencia-y-salud/imss-tamaulipas-gradua-a-127-nuevos-especialistas-para-fortalecer-la-atencion-medica-28759556,oem.com.mx,downloaded_ok,trafilatura,1221,False,False,False,trafilatura,,
3,"""tampico"" site:oem.com.mx",site:oem.com.mx,"""tampico""","Leyenda de los Búhos: rinden homenaje a Juan José Córdoba, forjador de campeones en la UAT - El Sol de México",https://oem.com.mx/elsoldetampico/deportes/leyenda-de-los-buhos-rinden-homenaje-a-juan-jose-cordoba-forjador-de-campeones-en-la-uat-28759292,oem.com.mx,downloaded_ok,trafilatura,554,False,False,False,trafilatura,,
3,"""tampico"" site:oem.com.mx",site:oem.com.mx,"""tampico""",Gracias al trabajo de 100 brigadistas y autoridades; logran controlar al 100% incendio forestal en Miquihuana - El Sol de México,https://oem.com.mx/elsoldetampico/local/gracias-al-trabajo-de-100-brigadistas-y-autoridades-logran-controlar-al-100-incendio-forestal-en-miquihuana-28817934,oem.com.mx,downloaded_ok,trafilatura,1084,False,False,False,trafilatura,,
3,"""tampico"" site:oem.com.mx",site:oem.com.mx,"""tampico""",Día de la Vida Silvestre: especies poco comunes habitan el sur de Tamaulipas - El Sol de México,https://oem.com.mx/elsoldetampico/tendencias/dia-de-la-vida-silvestre-especies-poco-comunes-habitan-el-sur-de-tamaulipas-28759303,oem.com.mx,downloaded_ok,trafilatura,1652,False,False,False,trafilatura,,
3,"""tampico"" site:oem.com.mx",site:oem.com.mx,"""tampico""",Llegan a Altamira los primeros equipos para el Campo Trión en aguas ultraprofundas - El Sol de México,https://oem.com.mx/elsoldetampico/local/llegan-a-altamira-los-primeros-equipos-para-el-campo-trion-en-aguas-ultraprofundas-28729776,oem.com.mx,downloaded_ok,trafilatura,753,False,False,False,trafilatura,,
3,"""tampico"" site:oem.com.mx",site:oem.com.mx,"""tampico""",Contaminación auditiva afecta a miles de personas en Tamaulipas: riesgos a la salud y sanciones - El Sol de México,https://oem.com.mx/elsoldetampico/ciencia-y-salud/contaminacion-auditiva-afecta-a-miles-de-personas-en-tamaulipas-riesgos-a-la-salud-y-sanciones-28809039,oem.com.mx,downloaded_ok,trafilatura,1614,False,False,False,trafilatura,,
3,"""tampico"" site:oem.com.mx",site:oem.com.mx,"""tampico""",Salvavidas certificados y equipo de élite: Ciudad Madero refuerza la vigilancia acuática en Miramar - El Sol de México,https://oem.com.mx/elsoldetampico/local/salvavidas-certificados-y-equipo-de-elite-ciudad-madero-refuerza-la-vigilancia-acuatica-en-miramar-28762046,oem.com.mx,downloaded_ok,trafilatura,561,False,False,False,trafilatura,,
3,"""tampico"" site:oem.com.mx",site:oem.com.mx,"""tampico""",Incendio forestal arrasa con 250 hectáreas del corredor de la mariposa monarca en Tamaulipas - El Sol de México,https://oem.com.mx/elsoldetampico/local/incendio-forestal-arrasa-con-250-hectareas-del-corredor-de-la-mariposa-monarca-en-tamaulipas-28745100,oem.com.mx,downloaded_ok,trafilatura,953,False,False,False,trafilatura,,
3,"""tampico"" site:oem.com.mx",site:oem.com.mx,"""tampico""",¿Adiós al PREP en Tamaulipas? INE dejaría de gastar 9 millones de pesos con Reforma Electoral - El Sol de México,https://oem.com.mx/elsoldetampico/local/adios-al-prep-en-tamaulipas-ine-dejaria-de-gastar-9-millones-de-pesos-con-reforma-electoral-28681471,oem.com.mx,downloaded_ok,trafilatura,1665,False,False,False,trafilatura,,
3,"""tampico"" site:oem.com.mx",site:oem.com.mx,"""tampico""",El pulso de la economía / Recuperación y estabilidad interna ante los efectos globales - El Sol de México,https://oem.com.mx/elsoldetampico/analisis/el-pulso-de-la-economia-recuperacion-y-estabilidad-interna-ante-los-efectos-globales-28801268,oem.com.mx,downloaded_ok,trafilatura,468,False,False,False,trafilatura,,
3,"""tampico"" site:oem.com.mx",site:oem.com.mx,"""tampico""",Tamaulipas recibe distintivos “Hecho en México” y la Indicación Geográfica de la Cuera Tamaulipeca - El Sol de México,https://oem.com.mx/elsoldetampico/local/tamaulipas-recibe-distintivos-hecho-en-mexico-y-la-indicacion-geografica-de-la-cuera-tamaulipeca-28751834,oem.com.mx,downloaded_ok,trafilatura,523,False,False,False,trafilatura,,
3,"""tampico"" site:oem.com.mx",site:oem.com.mx,"""tampico""",Anillamiento científico de aves revela la riqueza natural de la Laguna La Vega Escondida - El Sol de México,https://oem.com.mx/elsoldetampico/ciencia-y-salud/anillamiento-cientifico-de-aves-revela-la-riqueza-natural-de-la-laguna-la-vega-escondida-28808750,oem.com.mx,downloaded_ok,trafilatura,1027,False,False,False,trafilatura,,
3,"""tampico"" site:oem.com.mx",site:oem.com.mx,"""tampico""",Ozuluama abre elección de agentes municipales 2026-2030: Te contamos todo sobre la convocatoria - El Sol de México,https://oem.com.mx/elsoldetampico/local/ozuluama-abre-eleccion-de-agentes-municipales-2026-2030-te-contamos-todo-sobre-la-convocatoria-28756392,oem.com.mx,downloaded_ok,trafilatura,1196,False,False,False,trafilatura,,
3,"""tampico"" site:oem.com.mx",site:oem.com.mx,"""tampico""","El desafío de sembrar algodón en 2026: costos, plagas y la lucha por rescatar el “oro blanco” - El Sol de México",https://oem.com.mx/elsoldetampico/finanzas/el-desafio-de-sembrar-algodon-en-2026-costos-plagas-y-la-lucha-por-rescatar-el-oro-blanco-28638499,oem.com.mx,downloaded_ok,trafilatura,1657,False,False,False,trafilatura,,
3,"""tampico"" site:oem.com.mx",site:oem.com.mx,"""tampico""",Congreso de Tamaulipas aprueba millonario laudo laboral a favor del SUTSHA en Ciudad Madero - El Sol de México,https://oem.com.mx/elsoldetampico/local/congreso-de-tamaulipas-aprueba-millonario-laudo-laboral-a-favor-del-sutsha-en-ciudad-madero-28750377,oem.com.mx,downloaded_ok,trafilatura,1757,False,False,False,trafilatura,,
3,"""tampico"" site:oem.com.mx",site:oem.com.mx,"""tampico""","Vinculan a proceso a nueve presuntos integrantes de un grupo criminal en Matamoros, Tamaulipas - El Sol de México",https://oem.com.mx/elsoldetampico/policiaca/vinculan-a-proceso-a-nueve-presuntos-integrantes-de-un-grupo-criminal-en-matamoros-tamaulipas-28854848,oem.com.mx,downloaded_ok,trafilatura,724,False,False,False,trafilatura,,
4,"""Monica Villarreal"" site:milenio.com",site:milenio.com,"""Monica Villarreal""",La Grilla - Milenio,https://www.milenio.com/opinion/editoriales/se-dice-en-la-grilla-tamaulipas/la-grilla_1091,www.milenio.com,downloaded_ok,cloudscraper,2105,False,False,True,"trafilatura,cloudscraper",,
4,"""Monica Villarreal"" site:milenio.com",site:milenio.com,"""Monica Villarreal""",La Grilla - Milenio,https://www.milenio.com/opinion/editoriales/se-dice-en-la-grilla-tamaulipas/la-grilla_1087,www.milenio.com,downloaded_ok,cloudscraper,2137,False,False,True,"trafilatura,cloudscraper",,
4,"""Monica Villarreal"" site:milenio.com",site:milenio.com,"""Monica Villarreal""",La Grilla - Milenio,https://www.milenio.com/opinion/editoriales/se-dice-en-la-grilla-tamaulipas/la-grilla_1090,www.milenio.com,downloaded_ok,cloudscraper,2075,False,False,True,"trafilatura,cloudscraper",,
4,"""Monica Villarreal"" site:milenio.com",site:milenio.com,"""Monica Villarreal""","Edificios históricos, dolor de cabeza y una bomba de tiempo en el centro de Tampico - Milenio",https://www.milenio.com/estados/edificios-historicos-dolor-cabeza-centro-tampico,www.milenio.com,downloaded_ok,cloudscraper,2477,False,False,True,"trafilatura,cloudscraper",,
4,"""Monica Villarreal"" site:milenio.com",site:milenio.com,"""Monica Villarreal""",Empresarios del sector privado piden aprovechar inversión histórica de proyectos en el sur - Milenio,https://www.milenio.com/negocios/empresarios-piden-aprovechar-inversion-sur-tamaulipas,www.milenio.com,downloaded_ok,cloudscraper,3384,False,False,True,"trafilatura,cloudscraper",,
6,"""tampico"" site:milenio.com",site:milenio.com,"""tampico""",Multarán hasta por 4 mdp por vender tortillas en hieleras o motos en Tamaulipas - Milenio,https://www.milenio.com/negocios/multaran-vender-tortillas-hieleras-motos-tamaulipas,www.milenio.com,downloaded_ok,cloudscraper,1463,False,False,True,"trafilatura,cloudscraper",,
6,"""tampico"" site:milenio.com",site:milenio.com,"""tampico""","Muere Cristóbal Tapia Padrón, ex presidente de la Jaiba Brava - Milenio",https://www.milenio.com/deportes/futbol/fallece-cristobal-tapia-padron-presidente-jaiba-brava,www.milenio.com,downloaded_ok,cloudscraper,2110,False,False,True,"trafilatura,cloudscraper",,
6,"""tampico"" site:milenio.com",site:milenio.com,"""tampico""",Tampico analiza prohibir scooters eléctricos en calles y avenidas dentro de reforma al reglamento de tránsito - Milenio,https://www.milenio.com/estados/prohibir-scooters-tampico-analizan-reforma-reglamento-transi,www.milenio.com,downloaded_ok,cloudscraper,3205,False,False,True,"trafilatura,cloudscraper",,
6,"""tampico"" site:milenio.com",site:milenio.com,"""tampico""",Apuestan por el regreso de cruceros a Tamaulipas - Milenio,https://www.milenio.com/comunidad/apuestan-por-el-regreso-de-cruceros-a-tamaulipas,www.milenio.com,downloaded_ok,cloudscraper,1435,False,False,True,"trafilatura,cloudscraper",,
6,"""tampico"" site:milenio.com",site:milenio.com,"""tampico""",Tiene Tampico uno de los súpers más baratos del país - Milenio,https://www.milenio.com/negocios/tampico-supermercados-mas-baratos-mexico-16-20-febrero-2026,www.milenio.com,downloaded_ok,cloudscraper,1948,False,False,True,"trafilatura,cloudscraper",,
6,"""tampico"" site:milenio.com",site:milenio.com,"""tampico""","“Cambio ropa por comida""; una joven madre en Tampico hace un último esfuerzo por llevar algo de comer a sus tr - Milenio",https://www.milenio.com/comunidad/madre-cambia-ropa-comida-alimentar-hijos-tampico,www.milenio.com,downloaded_ok,cloudscraper,3075,False,False,True,"trafilatura,cloudscraper",,
6,"""tampico"" site:milenio.com",site:milenio.com,"""tampico""",Gasolinera en Tampico aparece entre los precios más baratos en México - Milenio,https://www.milenio.com/comunidad/precio-mas-bajo-de-gasolina-en-tampico-segun-profeco,www.milenio.com,downloaded_ok,cloudscraper,1902,False,False,True,"trafilatura,cloudscraper",,
6,"""tampico"" site:milenio.com",site:milenio.com,"""tampico""",Otorgan solo 150 empleos temporales para dos mil despicadoras en el sur de Tamaulipas - Milenio,https://www.milenio.com/comunidad/ofrecen-150-empleos-temporales-2-mil-despicadoras-tampico,www.milenio.com,downloaded_ok,cloudscraper,1582,False,False,True,"trafilatura,cloudscraper",,
6,"""tampico"" site:milenio.com",site:milenio.com,"""tampico""",“Tengan mucho cuidado”: Joven denuncia presunto acoso de hombre desnudo en Laguna del Carpintero - Milenio,https://www.milenio.com/comunidad/joven-denuncia-acoso-hombre-laguna-carpintero-tampico,www.milenio.com,downloaded_ok,cloudscraper,2308,False,False,True,"trafilatura,cloudscraper",,
6,"""tampico"" site:milenio.com",site:milenio.com,"""tampico""",Vinculan a proceso a dos hombres por Narcomenudeo en Tampico - Milenio,https://www.milenio.com/policia/vinculan-a-proceso-a-dos-hombres-por-narcomenudeo-en-tampico,www.milenio.com,downloaded_ok,cloudscraper,893,False,False,True,"trafilatura,cloudscraper",,
6,"""tampico"" site:milenio.com",site:milenio.com,"""tampico""",Vuelo Tampico-Monterrey de Aerus | HORARIOS y COSTOS de boletos - Milenio,https://www.milenio.com/estilo/vuelo-tampico-monterrey-aerus-horarios-costo-boletos,www.milenio.com,downloaded_ok,cloudscraper,1403,False,False,True,"trafilatura,cloudscraper",,
6,"""tampico"" site:milenio.com",site:milenio.com,"""tampico""",Habrá transporte gratuito para asistir a la Feria de Empleo para las Mujeres en Tampico - Milenio,https://www.milenio.com/estados/transporte-gratuito-feria-tampico-ruta-horarios,www.milenio.com,downloaded_ok,cloudscraper,1955,False,False,True,"trafilatura,cloudscraper",,
6,"""tampico"" site:milenio.com",site:milenio.com,"""tampico""",Proyectos inmobiliarios en Tampico se ofertan a los inversionistas extranjeros - Milenio,https://www.milenio.com/negocios/proyectos-inmobiliarios-tampico-ofertan-ip-extranjera,www.milenio.com,downloaded_ok,cloudscraper,2472,False,False,True,"trafilatura,cloudscraper",,
6,"""tampico"" site:milenio.com",site:milenio.com,"""tampico""",La Grilla - Milenio,https://www.milenio.com/opinion/editoriales/se-dice-en-la-grilla-tamaulipas/la-grilla_1092,www.milenio.com,downloaded_ok,cloudscraper,2196,False,False,True,"trafilatura,cloudscraper",,
6,"""tampico"" site:milenio.com",site:milenio.com,"""tampico""",¿Buscas trabajo? ofertarán más de mil vacantes en Ferias de la Mujer en Tamaulipas; Fecha y sedes - Milenio,https://www.milenio.com/comunidad/ferias-nacionales-mujer-2026-tamaulipas-fechas,www.milenio.com,downloaded_ok,cloudscraper,2373,False,False,True,"trafilatura,cloudscraper",,
6,"""tampico"" site:milenio.com",site:milenio.com,"""tampico""",Detecta Cruz Roja mal manejo de sus finanzas en Tamaulipas - Milenio,https://www.milenio.com/estados/cruz-roja-mexicana-detecta-irregularidades-tamaulipas,www.milenio.com,downloaded_ok,cloudscraper,4846,False,False,True,"trafilatura,cloudscraper",,
6,"""tampico"" site:milenio.com",site:milenio.com,"""tampico""","Tampico, Madero y Altamira buscarán unificar reglamento de tránsito - Milenio",https://www.milenio.com/estados/tampico-madero-altamira-buscaran-unificar-reglamento-transito,www.milenio.com,downloaded_ok,cloudscraper,3930,False,False,True,"trafilatura,cloudscraper",,
6,"""tampico"" site:milenio.com",site:milenio.com,"""tampico""",Exigen policías a pie en el centro de Tampico - Milenio,https://www.milenio.com/estados/exigen-policias-a-pie-en-el-centro-de-tampico,www.milenio.com,downloaded_ok,cloudscraper,2102,False,False,True,"trafilatura,cloudscraper",,
6,"""tampico"" site:milenio.com",site:milenio.com,"""tampico""",Tras ola de robos cambian al coordinador de la policía Tampico - Milenio,https://www.milenio.com/comunidad/cambian-coordinador-policia-tampico-ola-robos,www.milenio.com,downloaded_ok,cloudscraper,1125,False,False,True,"trafilatura,cloudscraper",,
6,"""tampico"" site:milenio.com",site:milenio.com,"""tampico""",Prevén inmobiliarios riesgo de inflación con plan de orden urbano en Tampico - Milenio,https://www.milenio.com/negocios/proyecto-orden-urbano-tampico-amaga-agravar-inflacion,www.milenio.com,downloaded_ok,cloudscraper,2420,False,False,True,"trafilatura,cloudscraper",,
6,"""tampico"" site:milenio.com",site:milenio.com,"""tampico""",Más de 4 mil petroleros participan en clausura de Jornadas Deportivas 2026 en Tampico - Milenio,https://www.milenio.com/deportes/jornadas-deportivas-stprm-2026-cierran-etapa-regional-tampico,www.milenio.com,downloaded_ok,cloudscraper,4646,False,False,True,"trafilatura,cloudscraper",,
6,"""tampico"" site:milenio.com",site:milenio.com,"""tampico""",Feria Nacional de Empleo para las Mujeres 2026 llegará a Tampico ¿Cuándo y dónde? - Milenio,https://www.milenio.com/estados/feria-nacional-de-empleo-para-las-mujeres-2026-en-tampico,www.milenio.com,downloaded_ok,cloudscraper,2593,False,False,True,"trafilatura,cloudscraper",,
6,"""tampico"" site:milenio.com",site:milenio.com,"""tampico""","Coach Juan José Córdoba dejó ""enseñanzas de la vida"" con Búhos Tampico - Milenio",https://www.milenio.com/deportes/coach-juan-jose-cordoba-ensenanzas-vida-buhos-tampico,www.milenio.com,downloaded_ok,cloudscraper,3667,False,False,True,"trafilatura,cloudscraper",,
6,"""tampico"" site:milenio.com",site:milenio.com,"""tampico""",Veda y error en censo deja a mil despicadoras en Tampico sin dinero - Milenio,https://www.milenio.com/estados/bienpesca-tampico-mil-despicadoras-siguen-apoyo-federal,www.milenio.com,downloaded_ok,cloudscraper,4402,False,False,True,"trafilatura,cloudscraper",,
6,"""tampico"" site:milenio.com",site:milenio.com,"""tampico""",Marina reforzará control marítimo de Tampico y Veracruz rumbo a Copa Mundial 2026 - Milenio,https://www.milenio.com/estados/marina-reforzara-puerto-tampico-veracruz-copa-mundial-2026,www.milenio.com,downloaded_ok,cloudscraper,3145,False,False,True,"trafilatura,cloudscraper",,
6,"""tampico"" site:milenio.com",site:milenio.com,"""tampico""",Concanaco designa a empresaria tamaulipeca como vicepresidenta - Milenio,https://www.milenio.com/negocios/concanaco-designa-a-empresaria-tamaulipeca-como-vicepresidenta,www.milenio.com,downloaded_ok,cloudscraper,1817,False,False,True,"trafilatura,cloudscraper",,
6,"""tampico"" site:milenio.com",site:milenio.com,"""tampico""",Martín Valverde llegará a Tampico con concierto por 45 años de trayectoria en la música católica - Milenio,https://www.milenio.com/espectaculos/musica/martin-valverde-tampico-2026-fecha-boletos-concierto,www.milenio.com,downloaded_ok,cloudscraper,3958,False,False,True,"trafilatura,cloudscraper",,
6,"""tampico"" site:milenio.com",site:milenio.com,"""tampico""",Camiones chatarra se apoderan de Tampico y convierten a la ciudad en cementerio - Milenio,https://www.milenio.com/estados/crisis-transporte-publico-tampico-autobuses-abandonados,www.milenio.com,downloaded_ok,cloudscraper,3716,False,False,True,"trafilatura,cloudscraper",,
6,"""tampico"" site:milenio.com",site:milenio.com,"""tampico""",¡No era solo una etapa! José Madero desborda emociones en ExpoTampico - Milenio,https://www.milenio.com/espectaculos/musica/concierto-jose-madero-sarajevo-tour-tampico,www.milenio.com,downloaded_ok,cloudscraper,4966,False,False,True,"trafilatura,cloudscraper",,
6,"""tampico"" site:milenio.com",site:milenio.com,"""tampico""",Intentan invadir nuevamente predio de sector en Tampico tras 16 años del desalojo - Milenio,https://www.milenio.com/estados/evitan-invasion-terreno-sector-mano-mano-tampico,www.milenio.com,downloaded_ok,cloudscraper,1587,False,False,True,"trafilatura,cloudscraper",,
6,"""tampico"" site:milenio.com",site:milenio.com,"""tampico""",Tampiqueña rumbo a la Olimpiada Nacional de Frontón - Milenio,https://www.milenio.com/deportes/tampiquena-clasifica-olimpiada-nacional-fronton-guanajuato,www.milenio.com,downloaded_ok,cloudscraper,1223,False,False,True,"trafilatura,cloudscraper",,
6,"""tampico"" site:milenio.com",site:milenio.com,"""tampico""",Dicen que hace milagros: la historia del Cristo que convoca a miles de fieles en el norte de Veracruz - Milenio,https://www.milenio.com/estados/senor-de-las-misericordias-historia-y-milagros-en-veracruz,www.milenio.com,downloaded_ok,cloudscraper,6030,False,False,True,"trafilatura,cloudscraper",,
6,"""tampico"" site:milenio.com",site:milenio.com,"""tampico""",Observatorio Ciudadano del sur de Tamaulipas busca enfocarse en violencia familiar - Milenio,https://www.milenio.com/estados/violencia-familiar-sur-tamaulipas-200-denuncias-mes,www.milenio.com,downloaded_ok,cloudscraper,2245,False,False,True,"trafilatura,cloudscraper",,
6,"""tampico"" site:milenio.com",site:milenio.com,"""tampico""","Raúl ""Cugar"" Curiel se mete al top 3 del ranking mundial del CMB - Milenio",https://www.milenio.com/deportes/boxeo/raul-curiel-cugar-sube-tercer-ranking-mundial-cmb,www.milenio.com,downloaded_ok,cloudscraper,1573,False,False,True,"trafilatura,cloudscraper",,
6,"""tampico"" site:milenio.com",site:milenio.com,"""tampico""",Vinculan a proceso a hombre por apuñalar a su pareja en Ciudad Madero - Milenio,https://www.milenio.com/policia/vinculan-proceso-hombre-apunalar-pareja-ciudad-madero,www.milenio.com,downloaded_ok,cloudscraper,1279,False,False,True,"trafilatura,cloudscraper",,
6,"""tampico"" site:milenio.com",site:milenio.com,"""tampico""","Autos chocolate dejan más de 1,100 mdp para pavimentaciones en Tamaulipas - Milenio",https://www.milenio.com/comunidad/autos-chocolate-tamaulipas-dejan-1-100-mdp-pavimentaciones,www.milenio.com,downloaded_ok,cloudscraper,2543,False,False,True,"trafilatura,cloudscraper",,
6,"""tampico"" site:milenio.com",site:milenio.com,"""tampico""",Congreso de Tamaulipas pide a Guardia Nacional ajustar plan Frontera Segura - Milenio,https://www.milenio.com/estados/congreso-tamaulipas-pide-ajustar-operativo-frontera-segura,www.milenio.com,downloaded_ok,cloudscraper,3043,False,False,True,"trafilatura,cloudscraper",,
6,"""tampico"" site:milenio.com",site:milenio.com,"""tampico""",Día de la Familia aumentó 20% la venta restaurantera en el sur de Tamaulipas - Milenio,https://www.milenio.com/comunidad/familia-aumento-venta-restaurantera-sur-tamaulipas,www.milenio.com,downloaded_ok,cloudscraper,2150,False,False,True,"trafilatura,cloudscraper",,
6,"""tampico"" site:milenio.com",site:milenio.com,"""tampico""",Tampiqueña colabora en el desarrollo de tecnología para la primera cirugía con realidad aumentada en México - Milenio,https://www.milenio.com/comunidad/stella-jimenez-colabora-cirugia-realidad-aumentada,www.milenio.com,downloaded_ok,cloudscraper,5307,False,False,True,"trafilatura,cloudscraper",,
6,"""tampico"" site:milenio.com",site:milenio.com,"""tampico""",Claudia Sheinbaum anuncia visita al sur de Tamaulipas - Milenio,https://www.milenio.com/comunidad/claudia-sheinbaum-anuncia-visita-tampico-marzo-2026,www.milenio.com,downloaded_ok,cloudscraper,970,False,False,True,"trafilatura,cloudscraper",,
6,"""tampico"" site:milenio.com",site:milenio.com,"""tampico""",José Madero regresa a Tampico con su tour Sarajevo tras éxito en CDMX; se presentará en ExpoTampico - Milenio,https://www.milenio.com/espectaculos/musica/jose-madero-tampico-2026-fecha-boletos-precios,www.milenio.com,downloaded_ok,cloudscraper,4551,False,False,True,"trafilatura,cloudscraper",,
6,"""tampico"" site:milenio.com",site:milenio.com,"""tampico""",Se fortalece fuerza aérea en Tamaulipas por ubicación geográfica estratégica - Milenio,https://www.milenio.com/estados/reforzaran-fuerza-aerea-tampico-elevar-seguridad,www.milenio.com,downloaded_ok,cloudscraper,2611,False,False,True,"trafilatura,cloudscraper",,
6,"""tampico"" site:milenio.com",site:milenio.com,"""tampico""",En jornadas contra la violencia mujeres buscan atención legal en Tampico - Milenio,https://www.milenio.com/comunidad/jornadas-violencia-mujeres-buscan-atencion-legal-tampico,www.milenio.com,downloaded_ok,cloudscraper,2787,False,False,True,"trafilatura,cloudscraper",,
6,"""tampico"" site:milenio.com",site:milenio.com,"""tampico""",Liga de Expansión confirma la reprogramación del Clásico Tamaulipeco - Milenio,https://www.milenio.com/deportes/futbol/reprograman-jaiba-brava-vs-correcaminos-liga-expansion-mx,www.milenio.com,downloaded_ok,cloudscraper,2080,False,False,True,"trafilatura,cloudscraper",,
6,"""tampico"" site:milenio.com",site:milenio.com,"""tampico""",Marina entra al quite por robos y se va mando de la Guardia Estatal en Tamaulipas - Milenio,https://www.milenio.com/comunidad/marina-entra-quite-robos-mando-guardia-estatal,www.milenio.com,downloaded_ok,cloudscraper,4180,False,False,True,"trafilatura,cloudscraper",,
6,"""tampico"" site:milenio.com",site:milenio.com,"""tampico""",Gasolineros de Tamaulipas esperan destrabe de permisos - Milenio,https://www.milenio.com/negocios/gasolineros-esperan-destrabe-de-permisos-en-tamaulipas,www.milenio.com,downloaded_ok,cloudscraper,1876,False,False,True,"trafilatura,cloudscraper",,
6,"""tampico"" site:milenio.com",site:milenio.com,"""tampico""",¡Amor en las alturas! Joven sorprende con propuesta en paramotor sobre Playa Miramar - Milenio,https://www.milenio.com/comunidad/joven-sorprende-propuesta-paramotor-playa-miramar,www.milenio.com,downloaded_ok,cloudscraper,2664,False,False,True,"trafilatura,cloudscraper",,
6,"""tampico"" site:milenio.com",site:milenio.com,"""tampico""",Marcha del 8M en Tampico y Altamira 2026: horario y ruta del recorrido de los colectivos - Milenio,https://www.milenio.com/estados/marcha-8m-tampico-altamira-2026-horarios-rutas-recorrido,www.milenio.com,downloaded_ok,cloudscraper,1629,False,False,True,"trafilatura,cloudscraper",,
6,"""tampico"" site:milenio.com",site:milenio.com,"""tampico""","Tamaulipas, eje del plan carretero federal con proyecto 'Corredor del Golfo de México' - Milenio",https://www.milenio.com/politica/avanza-plan-nacional-infraestructura-carretera-tamaulipas,www.milenio.com,downloaded_ok,cloudscraper,2665,False,False,True,"trafilatura,cloudscraper",,
6,"""tampico"" site:milenio.com",site:milenio.com,"""tampico""",Brindarán asesoramiento legal GRATIS en marcha del 8M en Tampico - Milenio,https://www.milenio.com/estados/asesoria-legal-gratis-marcha-8m-tampico,www.milenio.com,downloaded_ok,cloudscraper,1680,False,False,True,"trafilatura,cloudscraper",,
6,"""tampico"" site:milenio.com",site:milenio.com,"""tampico""",De policía a protectora de mujeres: María Luisa Castro Catana - Milenio,https://www.milenio.com/comunidad/policia-protectora-mujeres-maria-luisa-castro-catana,www.milenio.com,downloaded_ok,cloudscraper,5943,False,False,True,"trafilatura,cloudscraper",,
6,"""tampico"" site:milenio.com",site:milenio.com,"""tampico""",Tamaulipas recibe de municipios cartera de proyectos prioritarios - Milenio,https://www.milenio.com/comunidad/tamaulipas-recibe-municipios-cartera-proyectos-prioritarios,www.milenio.com,downloaded_ok,cloudscraper,3783,False,False,True,"trafilatura,cloudscraper",,
6,"""tampico"" site:milenio.com",site:milenio.com,"""tampico""",Hombre resulta herido con cuchillo tras discusión con su pareja en fraccionamiento Arboledas de Altamira - Milenio,https://www.milenio.com/policia/hombre-herido-con-cuchillo-por-su-pareja-en-altamira,www.milenio.com,downloaded_ok,cloudscraper,2479,False,False,True,"trafilatura,cloudscraper",,
6,"""tampico"" site:milenio.com",site:milenio.com,"""tampico""",Un domingo muy eléctrico: pronóstico 8 de marzo - Milenio,https://www.milenio.com/el-clima/clima-tamaulipas-pronostico-temperaturas-8-marzo-2026,www.milenio.com,downloaded_ok,cloudscraper,4143,False,False,True,"trafilatura,cloudscraper",,
6,"""tampico"" site:milenio.com",site:milenio.com,"""tampico""","Sener, Pemex y Economía visitarán el sur - Milenio",https://www.milenio.com/opinion/victor-hugo-duran/sin-codigo/sener-pemex-y-economia-visitaran-el-sur,www.milenio.com,downloaded_ok,cloudscraper,2269,False,False,True,"trafilatura,cloudscraper",,
6,"""tampico"" site:milenio.com",site:milenio.com,"""tampico""",Se satura registro en línea para la beca 'Rita Cetina' en Tamaulipas - Milenio,https://www.milenio.com/comunidad/beca-rita-cetina-tamaulipas-registro-linea-satura,www.milenio.com,downloaded_ok,cloudscraper,2173,False,False,True,"trafilatura,cloudscraper",,
6,"""tampico"" site:milenio.com",site:milenio.com,"""tampico""","En Tamaulipas, 4 petroleras avanzan a la etapa de extraer hidrocarburos - Milenio",https://www.milenio.com/negocios/tamaulipas-4-petroleras-avanzan-etapa-extraer-hidrocarburos,www.milenio.com,downloaded_ok,cloudscraper,2215,False,False,True,"trafilatura,cloudscraper",,
6,"""tampico"" site:milenio.com",site:milenio.com,"""tampico""","Más equipo, insumos y gente a hospitales de Tamaulipas - Milenio",https://www.milenio.com/estados/imss-bienestar-saturara-hospitales-tamaulipas-piden-personal,www.milenio.com,downloaded_ok,cloudscraper,2240,False,False,True,"trafilatura,cloudscraper",,
6,"""tampico"" site:milenio.com",site:milenio.com,"""tampico""",Jaiba Brava derrota a Dorados de Sinaloa y suma triunfos consecutivos - Milenio,https://www.milenio.com/deportes/futbol/resultado-jaiba-brava-vs-dorados-sinaloa-cronica-clausura-2026,www.milenio.com,downloaded_ok,cloudscraper,4043,False,False,True,"trafilatura,cloudscraper",,
6,"""tampico"" site:milenio.com",site:milenio.com,"""tampico""","Proyecto Trión dejará ganancias por 10 mmdd a México, asegura Woodside - Milenio",https://www.milenio.com/negocios/proyecto-trion-dejara-ganancias-10-mmdd-mexico-asegura-woodside,www.milenio.com,downloaded_ok,cloudscraper,2445,False,False,True,"trafilatura,cloudscraper",,
6,"""tampico"" site:milenio.com",site:milenio.com,"""tampico""",8M: Tamaulipecas luchan contra el dolor y la injusticia - Milenio,https://www.milenio.com/comunidad/8m-tamaulipecas-luchan-contra-el-dolor-y-la-injusticia,www.milenio.com,downloaded_ok,cloudscraper,4846,False,False,True,"trafilatura,cloudscraper",,
6,"""tampico"" site:milenio.com",site:milenio.com,"""tampico""",Jueza procesa a ex tesorero del IPN e ISSSTE por pagos a empresas fantasma - Milenio,https://www.milenio.com/policia/procesan-a-ex-tesorero-del-ipn-issste-por-pagos-empresas-fantasma,www.milenio.com,downloaded_ok,cloudscraper,3317,False,False,True,"trafilatura,cloudscraper",,
6,"""tampico"" site:milenio.com",site:milenio.com,"""tampico""","Con rally deportivo y mensajes, mujeres del centro penitenciario de Altamira se suman al 8M - Milenio",https://www.milenio.com/comunidad/mujeres-privadas-libertad-conmemoran-8m-cedes-altamira,www.milenio.com,downloaded_ok,cloudscraper,2218,False,False,True,"trafilatura,cloudscraper",,
6,"""tampico"" site:milenio.com",site:milenio.com,"""tampico""",Más de 1 millón de visitantes podrían llegar a playas de Tamaulipas en Semana Santa - Milenio,https://www.milenio.com/estados/playas-tamaulipas-esperan-recibir-visitantes-semana-santa,www.milenio.com,downloaded_ok,cloudscraper,1486,False,False,True,"trafilatura,cloudscraper",,
6,"""tampico"" site:milenio.com",site:milenio.com,"""tampico""",Woodside Energy amplía operaciones en puertos de Tamaulipas - Milenio,https://www.milenio.com/negocios/woodside-acelera-preparativos-tamaulipas-perforar-campo-trion,www.milenio.com,downloaded_ok,cloudscraper,2422,False,False,True,"trafilatura,cloudscraper",,
6,"""tampico"" site:milenio.com",site:milenio.com,"""tampico""",Marco Antonio Ruiz: ahora nos toca hacer un buen partido en casa - Milenio,https://www.milenio.com/deportes/futbol/marco-antonio-ruiz-toca-partido-casa,www.milenio.com,downloaded_ok,cloudscraper,2492,False,False,True,"trafilatura,cloudscraper",,
6,"""tampico"" site:milenio.com",site:milenio.com,"""tampico""",Tamaulipas acumula 12 casos activos de gusano barrenador - Milenio,https://www.milenio.com/estados/tamaulipas-suma-12-casos-gusano-barrenador-refuerza-medidas,www.milenio.com,downloaded_ok,cloudscraper,4168,False,False,True,"trafilatura,cloudscraper",,
6,"""tampico"" site:milenio.com",site:milenio.com,"""tampico""",Tamaulipas se ubica en tercer lugar nacional en cifra de feminicidios - Milenio,https://www.milenio.com/estados/tamaulipas-inicia-2026-feminicidios-marchas-8m,www.milenio.com,downloaded_ok,cloudscraper,3182,False,False,True,"trafilatura,cloudscraper",,
6,"""tampico"" site:milenio.com",site:milenio.com,"""tampico""",Anuncian 'Morebús' en Michoacán; esto es lo que debes saber del nuevo sistema de transporte - Milenio,https://www.milenio.com/estados/bedolla-anuncia-morebus-en-michoacan,www.milenio.com,downloaded_ok,cloudscraper,3120,False,False,True,"trafilatura,cloudscraper",,
6,"""tampico"" site:milenio.com",site:milenio.com,"""tampico""",¿Asistirás a la Marcha 8M 2026 en Tampico por primera vez? Consejos y recomendaciones - Milenio,https://www.milenio.com/consejos/guia-asistir-marcha-8m-consejos-y-recomendaciones-para-primera-vez,www.milenio.com,downloaded_ok,cloudscraper,3165,False,False,True,"trafilatura,cloudscraper",,
6,"""tampico"" site:milenio.com",site:milenio.com,"""tampico""",Conflictos familiares dominan carga de trabajo en juzgados de Tamaulipas - Milenio,https://www.milenio.com/estados/conflictos-familiares-dominan-carga-juzgados-tamaulipas,www.milenio.com,downloaded_ok,cloudscraper,2657,False,False,True,"trafilatura,cloudscraper",,
6,"""tampico"" site:milenio.com",site:milenio.com,"""tampico""","En tres días, gusano barrenador escala en Tamaulipas - Milenio",https://www.milenio.com/estados/tamaulipas-alcanza-19-casos-gusano-barrenador-11-municipios,www.milenio.com,downloaded_ok,cloudscraper,2013,False,False,True,"trafilatura,cloudscraper",,
6,"""tampico"" site:milenio.com",site:milenio.com,"""tampico""",La Grilla - Milenio,https://www.milenio.com/opinion/editoriales/se-dice-en-la-grilla-tamaulipas/la-grilla_1089,www.milenio.com,downloaded_ok,cloudscraper,2343,False,False,True,"trafilatura,cloudscraper",,
6,"""tampico"" site:milenio.com",site:milenio.com,"""tampico""",Mujer denuncia discriminación y acusación de lavado en un banco en Queretaro - Milenio,https://www.milenio.com/estados/clienta-denuncia-discriminacion-en-banamex-de-queretaro,www.milenio.com,downloaded_ok,cloudscraper,3769,False,False,True,"trafilatura,cloudscraper",,
6,"""tampico"" site:milenio.com",site:milenio.com,"""tampico""","Prevén lluvias fuertes, calor de hasta 40 °C y viento intenso en Tamaulipas; pronóstico del tiempo - Milenio",https://www.milenio.com/el-clima/clima-tamaulipas-pronostico-temperaturas-7-marzo-2026,www.milenio.com,downloaded_ok,cloudscraper,3923,False,False,True,"trafilatura,cloudscraper",,
6,"""tampico"" site:milenio.com",site:milenio.com,"""tampico""",Exhiben a mujer con lonas presuntamente por robar en negocios del sur de Tamaulipas - Milenio,https://www.milenio.com/comunidad/exhiben-mujer-presuntamente-robar-negocios-altamira,www.milenio.com,downloaded_ok,cloudscraper,1451,False,False,True,"trafilatura,cloudscraper",,
6,"""tampico"" site:milenio.com",site:milenio.com,"""tampico""",Plan México creará 40 mil nuevos empleos en puerto industrial de Altamira - Milenio,https://www.milenio.com/negocios/plan-mexico-creara-40-mil-empleos-puerto-industrial-altamira,www.milenio.com,downloaded_ok,cloudscraper,2432,False,False,True,"trafilatura,cloudscraper",,
6,"""tampico"" site:milenio.com",site:milenio.com,"""tampico""","Juan José ""J"" y Cristian Orlando ""J"" son vinculados a proceso por el delito de narcomenudeo en Altamira - Milenio",https://www.milenio.com/comunidad/vinculan-a-proceso-a-dos-hombres-por-narcomenudeo-en-altamira,www.milenio.com,downloaded_ok,cloudscraper,1308,False,False,True,"trafilatura,cloudscraper",,
6,"""tampico"" site:milenio.com",site:milenio.com,"""tampico""",Adulto mayor denuncia a policía por presunta extorsión en Ciudad Victoria; le habrían pedido hasta 3 mil pesos - Milenio,https://www.milenio.com/policia/adulto-acusa-extorsion-policia-ciudad-victoria,www.milenio.com,downloaded_ok,cloudscraper,2317,False,False,True,"trafilatura,cloudscraper",,
6,"""tampico"" site:milenio.com",site:milenio.com,"""tampico""",Altamira se perfila como el puerto clave para el proyecto petrolero de aguas profundas más importante en la hi - Milenio,https://www.milenio.com/negocios/campo-trion-inicia-altamira-megaproyecto-petrolero-golfo-mexico,www.milenio.com,downloaded_ok,cloudscraper,7183,False,False,True,"trafilatura,cloudscraper",,
6,"""tampico"" site:milenio.com",site:milenio.com,"""tampico""","“Mamá, salió un Therian en el Roblox”: Niños tamaulipecos entran a la tendencia - Milenio",https://www.milenio.com/comunidad/therians-tamaulipas-alertan-impacto-tendencia-ninos,www.milenio.com,downloaded_ok,cloudscraper,6067,False,False,True,"trafilatura,cloudscraper",,
6,"""tampico"" site:milenio.com",site:milenio.com,"""tampico""",Pide aplicar medio millón de dosis contra el sarampión en menos de 4 meses: Secretaría de Salud - Milenio,https://www.milenio.com/ciencia-y-salud/aplicaran-medio-millon-de-vacunas-contra-sarampion-en-tamaulipas,www.milenio.com,downloaded_ok,cloudscraper,2423,False,False,True,"trafilatura,cloudscraper",,
6,"""tampico"" site:milenio.com",site:milenio.com,"""tampico""",Tamaulipas arranca este fin de semana proyecto de gasolineras propias - Milenio,https://www.milenio.com/negocios/tamaulipas-contara-con-su-primera-gasolinera-de-marca-propia,www.milenio.com,downloaded_ok,cloudscraper,2236,False,False,True,"trafilatura,cloudscraper",,
6,"""tampico"" site:milenio.com",site:milenio.com,"""tampico""","Calor, viento y posibles lluvias en Tamaulipas para este viernes; Pronóstico del tiempo - Milenio",https://www.milenio.com/el-clima/clima-tamaulipas-pronostico-temperaturas-6-marzo-2026,www.milenio.com,downloaded_ok,cloudscraper,3614,False,False,True,"trafilatura,cloudscraper",,
6,"""tampico"" site:milenio.com",site:milenio.com,"""tampico""","Detienen a Daniel Vorcaro, propietario del Banco Master, en Brasil - Milenio",https://www.milenio.com/internacional/detienen-daniel-vorcaro-propietario-banco-master-brasil,www.milenio.com,downloaded_ok,cloudscraper,1867,False,False,True,"trafilatura,cloudscraper",,
6,"""tampico"" site:milenio.com",site:milenio.com,"""tampico""",¿En qué ciudades de Tamaulipas habrá marchas este 8M 2026? Aquí la ruta y HORARIOS - Milenio,https://www.milenio.com/estados/marchas-8m-2026-tamaulipas-fechas-horarios-ciudades,www.milenio.com,downloaded_ok,cloudscraper,2131,False,False,True,"trafilatura,cloudscraper",,
6,"""tampico"" site:milenio.com",site:milenio.com,"""tampico""","IE University refuerza su apuesta por el talento femenino; ofrece becas, muchas a mexicanas - Milenio",https://www.milenio.com/negocios/ie-university-apuesta-talento-femenino-ofrece-becas-mexicanas,www.milenio.com,downloaded_ok,cloudscraper,3874,False,False,True,"trafilatura,cloudscraper",,
6,"""tampico"" site:milenio.com",site:milenio.com,"""tampico""","En Ciudad Madero, 4 mil petroleros y sus familias participaron en las Jornadas Deportivas 2026 - Milenio",https://www.milenio.com/deportes/inauguracion-jornadas-deportivas-2026-estrechando-unidad,www.milenio.com,downloaded_ok,cloudscraper,2120,False,False,True,"trafilatura,cloudscraper",,
6,"""tampico"" site:milenio.com",site:milenio.com,"""tampico""",Muere turista de Altamira ahogado en río de la Huasteca Potosina - Milenio,https://www.milenio.com/estados/muere-turista-altamira-ahogado-rio-huasteca-potosina,www.milenio.com,downloaded_ok,cloudscraper,1429,False,False,True,"trafilatura,cloudscraper",,
6,"""tampico"" site:milenio.com",site:milenio.com,"""tampico""",¡Histórico! André-Pierre Gignac ingresa a top 10 de goleadores de la Liga MX tras el Clásico Regio - Milenio,https://www.milenio.com/futbol/liga-mx/andre-pierre-gignac-ingresa-a-top-10-de-goleadores-de-la-liga-mx,www.milenio.com,downloaded_ok,cloudscraper,1512,False,False,True,"trafilatura,cloudscraper",,
6,"""tampico"" site:milenio.com",site:milenio.com,"""tampico""",Turistas denuncian exceso de vendedores ambulantes en playa Miramar; señalan más de diez interrupciones - Milenio,https://www.milenio.com/estados/turistas-piden-regular-vendedores-ambulantes-playa-miramar,www.milenio.com,downloaded_ok,cloudscraper,2379,False,False,True,"trafilatura,cloudscraper",,
6,"""tampico"" site:milenio.com",site:milenio.com,"""tampico""",¡Es enorme! Elaboran la famosa 'cocada' de 270 metros en Veracruz - Milenio,https://www.milenio.com/comunidad/elaboran-dulce-coco-270-metros-veracruz,www.milenio.com,downloaded_ok,cloudscraper,1260,False,False,True,"trafilatura,cloudscraper",,
6,"""tampico"" site:milenio.com",site:milenio.com,"""tampico""",La gran oportunidad de la zona sur de Tamaulipas - Milenio,https://www.milenio.com/opinion/victor-hugo-duran/sin-codigo/la-gran-oportunidad-de-la-zona-sur-de-tamaulipas,www.milenio.com,downloaded_ok,cloudscraper,2347,False,False,True,"trafilatura,cloudscraper",,
6,"""tampico"" site:milenio.com",site:milenio.com,"""tampico""","En Veracruz, hallan delfín muerto en playas de Tecolutla - Milenio",https://www.milenio.com/estados/hallan-delfin-muerto-en-playas-de-tecolutla,www.milenio.com,downloaded_ok,cloudscraper,1086,False,False,True,"trafilatura,cloudscraper",,
6,"""tampico"" site:milenio.com",site:milenio.com,"""tampico""",Arranca Campo Trión en Altamira; Tamaulipas se consolida como eje energético - Milenio,https://www.milenio.com/estados/campo-trion-arranca-altamira-refuerza-apuesta-energetica,www.milenio.com,downloaded_ok,cloudscraper,3967,False,False,True,"trafilatura,cloudscraper",,
