query_index,query,medio,termino,rss_source,article_title,article_url_original,published_at,published_at_raw,source_name,description,retrieved_at,cache_hit_rss
1,"""Monica Villarreal"" site:oem.com.mx",site:oem.com.mx,"""Monica Villarreal""",https://news.google.com/rss/search?q=%22Monica+Villarreal%22+site%3Aoem.com.mx+after%3A2026-03-09+before%3A2026-03-15&hl=es-419&gl=MX&ceid=MX:es-419,Tampico reemplaza carretas con caballos; entregan motocicletas de carga a recicladores - El Sol de México,https://news.google.com/rss/articles/CBMizwFBVV95cUxNd2NyU0ZIS0VCZGdkdWF0N3paSFpQWHJaRU02dDcwclA3dmlaVTdDSDgtdElBckNUQUhhTTFkYWFUVk5qYldzNzYtVlAwbENwcFluOHI0aWRXeHNYdWN6MVkzeEF1Z19kbWFVRm5QWDJJVnZYRlVzZjhvdEhVNG1STmpmcGltLVdxQ0Nzb211S0Fwa2EwN3B4SG9TQWVfdGhFSU5jSHp4cmotMGFnajhURW5VT04tNnNBMnY3cEZIbm5oTWlwM0ZtbUp1VHNpNkk?oc=5,2026-03-13T07:00:00+00:00,"Fri, 13 Mar 2026 07:00:00 GMT",El Sol de México,"<a href=""https://news.google.com/rss/articles/CBMizwFBVV95cUxNd2NyU0ZIS0VCZGdkdWF0N3paSFpQWHJaRU02dDcwclA3dmlaVTdDSDgtdElBckNUQUhhTTFkYWFUVk5qYldzNzYtVlAwbENwcFluOHI0aWRXeHNYdWN6MVkzeEF1Z19kbWFVRm5QWDJJVnZYRlVzZjhvdEhVNG1STmpmcGltLVdxQ0Nzb211S0Fwa2EwN3B4SG9TQWVfdGhFSU5jSHp4cmotMGFnajhURW5VT04tNnNBMnY3cEZIbm5oTWlwM0ZtbUp1VHNpNkk?oc=5"" target=""_blank"">Tampico reemplaza carretas con caballos; entregan motocicletas de carga a recicladores</a>&nbsp;&nbsp;<font color=""#6f6f6f"">El Sol de México</font>",2026-04-05T15:47:25Z,True
1,"""Monica Villarreal"" site:oem.com.mx",site:oem.com.mx,"""Monica Villarreal""",https://news.google.com/rss/search?q=%22Monica+Villarreal%22+site%3Aoem.com.mx+after%3A2026-03-09+before%3A2026-03-15&hl=es-419&gl=MX&ceid=MX:es-419,“Las Despicadoras del Oro Rojo”: obra en Tampico rinde homenaje a mujeres del sector pesquero - El Sol de México,https://news.google.com/rss/articles/CBMi1gFBVV95cUxPcktLQTJ4Tzl0WWdPRndMSDRfNF93c1Zoc202VkpRWkpDTlE5MXNNT0J2QUxHYURKZGRhcEtYNlZnbUh2R2lJTzZjbk5UbGl6T2l3ZkNOVVFJRm5lNXpwN25hZERpZkZyMm5mbVJJT0VkdS1kNlVDVm5ZTS02Y3FZdGw2Rktra20xMUtPMmFZQzlYWFc3a2Jnckh1dEpDNnFiZV9MUUF5M2xvZE42V3pMZWJxSVNYM0JOOXVHanZYUE1EUUpVSjN4ajhSdHExclBtcWhVU1R3?oc=5,2026-03-15T07:00:00+00:00,"Sun, 15 Mar 2026 07:00:00 GMT",El Sol de México,"<a href=""https://news.google.com/rss/articles/CBMi1gFBVV95cUxPcktLQTJ4Tzl0WWdPRndMSDRfNF93c1Zoc202VkpRWkpDTlE5MXNNT0J2QUxHYURKZGRhcEtYNlZnbUh2R2lJTzZjbk5UbGl6T2l3ZkNOVVFJRm5lNXpwN25hZERpZkZyMm5mbVJJT0VkdS1kNlVDVm5ZTS02Y3FZdGw2Rktra20xMUtPMmFZQzlYWFc3a2Jnckh1dEpDNnFiZV9MUUF5M2xvZE42V3pMZWJxSVNYM0JOOXVHanZYUE1EUUpVSjN4ajhSdHExclBtcWhVU1R3?oc=5"" target=""_blank"">“Las Despicadoras del Oro Rojo”: obra en Tampico rinde homenaje a mujeres del sector pesquero</a>&nbsp;&nbsp;<font color=""#6f6f6f"">El Sol de México</font>",2026-04-05T15:47:25Z,True
3,"""tampico"" site:oem.com.mx",site:oem.com.mx,"""tampico""",https://news.google.com/rss/search?q=%22tampico%22+site%3Aoem.com.mx+after%3A2026-03-09+before%3A2026-03-15&hl=es-419&gl=MX&ceid=MX:es-419,Café Cultura / Recuento: defensa de nuestra Laguna del Carpintero - El Sol de México,https://news.google.com/rss/articles/CBMiowFBVV95cUxQNmREb0lNZHpCazNtbjdTZW1KaWJuXzhWbF9kYzBYYjlNVlBhLThBcXRFNkxreXR4NzczOGJRRmhFV05QRjZkc3l0ekJIVkw3bVZFVjFWVDdISkpSQWtOMFFUNTRYY3c2WDFGcWNuRmt5akM1aEd2eDN6bDFWUXc4RElJNGw2WF9NbERxZl93Yk9NcHN6bzBfMjhvYWNlRTNjeHBj?oc=5,2026-03-15T07:00:00+00:00,"Sun, 15 Mar 2026 07:00:00 GMT",El Sol de México,"<a href=""https://news.google.com/rss/articles/CBMiowFBVV95cUxQNmREb0lNZHpCazNtbjdTZW1KaWJuXzhWbF9kYzBYYjlNVlBhLThBcXRFNkxreXR4NzczOGJRRmhFV05QRjZkc3l0ekJIVkw3bVZFVjFWVDdISkpSQWtOMFFUNTRYY3c2WDFGcWNuRmt5akM1aEd2eDN6bDFWUXc4RElJNGw2WF9NbERxZl93Yk9NcHN6bzBfMjhvYWNlRTNjeHBj?oc=5"" target=""_blank"">Café Cultura / Recuento: defensa de nuestra Laguna del Carpintero</a>&nbsp;&nbsp;<font color=""#6f6f6f"">El Sol de México</font>",2026-04-05T15:47:39Z,True
3,"""tampico"" site:oem.com.mx",site:oem.com.mx,"""tampico""",https://news.google.com/rss/search?q=%22tampico%22+site%3Aoem.com.mx+after%3A2026-03-09+before%3A2026-03-15&hl=es-419&gl=MX&ceid=MX:es-419,La madriguera del lobo / Los historiadores - El Sol de México,https://news.google.com/rss/articles/CBMilwFBVV95cUxQaGEzNlhNU0tyWmF1V08wQXExVGpfb01Yc3NSZnJsQmRJOEQxRVBXXy00Q1Q2aGpDbEw3NGxqbk4tUF9kNjFkbDIwdmRkYldTRFJ2VHFlYXE2ZmRDUWcyNVQ1cFQ5c25YTWExQ1d5bDdMblJkOEEyTUpJSElJd3pieFM2RHdVdXU5bHZ2ejgyMzNlNGllX2lZ?oc=5,2026-03-09T07:00:00+00:00,"Mon, 09 Mar 2026 07:00:00 GMT",El Sol de México,"<a href=""https://news.google.com/rss/articles/CBMilwFBVV95cUxQaGEzNlhNU0tyWmF1V08wQXExVGpfb01Yc3NSZnJsQmRJOEQxRVBXXy00Q1Q2aGpDbEw3NGxqbk4tUF9kNjFkbDIwdmRkYldTRFJ2VHFlYXE2ZmRDUWcyNVQ1cFQ5c25YTWExQ1d5bDdMblJkOEEyTUpJSElJd3pieFM2RHdVdXU5bHZ2ejgyMzNlNGllX2lZ?oc=5"" target=""_blank"">La madriguera del lobo / Los historiadores</a>&nbsp;&nbsp;<font color=""#6f6f6f"">El Sol de México</font>",2026-04-05T15:47:39Z,True
3,"""tampico"" site:oem.com.mx",site:oem.com.mx,"""tampico""",https://news.google.com/rss/search?q=%22tampico%22+site%3Aoem.com.mx+after%3A2026-03-09+before%3A2026-03-15&hl=es-419&gl=MX&ceid=MX:es-419,"¿Por qué nadie respeta al árbitro? Augusto Cruz, escritor tampiqueño, lo aborda en su nuevo libro - El Sol de México",https://news.google.com/rss/articles/CBMi3gFBVV95cUxQc2lFN0s0VnJVbEMyeW1zS2xqS3pJalZpSU9OX1lOcW1vQjlrQk92RFZPcm5JLUZWbVlVYk5qM0Jpc2ZheUVzTHZYMS1mOWdQQ3V4TzlpNUp5dU1uRlZNWkRMazhMWnhBX3VrRFdVNXoyWDZ5THBtV0IyemJmdDEyQnNzOGFMQm1CbExlZFhKTFJNR1dOc2dob3pfMkNWeDFUZThsX1hHY3U1blAxUEozbnZPOW9XZExCbUg5Mm4xTjFqRGs2TEdPYk5IRFpleFoweXQyQ3p2bXdiRU5DZmc?oc=5,2026-03-10T07:00:00+00:00,"Tue, 10 Mar 2026 07:00:00 GMT",El Sol de México,"<a href=""https://news.google.com/rss/articles/CBMi3gFBVV95cUxQc2lFN0s0VnJVbEMyeW1zS2xqS3pJalZpSU9OX1lOcW1vQjlrQk92RFZPcm5JLUZWbVlVYk5qM0Jpc2ZheUVzTHZYMS1mOWdQQ3V4TzlpNUp5dU1uRlZNWkRMazhMWnhBX3VrRFdVNXoyWDZ5THBtV0IyemJmdDEyQnNzOGFMQm1CbExlZFhKTFJNR1dOc2dob3pfMkNWeDFUZThsX1hHY3U1blAxUEozbnZPOW9XZExCbUg5Mm4xTjFqRGs2TEdPYk5IRFpleFoweXQyQ3p2bXdiRU5DZmc?oc=5"" target=""_blank"">¿Por qué nadie respeta al árbitro? Augusto Cruz, escritor tampiqueño, lo aborda en su nuevo libro</a>&nbsp;&nbsp;<font color=""#6f6f6f"">El Sol de México</font>",2026-04-05T15:47:39Z,True
3,"""tampico"" site:oem.com.mx",site:oem.com.mx,"""tampico""",https://news.google.com/rss/search?q=%22tampico%22+site%3Aoem.com.mx+after%3A2026-03-09+before%3A2026-03-15&hl=es-419&gl=MX&ceid=MX:es-419,Alfa y Omega / Feliz domingo - El Sol de México,https://news.google.com/rss/articles/CBMic0FVX3lxTFBDdE9oVUJ6VzMwVEdSYTh4ZFdLOFJBSGllSnNPOXpFVG5tNVh4NkNuOEVnclBiazVZMVYyTHNXd3VQbmJFSHoxYnIzOXdMV18tMy1CajJRZ3JybVNXWTNOMjBZNnR4QlFiWGwyLXR1YWQzbWc?oc=5,2026-03-15T07:00:00+00:00,"Sun, 15 Mar 2026 07:00:00 GMT",El Sol de México,"<a href=""https://news.google.com/rss/articles/CBMic0FVX3lxTFBDdE9oVUJ6VzMwVEdSYTh4ZFdLOFJBSGllSnNPOXpFVG5tNVh4NkNuOEVnclBiazVZMVYyTHNXd3VQbmJFSHoxYnIzOXdMV18tMy1CajJRZ3JybVNXWTNOMjBZNnR4QlFiWGwyLXR1YWQzbWc?oc=5"" target=""_blank"">Alfa y Omega / Feliz domingo</a>&nbsp;&nbsp;<font color=""#6f6f6f"">El Sol de México</font>",2026-04-05T15:47:39Z,True
3,"""tampico"" site:oem.com.mx",site:oem.com.mx,"""tampico""",https://news.google.com/rss/search?q=%22tampico%22+site%3Aoem.com.mx+after%3A2026-03-09+before%3A2026-03-15&hl=es-419&gl=MX&ceid=MX:es-419,¡Qué no se te vuele la ropa! Evento de norte violento afectará la región noroeste del Golfo de México - El Sol de México,https://news.google.com/rss/articles/CBMi4gFBVV95cUxPX3A4Skw2VjlBdGFLMUtQX0x6MTdsTWR4cUI4OVZWZUxoQXpQVU1UR1RweXV3eVY2VEp1SkxtSUZTNFJOYlRpZDVBaF85a0tmYV9GcGxrd0ZUS1lQOUNSbzhkM19JVHRfQVJRcnlZX1JqX2ZBVHl0Vmh1R0hXa3cxQlA3Q0JhQVRkYi1tTFpPaW9XZXMzQ0lqUThjNVcxUWtKOGt3ZmpKc1dydU9VM0JxRmJoRzlpRlA5S0ZrcTE4MmpyM2l6aE1wTzdDU3A1RGxSWXFRWXdNRnFPc0dkdlBjU1J3?oc=5,2026-03-14T07:00:00+00:00,"Sat, 14 Mar 2026 07:00:00 GMT",El Sol de México,"<a href=""https://news.google.com/rss/articles/CBMi4gFBVV95cUxPX3A4Skw2VjlBdGFLMUtQX0x6MTdsTWR4cUI4OVZWZUxoQXpQVU1UR1RweXV3eVY2VEp1SkxtSUZTNFJOYlRpZDVBaF85a0tmYV9GcGxrd0ZUS1lQOUNSbzhkM19JVHRfQVJRcnlZX1JqX2ZBVHl0Vmh1R0hXa3cxQlA3Q0JhQVRkYi1tTFpPaW9XZXMzQ0lqUThjNVcxUWtKOGt3ZmpKc1dydU9VM0JxRmJoRzlpRlA5S0ZrcTE4MmpyM2l6aE1wTzdDU3A1RGxSWXFRWXdNRnFPc0dkdlBjU1J3?oc=5"" target=""_blank"">¡Qué no se te vuele la ropa! Evento de norte violento afectará la región noroeste del Golfo de México</a>&nbsp;&nbsp;<font color=""#6f6f6f"">El Sol de México</font>",2026-04-05T15:47:39Z,True
3,"""tampico"" site:oem.com.mx",site:oem.com.mx,"""tampico""",https://news.google.com/rss/search?q=%22tampico%22+site%3Aoem.com.mx+after%3A2026-03-09+before%3A2026-03-15&hl=es-419&gl=MX&ceid=MX:es-419,¡Imagínese! / Disciplina en Morena - El Sol de México,https://news.google.com/rss/articles/CBMiigFBVV95cUxQdkVjWjlLMXVIZUF2eXczaFoxNllPd3NWSUVaNDVPV28xZ3Y3LXJ5Qm5xUjVHZzNGUDUwNHVZQ005UXRuMk4yWW5xM2w0Uy1OaHVQa0pZdnlGWm1Za0NYWDU0NWg0akZSRTYtYjVCV0dNRjB0SXRUQlRVV1pYcENKeWNVNDl5VVA5OUE?oc=5,2026-03-12T07:00:00+00:00,"Thu, 12 Mar 2026 07:00:00 GMT",El Sol de México,"<a href=""https://news.google.com/rss/articles/CBMiigFBVV95cUxQdkVjWjlLMXVIZUF2eXczaFoxNllPd3NWSUVaNDVPV28xZ3Y3LXJ5Qm5xUjVHZzNGUDUwNHVZQ005UXRuMk4yWW5xM2w0Uy1OaHVQa0pZdnlGWm1Za0NYWDU0NWg0akZSRTYtYjVCV0dNRjB0SXRUQlRVV1pYcENKeWNVNDl5VVA5OUE?oc=5"" target=""_blank"">¡Imagínese! / Disciplina en Morena</a>&nbsp;&nbsp;<font color=""#6f6f6f"">El Sol de México</font>",2026-04-05T15:47:39Z,True
3,"""tampico"" site:oem.com.mx",site:oem.com.mx,"""tampico""",https://news.google.com/rss/search?q=%22tampico%22+site%3Aoem.com.mx+after%3A2026-03-09+before%3A2026-03-15&hl=es-419&gl=MX&ceid=MX:es-419,Semana Santa 2026 en Tampico: los platillos de mariscos más populares de la temporada - El Sol de México,https://news.google.com/rss/articles/CBMi0AFBVV95cUxQYVhDcVM0OXByNnFfMm1hdzdBR2ZSZW9PZW16bG05eVgyQm5Oc25IRmxBWG1abFVmcDhQWmZraFM1T0dwZ3ptOGVKTkM3U3pKeHNWbVRVUk5tbld4UWgwcUllaWRPY3VGd2dhWGdXYWp1LUprLWQ1enhmLUNjVjJBSkVPQ2M3TGlQRUc1STVNdFVlcXhUOXppR0VhWVBFSFhOSXhiaDByd1dpVW9EWUV5X2NxYzA1Vmd0Vzd6MmotaE5fQ0h4NTZrYXZ4c0E2Um0w?oc=5,2026-03-13T07:00:00+00:00,"Fri, 13 Mar 2026 07:00:00 GMT",El Sol de México,"<a href=""https://news.google.com/rss/articles/CBMi0AFBVV95cUxQYVhDcVM0OXByNnFfMm1hdzdBR2ZSZW9PZW16bG05eVgyQm5Oc25IRmxBWG1abFVmcDhQWmZraFM1T0dwZ3ptOGVKTkM3U3pKeHNWbVRVUk5tbld4UWgwcUllaWRPY3VGd2dhWGdXYWp1LUprLWQ1enhmLUNjVjJBSkVPQ2M3TGlQRUc1STVNdFVlcXhUOXppR0VhWVBFSFhOSXhiaDByd1dpVW9EWUV5X2NxYzA1Vmd0Vzd6MmotaE5fQ0h4NTZrYXZ4c0E2Um0w?oc=5"" target=""_blank"">Semana Santa 2026 en Tampico: los platillos de mariscos más populares de la temporada</a>&nbsp;&nbsp;<font color=""#6f6f6f"">El Sol de México</font>",2026-04-05T15:47:39Z,True
3,"""tampico"" site:oem.com.mx",site:oem.com.mx,"""tampico""",https://news.google.com/rss/search?q=%22tampico%22+site%3Aoem.com.mx+after%3A2026-03-09+before%3A2026-03-15&hl=es-419&gl=MX&ceid=MX:es-419,¡Imagínese! / Altamira: aprobación y desarrollo - El Sol de México,https://news.google.com/rss/articles/CBMimgFBVV95cUxNWndxSzlXQ1ZwcWZzV25LeV9uZTFpVWkzRjhwcHFoV2tQUGsyOVZhWFpCQWV3TWZkSVdUakgxVHBILXFxSkg5RUVWMXZNMWhUQWR4REpabkNSMDRRZW5CWDl5XzlIM1pEODJ0N0pRUEFWZkZfNkhsQi1Tb1E5aXpqZ28tUUtsYzBUVXFqT2FFcVZ4aFU1Mmhhd0Fn?oc=5,2026-03-10T07:00:00+00:00,"Tue, 10 Mar 2026 07:00:00 GMT",El Sol de México,"<a href=""https://news.google.com/rss/articles/CBMimgFBVV95cUxNWndxSzlXQ1ZwcWZzV25LeV9uZTFpVWkzRjhwcHFoV2tQUGsyOVZhWFpCQWV3TWZkSVdUakgxVHBILXFxSkg5RUVWMXZNMWhUQWR4REpabkNSMDRRZW5CWDl5XzlIM1pEODJ0N0pRUEFWZkZfNkhsQi1Tb1E5aXpqZ28tUUtsYzBUVXFqT2FFcVZ4aFU1Mmhhd0Fn?oc=5"" target=""_blank"">¡Imagínese! / Altamira: aprobación y desarrollo</a>&nbsp;&nbsp;<font color=""#6f6f6f"">El Sol de México</font>",2026-04-05T15:47:39Z,True
3,"""tampico"" site:oem.com.mx",site:oem.com.mx,"""tampico""",https://news.google.com/rss/search?q=%22tampico%22+site%3Aoem.com.mx+after%3A2026-03-09+before%3A2026-03-15&hl=es-419&gl=MX&ceid=MX:es-419,Liberándose del alcohol / La fe es una excelente ayuda - El Sol de México,https://news.google.com/rss/articles/CBMihwFBVV95cUxNVWZHcmtWYi1aazRKRHBwX1ZBUXRaZjM0Q2NuN0kzYXdnMzc4MzU5QkJMRGc2b1dvWG1zZE1jX3ZJVlZEY29mX0c1ZEV3c3dPdXZzQjJ2NHJRaXB6ZjBNUlVPd2M0aTgtcXZDWlYxb3hBM2Q2SWVRMGEyaU00aEVTcUNZMFVuYzA?oc=5,2026-03-15T07:00:00+00:00,"Sun, 15 Mar 2026 07:00:00 GMT",El Sol de México,"<a href=""https://news.google.com/rss/articles/CBMihwFBVV95cUxNVWZHcmtWYi1aazRKRHBwX1ZBUXRaZjM0Q2NuN0kzYXdnMzc4MzU5QkJMRGc2b1dvWG1zZE1jX3ZJVlZEY29mX0c1ZEV3c3dPdXZzQjJ2NHJRaXB6ZjBNUlVPd2M0aTgtcXZDWlYxb3hBM2Q2SWVRMGEyaU00aEVTcUNZMFVuYzA?oc=5"" target=""_blank"">Liberándose del alcohol / La fe es una excelente ayuda</a>&nbsp;&nbsp;<font color=""#6f6f6f"">El Sol de México</font>",2026-04-05T15:47:39Z,True
3,"""tampico"" site:oem.com.mx",site:oem.com.mx,"""tampico""",https://news.google.com/rss/search?q=%22tampico%22+site%3Aoem.com.mx+after%3A2026-03-09+before%3A2026-03-15&hl=es-419&gl=MX&ceid=MX:es-419,"Clasificación - El Sol de Tampico | Noticias Locales, Policiacas, sobre México, Tamaulipas y el Mundo - El Sol de México",https://news.google.com/rss/articles/CBMic0FVX3lxTE0xUTB4OHlOT3RTd0psWnZnSjdFeGdlamFJbGZGdlR4Y1VfYWJjVDJ1RmZsQ3c4VUluZG9zOVZOOW8tWjB3MjR4Tjl0VzkzQXA4QTJyTE53Zmc3M2NfaC1MRlllMG1jZzU5R2s1V253SnlEeG8?oc=5,2026-03-15T00:32:54+00:00,"Sun, 15 Mar 2026 00:32:54 GMT",El Sol de México,"<a href=""https://news.google.com/rss/articles/CBMic0FVX3lxTE0xUTB4OHlOT3RTd0psWnZnSjdFeGdlamFJbGZGdlR4Y1VfYWJjVDJ1RmZsQ3c4VUluZG9zOVZOOW8tWjB3MjR4Tjl0VzkzQXA4QTJyTE53Zmc3M2NfaC1MRlllMG1jZzU5R2s1V253SnlEeG8?oc=5"" target=""_blank"">Clasificación - El Sol de Tampico | Noticias Locales, Policiacas, sobre México, Tamaulipas y el Mundo</a>&nbsp;&nbsp;<font color=""#6f6f6f"">El Sol de México</font>",2026-04-05T15:47:39Z,True
3,"""tampico"" site:oem.com.mx",site:oem.com.mx,"""tampico""",https://news.google.com/rss/search?q=%22tampico%22+site%3Aoem.com.mx+after%3A2026-03-09+before%3A2026-03-15&hl=es-419&gl=MX&ceid=MX:es-419,¿Organizas torneos en canchas públicas de Tampico? Ahora deberás comprobar que colaboras con el mantenimiento - El Sol de México,https://news.google.com/rss/articles/CBMi8AFBVV95cUxOWS1ualdfVE1NRElSeVl0ZjctYzdjQUY4eWJxenV3YTBzcEVCNVhUV1VGcm1UUElVQmllaDRETmRrbUpUbGhSaXgxTlNONkZHR0YtT0YyV1NiQ280eTFvV1R0S050bFBzVl95cE4wWi10dG9xb1liZ1RlTXcwRFZ0WThMNkJuUkVucGtSQ2VMbnFpWEs4R3Bta2JCUG5yYVdOX281bVpaZXF4d1dZMmNNd2RZNHUyRWlteXdteDJJV1pGM0FIcTUtUzhfYi1hYzRfUVhwbExUTVJhQmhTRlpPY2pVaDhNa0dDVmx4Rndia0k?oc=5,2026-03-13T07:00:00+00:00,"Fri, 13 Mar 2026 07:00:00 GMT",El Sol de México,"<a href=""https://news.google.com/rss/articles/CBMi8AFBVV95cUxOWS1ualdfVE1NRElSeVl0ZjctYzdjQUY4eWJxenV3YTBzcEVCNVhUV1VGcm1UUElVQmllaDRETmRrbUpUbGhSaXgxTlNONkZHR0YtT0YyV1NiQ280eTFvV1R0S050bFBzVl95cE4wWi10dG9xb1liZ1RlTXcwRFZ0WThMNkJuUkVucGtSQ2VMbnFpWEs4R3Bta2JCUG5yYVdOX281bVpaZXF4d1dZMmNNd2RZNHUyRWlteXdteDJJV1pGM0FIcTUtUzhfYi1hYzRfUVhwbExUTVJhQmhTRlpPY2pVaDhNa0dDVmx4Rndia0k?oc=5"" target=""_blank"">¿Organizas torneos en canchas públicas de Tampico? Ahora deberás comprobar que colaboras con el mantenimiento</a>&nbsp;&nbsp;<font color=""#6f6f6f"">El Sol de México</font>",2026-04-05T15:47:39Z,True
3,"""tampico"" site:oem.com.mx",site:oem.com.mx,"""tampico""",https://news.google.com/rss/search?q=%22tampico%22+site%3Aoem.com.mx+after%3A2026-03-09+before%3A2026-03-15&hl=es-419&gl=MX&ceid=MX:es-419,“Las Despicadoras del Oro Rojo”: obra en Tampico rinde homenaje a mujeres del sector pesquero - El Sol de México,https://news.google.com/rss/articles/CBMi1gFBVV95cUxPcktLQTJ4Tzl0WWdPRndMSDRfNF93c1Zoc202VkpRWkpDTlE5MXNNT0J2QUxHYURKZGRhcEtYNlZnbUh2R2lJTzZjbk5UbGl6T2l3ZkNOVVFJRm5lNXpwN25hZERpZkZyMm5mbVJJT0VkdS1kNlVDVm5ZTS02Y3FZdGw2Rktra20xMUtPMmFZQzlYWFc3a2Jnckh1dEpDNnFiZV9MUUF5M2xvZE42V3pMZWJxSVNYM0JOOXVHanZYUE1EUUpVSjN4ajhSdHExclBtcWhVU1R3?oc=5,2026-03-15T07:00:00+00:00,"Sun, 15 Mar 2026 07:00:00 GMT",El Sol de México,"<a href=""https://news.google.com/rss/articles/CBMi1gFBVV95cUxPcktLQTJ4Tzl0WWdPRndMSDRfNF93c1Zoc202VkpRWkpDTlE5MXNNT0J2QUxHYURKZGRhcEtYNlZnbUh2R2lJTzZjbk5UbGl6T2l3ZkNOVVFJRm5lNXpwN25hZERpZkZyMm5mbVJJT0VkdS1kNlVDVm5ZTS02Y3FZdGw2Rktra20xMUtPMmFZQzlYWFc3a2Jnckh1dEpDNnFiZV9MUUF5M2xvZE42V3pMZWJxSVNYM0JOOXVHanZYUE1EUUpVSjN4ajhSdHExclBtcWhVU1R3?oc=5"" target=""_blank"">“Las Despicadoras del Oro Rojo”: obra en Tampico rinde homenaje a mujeres del sector pesquero</a>&nbsp;&nbsp;<font color=""#6f6f6f"">El Sol de México</font>",2026-04-05T15:47:39Z,True
3,"""tampico"" site:oem.com.mx",site:oem.com.mx,"""tampico""",https://news.google.com/rss/search?q=%22tampico%22+site%3Aoem.com.mx+after%3A2026-03-09+before%3A2026-03-15&hl=es-419&gl=MX&ceid=MX:es-419,De la abogacía al comercio: joven tampiqueña impulsa negocio de gomitas y frutas enchiladas - El Sol de México,https://news.google.com/rss/articles/CBMi1gFBVV95cUxPUHZZeTlXY0kxdjZGZUJGOTlvUEptS2doMVdFQlh2UTdJN1Y1SGlFUHphYkJuYjc5ek55R2YyTUh2Mlh0aW1MU2ZhUGc5SXFvVjlBVlJTUWtJT3Y5LXBGOWY4eXBhUW8tNGpzSTlrQjVOYncwbmN4aUpkeUhtVFRWbjRBdl9CbVBFc0pJRFJZLXc0TlF0M2VVZERybW5xckhyOFJoa0M3TWRaa3RKb3AwZmhKVEJ5NDRKbUd4YjJDX1ZCY041MS1aN1Ewc2FncmIzUW9kMXlR?oc=5,2026-03-12T07:00:00+00:00,"Thu, 12 Mar 2026 07:00:00 GMT",El Sol de México,"<a href=""https://news.google.com/rss/articles/CBMi1gFBVV95cUxPUHZZeTlXY0kxdjZGZUJGOTlvUEptS2doMVdFQlh2UTdJN1Y1SGlFUHphYkJuYjc5ek55R2YyTUh2Mlh0aW1MU2ZhUGc5SXFvVjlBVlJTUWtJT3Y5LXBGOWY4eXBhUW8tNGpzSTlrQjVOYncwbmN4aUpkeUhtVFRWbjRBdl9CbVBFc0pJRFJZLXc0TlF0M2VVZERybW5xckhyOFJoa0M3TWRaa3RKb3AwZmhKVEJ5NDRKbUd4YjJDX1ZCY041MS1aN1Ewc2FncmIzUW9kMXlR?oc=5"" target=""_blank"">De la abogacía al comercio: joven tampiqueña impulsa negocio de gomitas y frutas enchiladas</a>&nbsp;&nbsp;<font color=""#6f6f6f"">El Sol de México</font>",2026-04-05T15:47:39Z,True
3,"""tampico"" site:oem.com.mx",site:oem.com.mx,"""tampico""",https://news.google.com/rss/search?q=%22tampico%22+site%3Aoem.com.mx+after%3A2026-03-09+before%3A2026-03-15&hl=es-419&gl=MX&ceid=MX:es-419,Tu voz cuenta: el programa que llega a escuelas de Tampico para hacer frente a la violencia - El Sol de México,https://news.google.com/rss/articles/CBMi1gFBVV95cUxOZjR6eE9DWGladFp6TGREb3dxcDRoc3dSNVFvT3NDTU9aeThVZXJpb0Y5aUUta0FaSmJ2OXVfMi1ZZmZ1d0NCSmRoNDlDVXB2RmMzSUZkSHZzYWlpS1JzdFppcm9INzcteG9SbnJWOG9IbW5JLTlsUzg5b29JQUZSdk8zZWdKMHlleEIwTFAxVTU3LTBQbzZkWDZSWnlYaUlCNWQ4SFlhbHlFOENkdm12UHVnSUZKM1I3TU1WRDMzQWw4NXpKYTBvcmVjZHN5SUNKbkVfY2Zn?oc=5,2026-03-11T07:00:00+00:00,"Wed, 11 Mar 2026 07:00:00 GMT",El Sol de México,"<a href=""https://news.google.com/rss/articles/CBMi1gFBVV95cUxOZjR6eE9DWGladFp6TGREb3dxcDRoc3dSNVFvT3NDTU9aeThVZXJpb0Y5aUUta0FaSmJ2OXVfMi1ZZmZ1d0NCSmRoNDlDVXB2RmMzSUZkSHZzYWlpS1JzdFppcm9INzcteG9SbnJWOG9IbW5JLTlsUzg5b29JQUZSdk8zZWdKMHlleEIwTFAxVTU3LTBQbzZkWDZSWnlYaUlCNWQ4SFlhbHlFOENkdm12UHVnSUZKM1I3TU1WRDMzQWw4NXpKYTBvcmVjZHN5SUNKbkVfY2Zn?oc=5"" target=""_blank"">Tu voz cuenta: el programa que llega a escuelas de Tampico para hacer frente a la violencia</a>&nbsp;&nbsp;<font color=""#6f6f6f"">El Sol de México</font>",2026-04-05T15:47:39Z,True
3,"""tampico"" site:oem.com.mx",site:oem.com.mx,"""tampico""",https://news.google.com/rss/search?q=%22tampico%22+site%3Aoem.com.mx+after%3A2026-03-09+before%3A2026-03-15&hl=es-419&gl=MX&ceid=MX:es-419,Detectan siete árboles en estado crítico en Tampico; autoridades refuerzan vigilancia preventiva - El Sol de México,https://news.google.com/rss/articles/CBMi3AFBVV95cUxPWUJjRnhnNlItWUptOXNEM0pQV25BY3doczY1TGEweEcyZm0zTDR1U0gyMWprV1JoU1A5QV9ESEpEQjNRZWtpRXNHeXNHeXEtNTREakYzS1ZUX1pSNGhkSVVnU3VsSGhjbV9LMVV4NEhLUVpoVHBSc2ZVeURqQjFsdnYzb0paVng5dk84dzNzYlJyX1FiQ2tZUEVJWnljQjhmdXJZU1FvQ0ZjUmhaZDBqUTE3Q0xVUHZrblNpQWZhYXl3UEVjak5HNFpuTWxGUy10UlVkQmY2dVVLc1FN?oc=5,2026-03-14T07:00:00+00:00,"Sat, 14 Mar 2026 07:00:00 GMT",El Sol de México,"<a href=""https://news.google.com/rss/articles/CBMi3AFBVV95cUxPWUJjRnhnNlItWUptOXNEM0pQV25BY3doczY1TGEweEcyZm0zTDR1U0gyMWprV1JoU1A5QV9ESEpEQjNRZWtpRXNHeXNHeXEtNTREakYzS1ZUX1pSNGhkSVVnU3VsSGhjbV9LMVV4NEhLUVpoVHBSc2ZVeURqQjFsdnYzb0paVng5dk84dzNzYlJyX1FiQ2tZUEVJWnljQjhmdXJZU1FvQ0ZjUmhaZDBqUTE3Q0xVUHZrblNpQWZhYXl3UEVjak5HNFpuTWxGUy10UlVkQmY2dVVLc1FN?oc=5"" target=""_blank"">Detectan siete árboles en estado crítico en Tampico; autoridades refuerzan vigilancia preventiva</a>&nbsp;&nbsp;<font color=""#6f6f6f"">El Sol de México</font>",2026-04-05T15:47:39Z,True
3,"""tampico"" site:oem.com.mx",site:oem.com.mx,"""tampico""",https://news.google.com/rss/search?q=%22tampico%22+site%3Aoem.com.mx+after%3A2026-03-09+before%3A2026-03-15&hl=es-419&gl=MX&ceid=MX:es-419,Municipios de Tamaulipas podrían ser demandados por no respetar los derechos de autor - El Sol de México,https://news.google.com/rss/articles/CBMizwFBVV95cUxQVkt2Q2tiOG1TaktONDBHMFZDXy1DYUxfcXZCYlA1NGQ4NkFZWVRiS0tqTFlCZmVuOWxUOE9Pa2c4OHExdjhnVU1pZ1JULWZSZ3NPWFNUUVAzNXVnaDBvUlpKS2lCd2ppZTVMOTJTR0YzcHdGT3ViVHlEem14MWlZZkFia1EtS0RXY3dMNnBicm5uNDdkUFlPSlZLNVU5dHpyUEZ5RENFOUR3V012UGEySGZCaS1CNkx4ZjgzZlVwME1XbVBhWWdmVlIzTzNoYzA?oc=5,2026-03-12T07:00:00+00:00,"Thu, 12 Mar 2026 07:00:00 GMT",El Sol de México,"<a href=""https://news.google.com/rss/articles/CBMizwFBVV95cUxQVkt2Q2tiOG1TaktONDBHMFZDXy1DYUxfcXZCYlA1NGQ4NkFZWVRiS0tqTFlCZmVuOWxUOE9Pa2c4OHExdjhnVU1pZ1JULWZSZ3NPWFNUUVAzNXVnaDBvUlpKS2lCd2ppZTVMOTJTR0YzcHdGT3ViVHlEem14MWlZZkFia1EtS0RXY3dMNnBicm5uNDdkUFlPSlZLNVU5dHpyUEZ5RENFOUR3V012UGEySGZCaS1CNkx4ZjgzZlVwME1XbVBhWWdmVlIzTzNoYzA?oc=5"" target=""_blank"">Municipios de Tamaulipas podrían ser demandados por no respetar los derechos de autor</a>&nbsp;&nbsp;<font color=""#6f6f6f"">El Sol de México</font>",2026-04-05T15:47:39Z,True
3,"""tampico"" site:oem.com.mx",site:oem.com.mx,"""tampico""",https://news.google.com/rss/search?q=%22tampico%22+site%3Aoem.com.mx+after%3A2026-03-09+before%3A2026-03-15&hl=es-419&gl=MX&ceid=MX:es-419,¿Cerró Cruz Roja en Tampico? En las instalaciones dejaron de ofrecer el servicio médico - El Sol de México,https://news.google.com/rss/articles/CBMizwFBVV95cUxOM040ODdBUUZkZnp3SjE3dmY4clNtZ3N4VzJyYWs0Mm1hakdBcThZSzI1STQxWGw3SC1uNUo4VURFcnVEVWgzRmptRTc3R1RLeEVmdEdRenkyR3hfX1A4SWRvQVRZS1BpYUZMN1dyX3pVV1JQRmlhV1JYNWNSWWVsZ1JLLWtkQUszQWdwc2FNMHluVHZpYlhucmJ5OGtjM3BlRDdiUjJJSm5JeEVTV1ByLTlmTnVLOV9ZamVPUUROVERoQktyS3pnT1JraVZLdzQ?oc=5,2026-03-14T07:00:00+00:00,"Sat, 14 Mar 2026 07:00:00 GMT",El Sol de México,"<a href=""https://news.google.com/rss/articles/CBMizwFBVV95cUxOM040ODdBUUZkZnp3SjE3dmY4clNtZ3N4VzJyYWs0Mm1hakdBcThZSzI1STQxWGw3SC1uNUo4VURFcnVEVWgzRmptRTc3R1RLeEVmdEdRenkyR3hfX1A4SWRvQVRZS1BpYUZMN1dyX3pVV1JQRmlhV1JYNWNSWWVsZ1JLLWtkQUszQWdwc2FNMHluVHZpYlhucmJ5OGtjM3BlRDdiUjJJSm5JeEVTV1ByLTlmTnVLOV9ZamVPUUROVERoQktyS3pnT1JraVZLdzQ?oc=5"" target=""_blank"">¿Cerró Cruz Roja en Tampico? En las instalaciones dejaron de ofrecer el servicio médico</a>&nbsp;&nbsp;<font color=""#6f6f6f"">El Sol de México</font>",2026-04-05T15:47:39Z,True
3,"""tampico"" site:oem.com.mx",site:oem.com.mx,"""tampico""",https://news.google.com/rss/search?q=%22tampico%22+site%3Aoem.com.mx+after%3A2026-03-09+before%3A2026-03-15&hl=es-419&gl=MX&ceid=MX:es-419,Alfa y Omega / Yo necesito poco - El Sol de México,https://news.google.com/rss/articles/CBMiiAFBVV95cUxNbHlKRTZfeGlrZkxtRVE4UmhxTHMxYjU3YUhNc202MmRPTTJ0MzBhNVdPQ3FkcmkzVTA3aDZDN1lYeFNxaDhkUDJtTjNIbkZkMS1uZndweW52WTRCR1Q1VTc3b3IyQjl0ZVJZTXpEMkdKTTFDOW4tODhMRUdvUnVFVk1PVkdVcmZn?oc=5,2026-03-11T07:00:00+00:00,"Wed, 11 Mar 2026 07:00:00 GMT",El Sol de México,"<a href=""https://news.google.com/rss/articles/CBMiiAFBVV95cUxNbHlKRTZfeGlrZkxtRVE4UmhxTHMxYjU3YUhNc202MmRPTTJ0MzBhNVdPQ3FkcmkzVTA3aDZDN1lYeFNxaDhkUDJtTjNIbkZkMS1uZndweW52WTRCR1Q1VTc3b3IyQjl0ZVJZTXpEMkdKTTFDOW4tODhMRUdvUnVFVk1PVkdVcmZn?oc=5"" target=""_blank"">Alfa y Omega / Yo necesito poco</a>&nbsp;&nbsp;<font color=""#6f6f6f"">El Sol de México</font>",2026-04-05T15:47:39Z,True
3,"""tampico"" site:oem.com.mx",site:oem.com.mx,"""tampico""",https://news.google.com/rss/search?q=%22tampico%22+site%3Aoem.com.mx+after%3A2026-03-09+before%3A2026-03-15&hl=es-419&gl=MX&ceid=MX:es-419,Puente Tampico recauda 742 millones en peaje y solo 13% se destina a mantenimiento - El Sol de México,https://news.google.com/rss/articles/CBMiygFBVV95cUxNakhCZ0pta2VKZjlVeTc3ZkZLN3JjbTRmUDFsY3UyV3VSRUs2WTQ1a0ZyLWhaNjVSU05VZGZ5T0dadnBDOGhNejQ0Z0I1SXQ5UDllbG1wV296UjdPTEltVnpSdzlVOW1ReGpKbUdPUHFGa2dtVmo1a3ZHUFVXalQ1bE94eklCbHp0TDM3cnNXaGdWdGhoSzh6cm1xYmlEZDdTbTE4X29HamY2TTdvN0M1emFSTU1XZjl3Vk84ZFVSUnZNVXZpVEhvcktn?oc=5,2026-03-09T07:00:00+00:00,"Mon, 09 Mar 2026 07:00:00 GMT",El Sol de México,"<a href=""https://news.google.com/rss/articles/CBMiygFBVV95cUxNakhCZ0pta2VKZjlVeTc3ZkZLN3JjbTRmUDFsY3UyV3VSRUs2WTQ1a0ZyLWhaNjVSU05VZGZ5T0dadnBDOGhNejQ0Z0I1SXQ5UDllbG1wV296UjdPTEltVnpSdzlVOW1ReGpKbUdPUHFGa2dtVmo1a3ZHUFVXalQ1bE94eklCbHp0TDM3cnNXaGdWdGhoSzh6cm1xYmlEZDdTbTE4X29HamY2TTdvN0M1emFSTU1XZjl3Vk84ZFVSUnZNVXZpVEhvcktn?oc=5"" target=""_blank"">Puente Tampico recauda 742 millones en peaje y solo 13% se destina a mantenimiento</a>&nbsp;&nbsp;<font color=""#6f6f6f"">El Sol de México</font>",2026-04-05T15:47:39Z,True
3,"""tampico"" site:oem.com.mx",site:oem.com.mx,"""tampico""",https://news.google.com/rss/search?q=%22tampico%22+site%3Aoem.com.mx+after%3A2026-03-09+before%3A2026-03-15&hl=es-419&gl=MX&ceid=MX:es-419,Árbol de 100 años aplasta dos camionetas y una casa en la colonia Lomas de Rosales - El Sol de México,https://news.google.com/rss/articles/CBMiywFBVV95cUxPZlBwUmczNVB0RS14dTd5ejlhdUZVUzRNLXdXbHI2UWZrdDhrWVRRckJiWmtFY3B5STZiXzl4WnZ0VnlsZGVfdk1yaFVQQXdXUXdocFdvR2xyaE81WGFMbjBaenc2N08td3FZanZPZmc5dzZlYy1GOEcxdDhTLWtGUGlhbFBfMDNGMUFhVW5TNEV5b3cwVG5UQmJqRFVsZ0ItdmhOYkVFRXVzNDZCSlN5YXljQ0FiUEVtbU5QcEdUcXRiSDQ5YmJCLVNMTQ?oc=5,2026-03-12T07:00:00+00:00,"Thu, 12 Mar 2026 07:00:00 GMT",El Sol de México,"<a href=""https://news.google.com/rss/articles/CBMiywFBVV95cUxPZlBwUmczNVB0RS14dTd5ejlhdUZVUzRNLXdXbHI2UWZrdDhrWVRRckJiWmtFY3B5STZiXzl4WnZ0VnlsZGVfdk1yaFVQQXdXUXdocFdvR2xyaE81WGFMbjBaenc2N08td3FZanZPZmc5dzZlYy1GOEcxdDhTLWtGUGlhbFBfMDNGMUFhVW5TNEV5b3cwVG5UQmJqRFVsZ0ItdmhOYkVFRXVzNDZCSlN5YXljQ0FiUEVtbU5QcEdUcXRiSDQ5YmJCLVNMTQ?oc=5"" target=""_blank"">Árbol de 100 años aplasta dos camionetas y una casa en la colonia Lomas de Rosales</a>&nbsp;&nbsp;<font color=""#6f6f6f"">El Sol de México</font>",2026-04-05T15:47:39Z,True
4,"""Monica Villarreal"" site:milenio.com",site:milenio.com,"""Monica Villarreal""",https://news.google.com/rss/search?q=%22Monica+Villarreal%22+site%3Amilenio.com+after%3A2026-03-09+before%3A2026-03-15&hl=es-419&gl=MX&ceid=MX:es-419,La Grilla - Milenio,https://news.google.com/rss/articles/CBMilAFBVV95cUxPZWl1WFhwMWswclczX29fMlo5MWFreFAzQVpkdE9BRUNVUm1OV0QyQ2dLR2lDMkk4UkR4WlpES2RaUTNyd1phNzVkc1o0SEswS2VvQWNrVFFLSjROc0ZMbHdwTUxXN01pbDVrcDd4Z2lHTEdfSmN2TW5nQXEzMENJU0tzNHJhV2M1QUs3bjRubkJQaGZL0gGUAUFVX3lxTE1lSmlfVUx0dkpuSXRMZnFENXVRWE84U1VkOXdOZk5Mc0F6dmo3a1JfOFJFN3pZeXhZMjA3eU1qc1hzN1VhYjdJZ24tdEpqS1FlQS10X08tNU1aMVhhclFwcTg4RzV0R1hZWDNuX3BtbGVYZFRLTGMtWHlPdVlhazVpam93N0Rla3Vtd1BESzZJbUFGUUU?oc=5,2026-03-10T07:00:00+00:00,"Tue, 10 Mar 2026 07:00:00 GMT",Milenio,"<a href=""https://news.google.com/rss/articles/CBMilAFBVV95cUxPZWl1WFhwMWswclczX29fMlo5MWFreFAzQVpkdE9BRUNVUm1OV0QyQ2dLR2lDMkk4UkR4WlpES2RaUTNyd1phNzVkc1o0SEswS2VvQWNrVFFLSjROc0ZMbHdwTUxXN01pbDVrcDd4Z2lHTEdfSmN2TW5nQXEzMENJU0tzNHJhV2M1QUs3bjRubkJQaGZL0gGUAUFVX3lxTE1lSmlfVUx0dkpuSXRMZnFENXVRWE84U1VkOXdOZk5Mc0F6dmo3a1JfOFJFN3pZeXhZMjA3eU1qc1hzN1VhYjdJZ24tdEpqS1FlQS10X08tNU1aMVhhclFwcTg4RzV0R1hZWDNuX3BtbGVYZFRLTGMtWHlPdVlhazVpam93N0Rla3Vtd1BESzZJbUFGUUU?oc=5"" target=""_blank"">La Grilla</a>&nbsp;&nbsp;<font color=""#6f6f6f"">Milenio</font>",2026-04-05T15:48:55Z,True
4,"""Monica Villarreal"" site:milenio.com",site:milenio.com,"""Monica Villarreal""",https://news.google.com/rss/search?q=%22Monica+Villarreal%22+site%3Amilenio.com+after%3A2026-03-09+before%3A2026-03-15&hl=es-419&gl=MX&ceid=MX:es-419,Plan México y lo que viene para Altamira - Milenio,https://news.google.com/rss/articles/CBMiowFBVV95cUxPaG1UWE01MTlGNHk1cFJfNldaU2RGai1UY0ZGWFZxSDQzZXV2RDJQSGQ1NXZMY2lhbVNsb1BQRzI3bXpwbU9ubWE2b0FvcmdpOTBWakhJd1FaakhZQ0EwM1AtTjJvQmU5TFdTel9FQUp6QWU1bC1TLWRzYnh1R0Y4YjRYalY0MGtHNUFJWC1COC05LThiUmhNRnlXaFNKc3NVd0xz0gGjAUFVX3lxTE8xNGU0QnlsbVQwbG9lWmFXY0dIMU9neHdiUEVfMldHWmdtZlAxU2JBRjN3aDlOeUV3bDIwYmc3WjI3eHJMTjdEOFBPaEkzVFBmSndNOFg0VUJWZDE0OEwwSUM4WF9PYXRfUFpPaWQ5N3cwNWRZdnJ0NndpUVFaU1pSbks3ZXZTdGpIQUtRZ0ROQU9Yc0NxZlozaHdHQzZuSm10bWM?oc=5,2026-03-09T07:00:00+00:00,"Mon, 09 Mar 2026 07:00:00 GMT",Milenio,"<a href=""https://news.google.com/rss/articles/CBMiowFBVV95cUxPaG1UWE01MTlGNHk1cFJfNldaU2RGai1UY0ZGWFZxSDQzZXV2RDJQSGQ1NXZMY2lhbVNsb1BQRzI3bXpwbU9ubWE2b0FvcmdpOTBWakhJd1FaakhZQ0EwM1AtTjJvQmU5TFdTel9FQUp6QWU1bC1TLWRzYnh1R0Y4YjRYalY0MGtHNUFJWC1COC05LThiUmhNRnlXaFNKc3NVd0xz0gGjAUFVX3lxTE8xNGU0QnlsbVQwbG9lWmFXY0dIMU9neHdiUEVfMldHWmdtZlAxU2JBRjN3aDlOeUV3bDIwYmc3WjI3eHJMTjdEOFBPaEkzVFBmSndNOFg0VUJWZDE0OEwwSUM4WF9PYXRfUFpPaWQ5N3cwNWRZdnJ0NndpUVFaU1pSbks3ZXZTdGpIQUtRZ0ROQU9Yc0NxZlozaHdHQzZuSm10bWM?oc=5"" target=""_blank"">Plan México y lo que viene para Altamira</a>&nbsp;&nbsp;<font color=""#6f6f6f"">Milenio</font>",2026-04-05T15:48:55Z,True
4,"""Monica Villarreal"" site:milenio.com",site:milenio.com,"""Monica Villarreal""",https://news.google.com/rss/search?q=%22Monica+Villarreal%22+site%3Amilenio.com+after%3A2026-03-09+before%3A2026-03-15&hl=es-419&gl=MX&ceid=MX:es-419,La Grilla - Milenio,https://news.google.com/rss/articles/CBMilAFBVV95cUxPMkF1R0I2YVdEQ2lTYkpoNzZwNDBGN0hTX3M1QmN5c3hMRDBoaHdKOTVia3hRUEVUcktKd2VRZVBvSXlueEp5MlJ2cDdKZS1VRWlfdzM0c0NCekZLV0JQaWxtLXR2U0NSVXBUQXl1LWlNX3JMeEl4TEhZODBaOWQ0X2JpcW1TNDlqT0RHUUN4Y19lQkpx0gGUAUFVX3lxTE04NElaYUFBWXJBRlZ2b25MSDRGZXFaNUJOZzVnekFycDNiaGNCVG0wQmtPeVRFbWt3emdxbWM0NnRIaEl3bTc0Mnd0WjJMcHJ3Uzg4X0I5NHQtbjFVZk55d3V3bWVZYThYVXN0YV9BZ0VWS1g5VkJ0Qm5vRE1WX0JoM0c4NnQ1X1pXdGgwOHRpd3IxMjU?oc=5,2026-03-13T07:00:00+00:00,"Fri, 13 Mar 2026 07:00:00 GMT",Milenio,"<a href=""https://news.google.com/rss/articles/CBMilAFBVV95cUxPMkF1R0I2YVdEQ2lTYkpoNzZwNDBGN0hTX3M1QmN5c3hMRDBoaHdKOTVia3hRUEVUcktKd2VRZVBvSXlueEp5MlJ2cDdKZS1VRWlfdzM0c0NCekZLV0JQaWxtLXR2U0NSVXBUQXl1LWlNX3JMeEl4TEhZODBaOWQ0X2JpcW1TNDlqT0RHUUN4Y19lQkpx0gGUAUFVX3lxTE04NElaYUFBWXJBRlZ2b25MSDRGZXFaNUJOZzVnekFycDNiaGNCVG0wQmtPeVRFbWt3emdxbWM0NnRIaEl3bTc0Mnd0WjJMcHJ3Uzg4X0I5NHQtbjFVZk55d3V3bWVZYThYVXN0YV9BZ0VWS1g5VkJ0Qm5vRE1WX0JoM0c4NnQ1X1pXdGgwOHRpd3IxMjU?oc=5"" target=""_blank"">La Grilla</a>&nbsp;&nbsp;<font color=""#6f6f6f"">Milenio</font>",2026-04-05T15:48:55Z,True
4,"""Monica Villarreal"" site:milenio.com",site:milenio.com,"""Monica Villarreal""",https://news.google.com/rss/search?q=%22Monica+Villarreal%22+site%3Amilenio.com+after%3A2026-03-09+before%3A2026-03-15&hl=es-419&gl=MX&ceid=MX:es-419,La Grilla - Milenio,https://news.google.com/rss/articles/CBMilAFBVV95cUxPTDNyNkR1NFV4djRoT3dQanlBWWhJRWZzSnp1R0lNc1hGZXZPV0Q3UHhacUlLWVQwb3o1RklHLUFZR1FmWVBfLVFocm5oMU9QSmltZDlxd0ZwUDNNNUV3VWxhUVptdkthMWdMNXc3VVFGcF9NbTBFWlJ1UzcxbUtnTzMzN0dOMWJpZkxTMGszNElQZEl40gGUAUFVX3lxTFAtcDVMUVZCNkFFOFdQSXRQMG83VmxQVUd0ZUItUGdBcEhVbjZsM1hZYlNXU2lLRmZVRzVEa2ZYcVNlbTZjOXM0cTVDWnRMVEdJby1PcS0xV3RnVmdCYTBIbGhSWXZmd1ZzS3VXRU9ZQ3JiUDdYODQyUXpQRDFpUnNaSlRZUUp6R3l6ek45d3dTdjgteGE?oc=5,2026-03-12T07:00:00+00:00,"Thu, 12 Mar 2026 07:00:00 GMT",Milenio,"<a href=""https://news.google.com/rss/articles/CBMilAFBVV95cUxPTDNyNkR1NFV4djRoT3dQanlBWWhJRWZzSnp1R0lNc1hGZXZPV0Q3UHhacUlLWVQwb3o1RklHLUFZR1FmWVBfLVFocm5oMU9QSmltZDlxd0ZwUDNNNUV3VWxhUVptdkthMWdMNXc3VVFGcF9NbTBFWlJ1UzcxbUtnTzMzN0dOMWJpZkxTMGszNElQZEl40gGUAUFVX3lxTFAtcDVMUVZCNkFFOFdQSXRQMG83VmxQVUd0ZUItUGdBcEhVbjZsM1hZYlNXU2lLRmZVRzVEa2ZYcVNlbTZjOXM0cTVDWnRMVEdJby1PcS0xV3RnVmdCYTBIbGhSWXZmd1ZzS3VXRU9ZQ3JiUDdYODQyUXpQRDFpUnNaSlRZUUp6R3l6ek45d3dTdjgteGE?oc=5"" target=""_blank"">La Grilla</a>&nbsp;&nbsp;<font color=""#6f6f6f"">Milenio</font>",2026-04-05T15:48:55Z,True
4,"""Monica Villarreal"" site:milenio.com",site:milenio.com,"""Monica Villarreal""",https://news.google.com/rss/search?q=%22Monica+Villarreal%22+site%3Amilenio.com+after%3A2026-03-09+before%3A2026-03-15&hl=es-419&gl=MX&ceid=MX:es-419,La Grilla - Milenio,https://news.google.com/rss/articles/CBMilAFBVV95cUxOV2VHSDc2VDlEaFNiUlFOQUJaUWdHMEZ0bXE3VnpzbW9YTFp3WGJKR3dxVjd1WUVXQ0JhZjhTVlBPSHZOaDF4R0U0bzQxUlZiazBqaWpHUWpoODZaRHdhWGhGeFlUYlRaT3BCSXZFZnRsTTZjejJTX0h0VDU4VmZUOS1CTGUzYlZoTlNiNEhDZlFUaUNq0gGUAUFVX3lxTE15dFBDd3JHUkxIRnMyLXRkQXUyTVM0MldZbnQ2WmRxSmlWNkNSQTNseVRaSlcwU1JHZWpvWHNWeWJCX3g2bXBnMXF0NGRSUmFjNjQ0SExBbUhYa2NienVBSExGT3puM25KZnJRalNoMUM5aThfVnAteUUyR19HWDlBQXY1MXFPQ1NXWVk3ejFmbmRKVU8?oc=5,2026-03-11T07:00:00+00:00,"Wed, 11 Mar 2026 07:00:00 GMT",Milenio,"<a href=""https://news.google.com/rss/articles/CBMilAFBVV95cUxOV2VHSDc2VDlEaFNiUlFOQUJaUWdHMEZ0bXE3VnpzbW9YTFp3WGJKR3dxVjd1WUVXQ0JhZjhTVlBPSHZOaDF4R0U0bzQxUlZiazBqaWpHUWpoODZaRHdhWGhGeFlUYlRaT3BCSXZFZnRsTTZjejJTX0h0VDU4VmZUOS1CTGUzYlZoTlNiNEhDZlFUaUNq0gGUAUFVX3lxTE15dFBDd3JHUkxIRnMyLXRkQXUyTVM0MldZbnQ2WmRxSmlWNkNSQTNseVRaSlcwU1JHZWpvWHNWeWJCX3g2bXBnMXF0NGRSUmFjNjQ0SExBbUhYa2NienVBSExGT3puM25KZnJRalNoMUM5aThfVnAteUUyR19HWDlBQXY1MXFPQ1NXWVk3ejFmbmRKVU8?oc=5"" target=""_blank"">La Grilla</a>&nbsp;&nbsp;<font color=""#6f6f6f"">Milenio</font>",2026-04-05T15:48:55Z,True
4,"""Monica Villarreal"" site:milenio.com",site:milenio.com,"""Monica Villarreal""",https://news.google.com/rss/search?q=%22Monica+Villarreal%22+site%3Amilenio.com+after%3A2026-03-09+before%3A2026-03-15&hl=es-419&gl=MX&ceid=MX:es-419,La Grilla - Milenio,https://news.google.com/rss/articles/CBMilAFBVV95cUxORkZiNnFvOEVDemY3cFNjZncwUFFtVTJhWG5paW81ckxGVlJtcGpZaF9Ibm5JZVFpMnQxbG44cVNQVGFyMkZNTlctZng2RGV4by1zZ2s5X08xUE16OUNWS2ItaUZoSUtna2NUNGJFV3pld0NDdkxrVGhHazFIOTBJNnduS3dnLVl6UUhkbzR0M2VLVUxR0gGUAUFVX3lxTE5OdmQ1WHQ0OTNOSno4LXNLdC11X1hjSEF0RjFpekdVMWpneDFTcjdNaUM2NTZLMy1SektBQjduSmQxdlV6eldNRk84TUFvbVluVklSem1iZUV1Y1VaMFZHRTVMWEo3ZnNyNmxBVDJDOU9ScXJGYzB1Q3ZFWUlqRzd0Ukt2TWZLZ056cW1jbHlvX1FtOXY?oc=5,2026-03-09T07:00:00+00:00,"Mon, 09 Mar 2026 07:00:00 GMT",Milenio,"<a href=""https://news.google.com/rss/articles/CBMilAFBVV95cUxORkZiNnFvOEVDemY3cFNjZncwUFFtVTJhWG5paW81ckxGVlJtcGpZaF9Ibm5JZVFpMnQxbG44cVNQVGFyMkZNTlctZng2RGV4by1zZ2s5X08xUE16OUNWS2ItaUZoSUtna2NUNGJFV3pld0NDdkxrVGhHazFIOTBJNnduS3dnLVl6UUhkbzR0M2VLVUxR0gGUAUFVX3lxTE5OdmQ1WHQ0OTNOSno4LXNLdC11X1hjSEF0RjFpekdVMWpneDFTcjdNaUM2NTZLMy1SektBQjduSmQxdlV6eldNRk84TUFvbVluVklSem1iZUV1Y1VaMFZHRTVMWEo3ZnNyNmxBVDJDOU9ScXJGYzB1Q3ZFWUlqRzd0Ukt2TWZLZ056cW1jbHlvX1FtOXY?oc=5"" target=""_blank"">La Grilla</a>&nbsp;&nbsp;<font color=""#6f6f6f"">Milenio</font>",2026-04-05T15:48:55Z,True
6,"""tampico"" site:milenio.com",site:milenio.com,"""tampico""",https://news.google.com/rss/search?q=%22tampico%22+site%3Amilenio.com+after%3A2026-03-09+before%3A2026-03-15&hl=es-419&gl=MX&ceid=MX:es-419,Manos tamaulipecas construyen un monstruo de acero de 4 mil 600 toneladas que se irá al Caribe a extraer petró - Milenio,https://news.google.com/rss/articles/CBMijgFBVV95cUxPMVNmeVNlMDlwaVFLSDFSck5aZzF2N3UtTlhCT1lYWnU5QkRkWVRvNUlWd2d3Q3NCWldaLW9WTFY3UExXN0phTU1lV1BlSW1LbTdabFN4V1I4N0JJTmJFeHVrbElKa2UwZnczbE9WamZseEFtdWlyckJkRHhKMU1FcHRBbzBvU3h0Rk54MUV30gGOAUFVX3lxTFB2WDZ4ODFRcTQxdnp3R0M0TDlESTFJS1AtMmhtNUdUcUpVNHRaSkREUktkQ0pjQ09MSXlNX202OGtlZ1JDcWFSbkxCTEJ2d0s2YVozdGhFTUJHMVlOTGVKZ2IzRHFfbnlxOUNrZHEwb0pTSzBDbzMxOVdaaFJVcU9aWk5ROW5XdkFBMnpkTWc?oc=5,2026-03-11T07:00:00+00:00,"Wed, 11 Mar 2026 07:00:00 GMT",Milenio,"<a href=""https://news.google.com/rss/articles/CBMijgFBVV95cUxPMVNmeVNlMDlwaVFLSDFSck5aZzF2N3UtTlhCT1lYWnU5QkRkWVRvNUlWd2d3Q3NCWldaLW9WTFY3UExXN0phTU1lV1BlSW1LbTdabFN4V1I4N0JJTmJFeHVrbElKa2UwZnczbE9WamZseEFtdWlyckJkRHhKMU1FcHRBbzBvU3h0Rk54MUV30gGOAUFVX3lxTFB2WDZ4ODFRcTQxdnp3R0M0TDlESTFJS1AtMmhtNUdUcUpVNHRaSkREUktkQ0pjQ09MSXlNX202OGtlZ1JDcWFSbkxCTEJ2d0s2YVozdGhFTUJHMVlOTGVKZ2IzRHFfbnlxOUNrZHEwb0pTSzBDbzMxOVdaaFJVcU9aWk5ROW5XdkFBMnpkTWc?oc=5"" target=""_blank"">Manos tamaulipecas construyen un monstruo de acero de 4 mil 600 toneladas que se irá al Caribe a extraer petró</a>&nbsp;&nbsp;<font color=""#6f6f6f"">Milenio</font>",2026-04-05T15:49:27Z,True
6,"""tampico"" site:milenio.com",site:milenio.com,"""tampico""",https://news.google.com/rss/search?q=%22tampico%22+site%3Amilenio.com+after%3A2026-03-09+before%3A2026-03-15&hl=es-419&gl=MX&ceid=MX:es-419,Convertidas en focos rojos tres escuelas secundarias en Tampico por riñas - Milenio,https://news.google.com/rss/articles/CBMikAFBVV95cUxOUy1DQ1pPOVRTYjV2OHk1VGpCaW9Gdy1EcEhYN3pwNl9DY0oxcG0xMWJ2RVV5Nk5rUGJQSDRsT0F2LTBvT3NWdEZWX0lSRXJGQktWNUxIYk5YaW1tV2hqQVpNVncwQi1Uel9JQUtYUmNtdm45STl3YVpiSlp5bzBIR2s5a3JVclhHdFNRSEptQkbSAZABQVVfeXFMTnBPcjlfeFc2aHZJRFhXdGktQUhIUkxGT3lfbDdDMVJSQWJzWDNhbktqaDVwa1c5MzNJYjhCZzNQLWdpQTVCLUZsTV9JT0h4SldJam1pa0NSOE5xTGpsQS1hOTEyMDNlQndkZFFWYzB4ckZocHI5RHVNS2x1dENMUG45Q2x5TTI5OVozZktPbHNO?oc=5,2026-03-12T07:00:00+00:00,"Thu, 12 Mar 2026 07:00:00 GMT",Milenio,"<a href=""https://news.google.com/rss/articles/CBMikAFBVV95cUxOUy1DQ1pPOVRTYjV2OHk1VGpCaW9Gdy1EcEhYN3pwNl9DY0oxcG0xMWJ2RVV5Nk5rUGJQSDRsT0F2LTBvT3NWdEZWX0lSRXJGQktWNUxIYk5YaW1tV2hqQVpNVncwQi1Uel9JQUtYUmNtdm45STl3YVpiSlp5bzBIR2s5a3JVclhHdFNRSEptQkbSAZABQVVfeXFMTnBPcjlfeFc2aHZJRFhXdGktQUhIUkxGT3lfbDdDMVJSQWJzWDNhbktqaDVwa1c5MzNJYjhCZzNQLWdpQTVCLUZsTV9JT0h4SldJam1pa0NSOE5xTGpsQS1hOTEyMDNlQndkZFFWYzB4ckZocHI5RHVNS2x1dENMUG45Q2x5TTI5OVozZktPbHNO?oc=5"" target=""_blank"">Convertidas en focos rojos tres escuelas secundarias en Tampico por riñas</a>&nbsp;&nbsp;<font color=""#6f6f6f"">Milenio</font>",2026-04-05T15:49:27Z,True
6,"""tampico"" site:milenio.com",site:milenio.com,"""tampico""",https://news.google.com/rss/search?q=%22tampico%22+site%3Amilenio.com+after%3A2026-03-09+before%3A2026-03-15&hl=es-419&gl=MX&ceid=MX:es-419,La Grilla - Milenio,https://news.google.com/rss/articles/CBMilAFBVV95cUxPZWl1WFhwMWswclczX29fMlo5MWFreFAzQVpkdE9BRUNVUm1OV0QyQ2dLR2lDMkk4UkR4WlpES2RaUTNyd1phNzVkc1o0SEswS2VvQWNrVFFLSjROc0ZMbHdwTUxXN01pbDVrcDd4Z2lHTEdfSmN2TW5nQXEzMENJU0tzNHJhV2M1QUs3bjRubkJQaGZL0gGUAUFVX3lxTE1lSmlfVUx0dkpuSXRMZnFENXVRWE84U1VkOXdOZk5Mc0F6dmo3a1JfOFJFN3pZeXhZMjA3eU1qc1hzN1VhYjdJZ24tdEpqS1FlQS10X08tNU1aMVhhclFwcTg4RzV0R1hZWDNuX3BtbGVYZFRLTGMtWHlPdVlhazVpam93N0Rla3Vtd1BESzZJbUFGUUU?oc=5,2026-03-10T07:00:00+00:00,"Tue, 10 Mar 2026 07:00:00 GMT",Milenio,"<a href=""https://news.google.com/rss/articles/CBMilAFBVV95cUxPZWl1WFhwMWswclczX29fMlo5MWFreFAzQVpkdE9BRUNVUm1OV0QyQ2dLR2lDMkk4UkR4WlpES2RaUTNyd1phNzVkc1o0SEswS2VvQWNrVFFLSjROc0ZMbHdwTUxXN01pbDVrcDd4Z2lHTEdfSmN2TW5nQXEzMENJU0tzNHJhV2M1QUs3bjRubkJQaGZL0gGUAUFVX3lxTE1lSmlfVUx0dkpuSXRMZnFENXVRWE84U1VkOXdOZk5Mc0F6dmo3a1JfOFJFN3pZeXhZMjA3eU1qc1hzN1VhYjdJZ24tdEpqS1FlQS10X08tNU1aMVhhclFwcTg4RzV0R1hZWDNuX3BtbGVYZFRLTGMtWHlPdVlhazVpam93N0Rla3Vtd1BESzZJbUFGUUU?oc=5"" target=""_blank"">La Grilla</a>&nbsp;&nbsp;<font color=""#6f6f6f"">Milenio</font>",2026-04-05T15:49:27Z,True
6,"""tampico"" site:milenio.com",site:milenio.com,"""tampico""",https://news.google.com/rss/search?q=%22tampico%22+site%3Amilenio.com+after%3A2026-03-09+before%3A2026-03-15&hl=es-419&gl=MX&ceid=MX:es-419,La Grilla - Milenio,https://news.google.com/rss/articles/CBMilAFBVV95cUxORkZiNnFvOEVDemY3cFNjZncwUFFtVTJhWG5paW81ckxGVlJtcGpZaF9Ibm5JZVFpMnQxbG44cVNQVGFyMkZNTlctZng2RGV4by1zZ2s5X08xUE16OUNWS2ItaUZoSUtna2NUNGJFV3pld0NDdkxrVGhHazFIOTBJNnduS3dnLVl6UUhkbzR0M2VLVUxR0gGUAUFVX3lxTE5OdmQ1WHQ0OTNOSno4LXNLdC11X1hjSEF0RjFpekdVMWpneDFTcjdNaUM2NTZLMy1SektBQjduSmQxdlV6eldNRk84TUFvbVluVklSem1iZUV1Y1VaMFZHRTVMWEo3ZnNyNmxBVDJDOU9ScXJGYzB1Q3ZFWUlqRzd0Ukt2TWZLZ056cW1jbHlvX1FtOXY?oc=5,2026-03-09T07:00:00+00:00,"Mon, 09 Mar 2026 07:00:00 GMT",Milenio,"<a href=""https://news.google.com/rss/articles/CBMilAFBVV95cUxORkZiNnFvOEVDemY3cFNjZncwUFFtVTJhWG5paW81ckxGVlJtcGpZaF9Ibm5JZVFpMnQxbG44cVNQVGFyMkZNTlctZng2RGV4by1zZ2s5X08xUE16OUNWS2ItaUZoSUtna2NUNGJFV3pld0NDdkxrVGhHazFIOTBJNnduS3dnLVl6UUhkbzR0M2VLVUxR0gGUAUFVX3lxTE5OdmQ1WHQ0OTNOSno4LXNLdC11X1hjSEF0RjFpekdVMWpneDFTcjdNaUM2NTZLMy1SektBQjduSmQxdlV6eldNRk84TUFvbVluVklSem1iZUV1Y1VaMFZHRTVMWEo3ZnNyNmxBVDJDOU9ScXJGYzB1Q3ZFWUlqRzd0Ukt2TWZLZ056cW1jbHlvX1FtOXY?oc=5"" target=""_blank"">La Grilla</a>&nbsp;&nbsp;<font color=""#6f6f6f"">Milenio</font>",2026-04-05T15:49:27Z,True
6,"""tampico"" site:milenio.com",site:milenio.com,"""tampico""",https://news.google.com/rss/search?q=%22tampico%22+site%3Amilenio.com+after%3A2026-03-09+before%3A2026-03-15&hl=es-419&gl=MX&ceid=MX:es-419,¿Cuáles son las bases de la Cruz Roja que cerraron en Tamaulipas? Estas instalaciones suspendieron servicio - Milenio,https://news.google.com/rss/articles/CBMilAFBVV95cUxPeTRKNDhOV0k4QW0wY3g0QVhmaU5WVURlT3NuMFlKZzhxV0JWNWpILU5SLV9BYVFYTmZsR3ZXWDhRY0x2RmMtNnkzSDlLTzVPNGQ4SGlzSGdWMXJ4cFctc1g5RENiRHdMTmlUQm1hY3pYR1lZV0tDQjdrdDJhbnR6aFBOR09VOFFza0dWNzlvM21uUXVh0gGUAUFVX3lxTE91alZxVVlYN1BXdl9iQzkwaEd1Si1rS2ZBQWx1S3gxdWM5QkN5Z2ZkSXMzbGVXckNsRjBOYU5rSFVfZHU4U01xREw2T0I5cUFSZWptQXd3cFRCWFBTMC1paHR6bnQ4RTVVT1kzUVU2b0RoNjA3WmJ4aTRZUW41TVVtYzNLQ3NUNnBxTnVPUWxDZFo3S0Y?oc=5,2026-03-15T07:00:00+00:00,"Sun, 15 Mar 2026 07:00:00 GMT",Milenio,"<a href=""https://news.google.com/rss/articles/CBMilAFBVV95cUxPeTRKNDhOV0k4QW0wY3g0QVhmaU5WVURlT3NuMFlKZzhxV0JWNWpILU5SLV9BYVFYTmZsR3ZXWDhRY0x2RmMtNnkzSDlLTzVPNGQ4SGlzSGdWMXJ4cFctc1g5RENiRHdMTmlUQm1hY3pYR1lZV0tDQjdrdDJhbnR6aFBOR09VOFFza0dWNzlvM21uUXVh0gGUAUFVX3lxTE91alZxVVlYN1BXdl9iQzkwaEd1Si1rS2ZBQWx1S3gxdWM5QkN5Z2ZkSXMzbGVXckNsRjBOYU5rSFVfZHU4U01xREw2T0I5cUFSZWptQXd3cFRCWFBTMC1paHR6bnQ4RTVVT1kzUVU2b0RoNjA3WmJ4aTRZUW41TVVtYzNLQ3NUNnBxTnVPUWxDZFo3S0Y?oc=5"" target=""_blank"">¿Cuáles son las bases de la Cruz Roja que cerraron en Tamaulipas? Estas instalaciones suspendieron servicio</a>&nbsp;&nbsp;<font color=""#6f6f6f"">Milenio</font>",2026-04-05T15:49:27Z,True
6,"""tampico"" site:milenio.com",site:milenio.com,"""tampico""",https://news.google.com/rss/search?q=%22tampico%22+site%3Amilenio.com+after%3A2026-03-09+before%3A2026-03-15&hl=es-419&gl=MX&ceid=MX:es-419,IP urge infraestructura carretera y hospitalaria en Tampico - Milenio,https://news.google.com/rss/articles/CBMikAFBVV95cUxNR01FTVl0RzVzX0xaZmFWLUE5UjdHMGFjQW5QRkY2MnZ5TENZTWdleEgzZTlFVGNLYTYwREZqU05MNEIzSVFnUHloZDZHUE41VHhJRmhSYV80aUhQSTZLa2g0Y1Jxd3IzcDNCRGEzc2J6V1Q4R0ZKbEtxWWJSSWhCTC0zQnA0M0doRDFtd3VobXfSAZABQVVfeXFMT0JuanYxRmhLSHp3ZC02Sm1ZNXY4Wk45Y0VnSlBBNkpIaFh0SENWYkdYdWhIaVRZT3JyanBCaU9jbDJ6eGFOVXo1anFpdmZLMTViYmd6bzFHMFF3Qjd4NEVyaENEeVNKYlcyckViSFJ2S01HTmZuTV9uLWYwVlRSaGNxbjhFLTQ1WXhLdkRhTUFM?oc=5,2026-03-11T07:00:00+00:00,"Wed, 11 Mar 2026 07:00:00 GMT",Milenio,"<a href=""https://news.google.com/rss/articles/CBMikAFBVV95cUxNR01FTVl0RzVzX0xaZmFWLUE5UjdHMGFjQW5QRkY2MnZ5TENZTWdleEgzZTlFVGNLYTYwREZqU05MNEIzSVFnUHloZDZHUE41VHhJRmhSYV80aUhQSTZLa2g0Y1Jxd3IzcDNCRGEzc2J6V1Q4R0ZKbEtxWWJSSWhCTC0zQnA0M0doRDFtd3VobXfSAZABQVVfeXFMT0JuanYxRmhLSHp3ZC02Sm1ZNXY4Wk45Y0VnSlBBNkpIaFh0SENWYkdYdWhIaVRZT3JyanBCaU9jbDJ6eGFOVXo1anFpdmZLMTViYmd6bzFHMFF3Qjd4NEVyaENEeVNKYlcyckViSFJ2S01HTmZuTV9uLWYwVlRSaGNxbjhFLTQ1WXhLdkRhTUFM?oc=5"" target=""_blank"">IP urge infraestructura carretera y hospitalaria en Tampico</a>&nbsp;&nbsp;<font color=""#6f6f6f"">Milenio</font>",2026-04-05T15:49:27Z,True
6,"""tampico"" site:milenio.com",site:milenio.com,"""tampico""",https://news.google.com/rss/search?q=%22tampico%22+site%3Amilenio.com+after%3A2026-03-09+before%3A2026-03-15&hl=es-419&gl=MX&ceid=MX:es-419,Más de 40 árboles son un peligro en Tamaulipas - Milenio,https://news.google.com/rss/articles/CBMigwFBVV95cUxOZ2FndGZva2x5NzBKdjdTOUJadFk4TDNWVlc5Z2xEamdLX3MwUUFBNWNnZEJ3RzBjOG9HYlVsdmdldjVDN0VsMnBmTWpQbkpJdGNFbl9FT0JFWndEcHkzcGM2MTJ3Skk4NWpleGQ3TXhCQWZVRVRERmJfem1zNk0yYk9lc9IBgwFBVV95cUxPbDVtT2J4NVJBRzd2bzdqcTN1aEVfTW5XcnA2LWZiSmZ6QlFLSDJidWZ0U0RWbndadTBqc0xwOTJhT21laWVMTUNRTi1GY2VXaW1GbFBBdUlTRERUZDJNb0FpN2lzWEdfa3o4ZHFiNExJR0dKMEJnY2N6QXphOVdpX29CQQ?oc=5,2026-03-13T07:00:00+00:00,"Fri, 13 Mar 2026 07:00:00 GMT",Milenio,"<a href=""https://news.google.com/rss/articles/CBMigwFBVV95cUxOZ2FndGZva2x5NzBKdjdTOUJadFk4TDNWVlc5Z2xEamdLX3MwUUFBNWNnZEJ3RzBjOG9HYlVsdmdldjVDN0VsMnBmTWpQbkpJdGNFbl9FT0JFWndEcHkzcGM2MTJ3Skk4NWpleGQ3TXhCQWZVRVRERmJfem1zNk0yYk9lc9IBgwFBVV95cUxPbDVtT2J4NVJBRzd2bzdqcTN1aEVfTW5XcnA2LWZiSmZ6QlFLSDJidWZ0U0RWbndadTBqc0xwOTJhT21laWVMTUNRTi1GY2VXaW1GbFBBdUlTRERUZDJNb0FpN2lzWEdfa3o4ZHFiNExJR0dKMEJnY2N6QXphOVdpX29CQQ?oc=5"" target=""_blank"">Más de 40 árboles son un peligro en Tamaulipas</a>&nbsp;&nbsp;<font color=""#6f6f6f"">Milenio</font>",2026-04-05T15:49:27Z,True
6,"""tampico"" site:milenio.com",site:milenio.com,"""tampico""",https://news.google.com/rss/search?q=%22tampico%22+site%3Amilenio.com+after%3A2026-03-09+before%3A2026-03-15&hl=es-419&gl=MX&ceid=MX:es-419,"A 6 años de la pandemia, Tampico busca retomar esplendor turístico - Milenio",https://news.google.com/rss/articles/CBMilgFBVV95cUxPRFphUS1mTlVTSW5zS2lKaURvTUowTGNtd0YyOFh1d2MyM3FXdmpRQS1zckhpaHpCOVE2XzFQcU10S0UxRm5KbzBnVnI3LUhhblFOUnpaalNtaTJjaFpETk13ajY0YmhhRUNDTHYwU3hETnZsanFoZU5QT2lfVzVqTkx2OG9YX0RENmkwRmxxOVRfc0diX2fSAZYBQVVfeXFMTTRjTzRKbXNlcGY4STY0TWR6akFFNksxYUVzX203UGV0Q0FIUGd6Nmk3aDlkNm15TUQzY2UtMndhQnVsS3dSMHNSMkNnSTk4WDJNQW92bHJJY0FPNWlpbjI5M2VLcndsNWhIc2lsSnJlMVo4QVpJbWx3dXN5UVVUanBLTi1DcmhEX3dKS2Ztb2dIZ2Q1UVlB?oc=5,2026-03-14T07:00:00+00:00,"Sat, 14 Mar 2026 07:00:00 GMT",Milenio,"<a href=""https://news.google.com/rss/articles/CBMilgFBVV95cUxPRFphUS1mTlVTSW5zS2lKaURvTUowTGNtd0YyOFh1d2MyM3FXdmpRQS1zckhpaHpCOVE2XzFQcU10S0UxRm5KbzBnVnI3LUhhblFOUnpaalNtaTJjaFpETk13ajY0YmhhRUNDTHYwU3hETnZsanFoZU5QT2lfVzVqTkx2OG9YX0RENmkwRmxxOVRfc0diX2fSAZYBQVVfeXFMTTRjTzRKbXNlcGY4STY0TWR6akFFNksxYUVzX203UGV0Q0FIUGd6Nmk3aDlkNm15TUQzY2UtMndhQnVsS3dSMHNSMkNnSTk4WDJNQW92bHJJY0FPNWlpbjI5M2VLcndsNWhIc2lsSnJlMVo4QVpJbWx3dXN5UVVUanBLTi1DcmhEX3dKS2Ztb2dIZ2Q1UVlB?oc=5"" target=""_blank"">A 6 años de la pandemia, Tampico busca retomar esplendor turístico</a>&nbsp;&nbsp;<font color=""#6f6f6f"">Milenio</font>",2026-04-05T15:49:27Z,True
6,"""tampico"" site:milenio.com",site:milenio.com,"""tampico""",https://news.google.com/rss/search?q=%22tampico%22+site%3Amilenio.com+after%3A2026-03-09+before%3A2026-03-15&hl=es-419&gl=MX&ceid=MX:es-419,¿De vacaciones en el sur de Tamaulipas? Estos son los MUSEOS que puedes visitar en Tampico - Milenio,https://news.google.com/rss/articles/CBMihAFBVV95cUxNZDFQQ0p3UDBfc2pKQmluWmhpaFV4cTd0c2ZLNTlOUThkVnhsZ0liUjNyd2t5VldMdzZWaUxMYzdWNnpkejJFVnQ1aGhxNnE0dllsNVdQQndGV1dPOXgyeUxXaWRMRW5MM2VIZDZwRm9PUURickxmZGRNb1BVbjlnWnZabDHSAYQBQVVfeXFMUFc0NUl4QlpyMlBZV3cwUFhJeUhMM3Y4VW5fMnpaeFc2RkJzM1ZDcUx6aFRzVnlYNFFnSGhvdTJxb0JPd0RlemZSelMtSTdseUdRaTkyeF9POE44ZjMzX1JxckV2SDJpMjF5NDJIT2lHLU1yYzljLS05bHl5bzI5NjF4NExt?oc=5,2026-03-11T07:00:00+00:00,"Wed, 11 Mar 2026 07:00:00 GMT",Milenio,"<a href=""https://news.google.com/rss/articles/CBMihAFBVV95cUxNZDFQQ0p3UDBfc2pKQmluWmhpaFV4cTd0c2ZLNTlOUThkVnhsZ0liUjNyd2t5VldMdzZWaUxMYzdWNnpkejJFVnQ1aGhxNnE0dllsNVdQQndGV1dPOXgyeUxXaWRMRW5MM2VIZDZwRm9PUURickxmZGRNb1BVbjlnWnZabDHSAYQBQVVfeXFMUFc0NUl4QlpyMlBZV3cwUFhJeUhMM3Y4VW5fMnpaeFc2RkJzM1ZDcUx6aFRzVnlYNFFnSGhvdTJxb0JPd0RlemZSelMtSTdseUdRaTkyeF9POE44ZjMzX1JxckV2SDJpMjF5NDJIT2lHLU1yYzljLS05bHl5bzI5NjF4NExt?oc=5"" target=""_blank"">¿De vacaciones en el sur de Tamaulipas? Estos son los MUSEOS que puedes visitar en Tampico</a>&nbsp;&nbsp;<font color=""#6f6f6f"">Milenio</font>",2026-04-05T15:49:27Z,True
6,"""tampico"" site:milenio.com",site:milenio.com,"""tampico""",https://news.google.com/rss/search?q=%22tampico%22+site%3Amilenio.com+after%3A2026-03-09+before%3A2026-03-15&hl=es-419&gl=MX&ceid=MX:es-419,La fila de Morena en Tampico que se andan saltando - Milenio,https://news.google.com/rss/articles/CBMisAFBVV95cUxPTGgxNFlIbmJNM04tYXpTdFJWQVB0Q3kwenJXQ1VYZWtSeFBVNktIbXJldlRBYnZXN19sSTZNb3lCMXM0Tml0ck1yc1RMQjlheUdXNFdDbE5XNUVSenJ3dHYtcEZqUWhFaE5YdFh5cWhNNDlaalBzTVBubzZJekswVXpFSzU3UlU1N1drc3VZNWNzajRKWnVNbHB2aC1Gc19rMnhpREVZelJyR1VIUTQ0MNIBsAFBVV95cUxQa1Vhc2xubUdSSGdpUHVoMzNVOV9KT0NyOFdscmNNRFExU21jMmJJRnhiVmJkRU9Ldmlwam9tWmNLSGsyTWtjc1dhdERHdGhoclR5UUMxNzBFN1F0VDVPb2NwaUdaN2s0SGpBWEg5WDV3bUZDckJrcHJpRTJaNUlEQVk1VjE2SGhlWDVzY3k2WVdMQ0RPQUlMc2xJaUtQREpxQzhoaTAzenJ0ZzFBbGdrNw?oc=5,2026-03-12T07:00:00+00:00,"Thu, 12 Mar 2026 07:00:00 GMT",Milenio,"<a href=""https://news.google.com/rss/articles/CBMisAFBVV95cUxPTGgxNFlIbmJNM04tYXpTdFJWQVB0Q3kwenJXQ1VYZWtSeFBVNktIbXJldlRBYnZXN19sSTZNb3lCMXM0Tml0ck1yc1RMQjlheUdXNFdDbE5XNUVSenJ3dHYtcEZqUWhFaE5YdFh5cWhNNDlaalBzTVBubzZJekswVXpFSzU3UlU1N1drc3VZNWNzajRKWnVNbHB2aC1Gc19rMnhpREVZelJyR1VIUTQ0MNIBsAFBVV95cUxQa1Vhc2xubUdSSGdpUHVoMzNVOV9KT0NyOFdscmNNRFExU21jMmJJRnhiVmJkRU9Ldmlwam9tWmNLSGsyTWtjc1dhdERHdGhoclR5UUMxNzBFN1F0VDVPb2NwaUdaN2s0SGpBWEg5WDV3bUZDckJrcHJpRTJaNUlEQVk1VjE2SGhlWDVzY3k2WVdMQ0RPQUlMc2xJaUtQREpxQzhoaTAzenJ0ZzFBbGdrNw?oc=5"" target=""_blank"">La fila de Morena en Tampico que se andan saltando</a>&nbsp;&nbsp;<font color=""#6f6f6f"">Milenio</font>",2026-04-05T15:49:27Z,True
6,"""tampico"" site:milenio.com",site:milenio.com,"""tampico""",https://news.google.com/rss/search?q=%22tampico%22+site%3Amilenio.com+after%3A2026-03-09+before%3A2026-03-15&hl=es-419&gl=MX&ceid=MX:es-419,Aumentará el costo del limón en la zona sur de Tamaulipas - Milenio,https://news.google.com/rss/articles/CBMigAFBVV95cUxPMDR6ZW1KZld5dlEzaDhsU3dqNjVzVTRxbHVpcExRbXFiVlltMkxBVHUzeWp6T1ZhdFo4SXdXeWdyTWp6Ry1QOEdUU0ZISnExRE1UbVEtNVJTYmJ3WE8tb0dFT092cDUtNWFRNWN6YWp2em5CRkttU29mbDhFWTFZRdIBgAFBVV95cUxQdS1SaXY1a0taN1pPVjBCcUF3MlZCR2dJMUhHMFBkU0N3UFVQN1Z5NkgwWm1ONEk5Q3hhOUZIVjJZbktpWkx6SThYYlVMYTVDMEd2ajBVVE9qTE41Z0NyZl9kcFhCX0NUd2lOVHRpWllxUFZuZW4tVXFUSzJzc1ZFaA?oc=5,2026-03-11T07:00:00+00:00,"Wed, 11 Mar 2026 07:00:00 GMT",Milenio,"<a href=""https://news.google.com/rss/articles/CBMigAFBVV95cUxPMDR6ZW1KZld5dlEzaDhsU3dqNjVzVTRxbHVpcExRbXFiVlltMkxBVHUzeWp6T1ZhdFo4SXdXeWdyTWp6Ry1QOEdUU0ZISnExRE1UbVEtNVJTYmJ3WE8tb0dFT092cDUtNWFRNWN6YWp2em5CRkttU29mbDhFWTFZRdIBgAFBVV95cUxQdS1SaXY1a0taN1pPVjBCcUF3MlZCR2dJMUhHMFBkU0N3UFVQN1Z5NkgwWm1ONEk5Q3hhOUZIVjJZbktpWkx6SThYYlVMYTVDMEd2ajBVVE9qTE41Z0NyZl9kcFhCX0NUd2lOVHRpWllxUFZuZW4tVXFUSzJzc1ZFaA?oc=5"" target=""_blank"">Aumentará el costo del limón en la zona sur de Tamaulipas</a>&nbsp;&nbsp;<font color=""#6f6f6f"">Milenio</font>",2026-04-05T15:49:27Z,True
6,"""tampico"" site:milenio.com",site:milenio.com,"""tampico""",https://news.google.com/rss/search?q=%22tampico%22+site%3Amilenio.com+after%3A2026-03-09+before%3A2026-03-15&hl=es-419&gl=MX&ceid=MX:es-419,Alfredo Adame llegará a Tampico ¿Dónde se presentará el 'Golden boy'? Esto sabemos - Milenio,https://news.google.com/rss/articles/CBMikAFBVV95cUxQR3hfdy1vUmhrbHg3MjVuWWZPMkJNSEdFS29Yai02RzZkWWM0SWlTaTQxSVpzb3U4NXlLSmxpYUJ2SHhJMDlwYm1TUldDdzVXMG9ydXdUVVNQRXFrOEFIelBvOXB4bWJ5V2lzdGtGeVN0WVVKUVNlNEZIMHVNY2NTbmx2S2NOYkg0U09saVBkNWfSAZABQVVfeXFMTnZLUGhWOThRYlZ5enk0RzRvYjRNT05zWThla3lfekg4WGVza2syQzdRTy02NldZTmpLZk9xUWZIWDVFdzdNYTNsdmV6c0ZIMnFWeS10RkdRaDRHRGdQN090STgwYUZnUjhxUHNWck1Mb3gwbXd0MTN1a0IzZEpuNkJfU1ZsVTNHMFBhN1dhUVZa?oc=5,2026-03-15T07:00:00+00:00,"Sun, 15 Mar 2026 07:00:00 GMT",Milenio,"<a href=""https://news.google.com/rss/articles/CBMikAFBVV95cUxQR3hfdy1vUmhrbHg3MjVuWWZPMkJNSEdFS29Yai02RzZkWWM0SWlTaTQxSVpzb3U4NXlLSmxpYUJ2SHhJMDlwYm1TUldDdzVXMG9ydXdUVVNQRXFrOEFIelBvOXB4bWJ5V2lzdGtGeVN0WVVKUVNlNEZIMHVNY2NTbmx2S2NOYkg0U09saVBkNWfSAZABQVVfeXFMTnZLUGhWOThRYlZ5enk0RzRvYjRNT05zWThla3lfekg4WGVza2syQzdRTy02NldZTmpLZk9xUWZIWDVFdzdNYTNsdmV6c0ZIMnFWeS10RkdRaDRHRGdQN090STgwYUZnUjhxUHNWck1Mb3gwbXd0MTN1a0IzZEpuNkJfU1ZsVTNHMFBhN1dhUVZa?oc=5"" target=""_blank"">Alfredo Adame llegará a Tampico ¿Dónde se presentará el 'Golden boy'? Esto sabemos</a>&nbsp;&nbsp;<font color=""#6f6f6f"">Milenio</font>",2026-04-05T15:49:27Z,True
6,"""tampico"" site:milenio.com",site:milenio.com,"""tampico""",https://news.google.com/rss/search?q=%22tampico%22+site%3Amilenio.com+after%3A2026-03-09+before%3A2026-03-15&hl=es-419&gl=MX&ceid=MX:es-419,Tampico será sede de congreso gasolinero en abril - Milenio,https://news.google.com/rss/articles/CBMiiAFBVV95cUxOdUJ0Y0VfRkxoTlVDc0JLMThiM0hQb2hhVGE2ZXpBcnZORWc4dzY4b244UGtSRUhaZVJUd1ZTa1d5OUp4cHVSV1lQVGJIVmdkckpjLUtvRDZVVml6UWU4c0dvb2cweENaRVVjcTc2VE9nSkVfR0FrTFhseXVPeXhfT3UwMG0tX3hj0gGIAUFVX3lxTE9kaU5FbUwwTWhZazN1NVVPZHpFM0FLWVFtTWtUa3Y1UHM1aGVLZ1V5WkhoODB0LTl1WWpSWkpweS1rZ2ZmdUFQRHBaTXgwQzRGbElqTlZNcjZjem95ZjQ3bGlDSDRlWS0zWnhvT0s2Rnh6Nkc4b1F4aDJ6N1VDRmh3bHEzemlDaDU?oc=5,2026-03-13T07:00:00+00:00,"Fri, 13 Mar 2026 07:00:00 GMT",Milenio,"<a href=""https://news.google.com/rss/articles/CBMiiAFBVV95cUxOdUJ0Y0VfRkxoTlVDc0JLMThiM0hQb2hhVGE2ZXpBcnZORWc4dzY4b244UGtSRUhaZVJUd1ZTa1d5OUp4cHVSV1lQVGJIVmdkckpjLUtvRDZVVml6UWU4c0dvb2cweENaRVVjcTc2VE9nSkVfR0FrTFhseXVPeXhfT3UwMG0tX3hj0gGIAUFVX3lxTE9kaU5FbUwwTWhZazN1NVVPZHpFM0FLWVFtTWtUa3Y1UHM1aGVLZ1V5WkhoODB0LTl1WWpSWkpweS1rZ2ZmdUFQRHBaTXgwQzRGbElqTlZNcjZjem95ZjQ3bGlDSDRlWS0zWnhvT0s2Rnh6Nkc4b1F4aDJ6N1VDRmh3bHEzemlDaDU?oc=5"" target=""_blank"">Tampico será sede de congreso gasolinero en abril</a>&nbsp;&nbsp;<font color=""#6f6f6f"">Milenio</font>",2026-04-05T15:49:27Z,True
6,"""tampico"" site:milenio.com",site:milenio.com,"""tampico""",https://news.google.com/rss/search?q=%22tampico%22+site%3Amilenio.com+after%3A2026-03-09+before%3A2026-03-15&hl=es-419&gl=MX&ceid=MX:es-419,Obra “Las Despicadoras del Oro Rojo” rinde homenaje a mujeres del sector pesquero en Tampico - Milenio,https://news.google.com/rss/articles/CBMiiAFBVV95cUxNTkVSdjhyRHZNTGF5cDl6ZTUtMGh5akM2cWVZUzJLU0t3QllzR2k1eTllRi1Wc1k4cG0yV3ZybEhfWkxVNDNqSWRYTzNWQXVqZFdCemNOckU2RXc2SjlHYmRubk9wSTRzV2lOZUZYc1E3WlVvbjZmLV9DYmhwaDM4b3Y5MDhaU1RW0gGIAUFVX3lxTE11MkRDeXlodGIweHF1UE1JdVFoeVZxclVQcEU3c0VwZmNseF83aS1hSnRjYklRVy0xTVp3ajd2R0w2cHZDWnhwcVNSTzBJUWlOVEQtZUFXU3NMSk1EaDBNQWJFdGJNbC1qUTVnTkh4QkROM29ESlZQUG9FY1lkQWxVX1A2R1BLdjU?oc=5,2026-03-15T07:00:00+00:00,"Sun, 15 Mar 2026 07:00:00 GMT",Milenio,"<a href=""https://news.google.com/rss/articles/CBMiiAFBVV95cUxNTkVSdjhyRHZNTGF5cDl6ZTUtMGh5akM2cWVZUzJLU0t3QllzR2k1eTllRi1Wc1k4cG0yV3ZybEhfWkxVNDNqSWRYTzNWQXVqZFdCemNOckU2RXc2SjlHYmRubk9wSTRzV2lOZUZYc1E3WlVvbjZmLV9DYmhwaDM4b3Y5MDhaU1RW0gGIAUFVX3lxTE11MkRDeXlodGIweHF1UE1JdVFoeVZxclVQcEU3c0VwZmNseF83aS1hSnRjYklRVy0xTVp3ajd2R0w2cHZDWnhwcVNSTzBJUWlOVEQtZUFXU3NMSk1EaDBNQWJFdGJNbC1qUTVnTkh4QkROM29ESlZQUG9FY1lkQWxVX1A2R1BLdjU?oc=5"" target=""_blank"">Obra “Las Despicadoras del Oro Rojo” rinde homenaje a mujeres del sector pesquero en Tampico</a>&nbsp;&nbsp;<font color=""#6f6f6f"">Milenio</font>",2026-04-05T15:49:27Z,True
6,"""tampico"" site:milenio.com",site:milenio.com,"""tampico""",https://news.google.com/rss/search?q=%22tampico%22+site%3Amilenio.com+after%3A2026-03-09+before%3A2026-03-15&hl=es-419&gl=MX&ceid=MX:es-419,Reforzarán vigilancia en lagunas de Tampico por presencia de cocodrilos en Semana Santa - Milenio,https://news.google.com/rss/articles/CBMinAFBVV95cUxQLUtXQWg5SDhNNHJ5dk50dFdDdW9LQ0dFOGJ3bnctQzJDV3B1andCYTFlZmlmSllPMFVOQXlTamVnSUZkdndsdDVIbTdoZHNfeVpPQ1VGSVFzNUlDb3hDeVV2c2tMRExIbmdxT1RPUWx0eEE5RDkyZzlGeEJRMl9McHRPVm5uQW5sSFY5dHFLdmdXMk85OVhDTFdPMzLSAZwBQVVfeXFMT3E0eE5mMEVtZHFYYmU2aVlqaTVldF9nZnRUSEdTVlR2Q2VZcUtrZTRRbWJIVzA0MnZtWlFsS0tEQmlMWkpwaDgzc2hQU3A0MlRxbmF3cVB6andWbk8zTkNrZ0xla29ZNnhkTUdUVnJ1VERtYUY2WVVZUHVZTE01QUZxN0lNODF5cTVmaW5aVktWZDBFdzQtQUlnTk9s?oc=5,2026-03-11T07:00:00+00:00,"Wed, 11 Mar 2026 07:00:00 GMT",Milenio,"<a href=""https://news.google.com/rss/articles/CBMinAFBVV95cUxQLUtXQWg5SDhNNHJ5dk50dFdDdW9LQ0dFOGJ3bnctQzJDV3B1andCYTFlZmlmSllPMFVOQXlTamVnSUZkdndsdDVIbTdoZHNfeVpPQ1VGSVFzNUlDb3hDeVV2c2tMRExIbmdxT1RPUWx0eEE5RDkyZzlGeEJRMl9McHRPVm5uQW5sSFY5dHFLdmdXMk85OVhDTFdPMzLSAZwBQVVfeXFMT3E0eE5mMEVtZHFYYmU2aVlqaTVldF9nZnRUSEdTVlR2Q2VZcUtrZTRRbWJIVzA0MnZtWlFsS0tEQmlMWkpwaDgzc2hQU3A0MlRxbmF3cVB6andWbk8zTkNrZ0xla29ZNnhkTUdUVnJ1VERtYUY2WVVZUHVZTE01QUZxN0lNODF5cTVmaW5aVktWZDBFdzQtQUlnTk9s?oc=5"" target=""_blank"">Reforzarán vigilancia en lagunas de Tampico por presencia de cocodrilos en Semana Santa</a>&nbsp;&nbsp;<font color=""#6f6f6f"">Milenio</font>",2026-04-05T15:49:27Z,True
6,"""tampico"" site:milenio.com",site:milenio.com,"""tampico""",https://news.google.com/rss/search?q=%22tampico%22+site%3Amilenio.com+after%3A2026-03-09+before%3A2026-03-15&hl=es-419&gl=MX&ceid=MX:es-419,Lugares imperdibles de Tampico que debes de visitar en Semana Santa - Milenio,https://news.google.com/rss/articles/CBMifEFVX3lxTE0wSlBRSlpYSkxlVUdOczJOeER2VGJxZ2lQeE1BempPd0xrWlBGbm5FNEItUXpfcUtxOWxYcnJWQWx5VXF2N0VndFAtVUg0RzN1Y3hreVRiQTdZNUw0ZFk0Qm9tYktZcW9jMjRpa1R4UUdaQnZmM3RIYXpFRF_SAXxBVV95cUxPc0syWXhzc0VHMUJpX2c4YVJucTZ3WEVyV0ltQUtWRTZEdzNsYktKOWZubEROZW5uT1RxMUlOUjBuVGdrTklFdlFIM1pLNEdBS1VUbDA1QWs1NDFvREhWVzRTcXpfN0VSSnFURm90TjhfdWliNnVSR1o3NmNJ?oc=5,2026-03-13T07:00:00+00:00,"Fri, 13 Mar 2026 07:00:00 GMT",Milenio,"<a href=""https://news.google.com/rss/articles/CBMifEFVX3lxTE0wSlBRSlpYSkxlVUdOczJOeER2VGJxZ2lQeE1BempPd0xrWlBGbm5FNEItUXpfcUtxOWxYcnJWQWx5VXF2N0VndFAtVUg0RzN1Y3hreVRiQTdZNUw0ZFk0Qm9tYktZcW9jMjRpa1R4UUdaQnZmM3RIYXpFRF_SAXxBVV95cUxPc0syWXhzc0VHMUJpX2c4YVJucTZ3WEVyV0ltQUtWRTZEdzNsYktKOWZubEROZW5uT1RxMUlOUjBuVGdrTklFdlFIM1pLNEdBS1VUbDA1QWs1NDFvREhWVzRTcXpfN0VSSnFURm90TjhfdWliNnVSR1o3NmNJ?oc=5"" target=""_blank"">Lugares imperdibles de Tampico que debes de visitar en Semana Santa</a>&nbsp;&nbsp;<font color=""#6f6f6f"">Milenio</font>",2026-04-05T15:49:27Z,True
6,"""tampico"" site:milenio.com",site:milenio.com,"""tampico""",https://news.google.com/rss/search?q=%22tampico%22+site%3Amilenio.com+after%3A2026-03-09+before%3A2026-03-15&hl=es-419&gl=MX&ceid=MX:es-419,¡Es oficial! Cruz Roja de Tampico anuncia suspensión de actividades hasta nuevo aviso - Milenio,https://news.google.com/rss/articles/CBMinAFBVV95cUxNRTBSTUVBeC1WM3IwSzctREM0elZyZjVSQmtMY013Z0dSV20xVUtocGVBWlZuWmxYaFgwNURKQW5PNnBZRDJpTktlQ1NidHl6dUFhb2ttRGktRkpacy05dm8zQVA4bmZfYmNydGJJUjVfcTEyaUU4cG1pSFBiT1MtRDlsY1k5YmctNGRzOTVtY0NDQk52dVFhZnpNMmrSAZwBQVVfeXFMUEowVEFVN1BSMUdacHE4YXlCNDlzS1B2LXpkdy1JaWFhNHQzTy0yZlVmclA2NFZZWVN6TEhRMVE1bzJxUV9hNF9iNTM5UFFQc2xpbkJlLUcwRDU3a2IyT3h0TWo1b0RLVndwZ2ZkUGNYVjQzQUx5Uk5ZekN3MzRzQkZZa19UYlczUklMUGc0YjJ6NkJRMFNSMjdzSXRn?oc=5,2026-03-14T07:00:00+00:00,"Sat, 14 Mar 2026 07:00:00 GMT",Milenio,"<a href=""https://news.google.com/rss/articles/CBMinAFBVV95cUxNRTBSTUVBeC1WM3IwSzctREM0elZyZjVSQmtMY013Z0dSV20xVUtocGVBWlZuWmxYaFgwNURKQW5PNnBZRDJpTktlQ1NidHl6dUFhb2ttRGktRkpacy05dm8zQVA4bmZfYmNydGJJUjVfcTEyaUU4cG1pSFBiT1MtRDlsY1k5YmctNGRzOTVtY0NDQk52dVFhZnpNMmrSAZwBQVVfeXFMUEowVEFVN1BSMUdacHE4YXlCNDlzS1B2LXpkdy1JaWFhNHQzTy0yZlVmclA2NFZZWVN6TEhRMVE1bzJxUV9hNF9iNTM5UFFQc2xpbkJlLUcwRDU3a2IyT3h0TWo1b0RLVndwZ2ZkUGNYVjQzQUx5Uk5ZekN3MzRzQkZZa19UYlczUklMUGc0YjJ6NkJRMFNSMjdzSXRn?oc=5"" target=""_blank"">¡Es oficial! Cruz Roja de Tampico anuncia suspensión de actividades hasta nuevo aviso</a>&nbsp;&nbsp;<font color=""#6f6f6f"">Milenio</font>",2026-04-05T15:49:27Z,True
6,"""tampico"" site:milenio.com",site:milenio.com,"""tampico""",https://news.google.com/rss/search?q=%22tampico%22+site%3Amilenio.com+after%3A2026-03-09+before%3A2026-03-15&hl=es-419&gl=MX&ceid=MX:es-419,Tampico se alista para reabrir sus albercas municipales y cursos de natación - Milenio,https://news.google.com/rss/articles/CBMihwFBVV95cUxNVWJRaHlHN2l4cnFXYWFUaEd3cXhJeEtUaVVnS0dNSEZReWFybWp1RmNGeTJmOTJSeGMyeVdRR3ZvVFF0ZW5lMDZ4a3otaVFoOGl6TVBWb1lOOEpTTmJjamVKQ3ZCQU1RY0ZxeWoxVDdGSXJhRnNyRm5aX0RmMzdHbkpkZXNYRHPSAYcBQVVfeXFMTlBGU0IzOFBBSVJ2dkxNZFNkOXVZYU1lR1B0ZUJDNU1TVUduTWhWTm1fajZxNWVUcmZDNUVWOEJiNEl0UWJET0xJU3psU201QUlhdkFjaE9hMlVDQ1k3OXBpZ1dDbWtrNG15N0ZNYmc1R2w0el9BNjRGTDVLS21qblVYZmlheHJZ?oc=5,2026-03-12T07:00:00+00:00,"Thu, 12 Mar 2026 07:00:00 GMT",Milenio,"<a href=""https://news.google.com/rss/articles/CBMihwFBVV95cUxNVWJRaHlHN2l4cnFXYWFUaEd3cXhJeEtUaVVnS0dNSEZReWFybWp1RmNGeTJmOTJSeGMyeVdRR3ZvVFF0ZW5lMDZ4a3otaVFoOGl6TVBWb1lOOEpTTmJjamVKQ3ZCQU1RY0ZxeWoxVDdGSXJhRnNyRm5aX0RmMzdHbkpkZXNYRHPSAYcBQVVfeXFMTlBGU0IzOFBBSVJ2dkxNZFNkOXVZYU1lR1B0ZUJDNU1TVUduTWhWTm1fajZxNWVUcmZDNUVWOEJiNEl0UWJET0xJU3psU201QUlhdkFjaE9hMlVDQ1k3OXBpZ1dDbWtrNG15N0ZNYmc1R2w0el9BNjRGTDVLS21qblVYZmlheHJZ?oc=5"" target=""_blank"">Tampico se alista para reabrir sus albercas municipales y cursos de natación</a>&nbsp;&nbsp;<font color=""#6f6f6f"">Milenio</font>",2026-04-05T15:49:27Z,True
6,"""tampico"" site:milenio.com",site:milenio.com,"""tampico""",https://news.google.com/rss/search?q=%22tampico%22+site%3Amilenio.com+after%3A2026-03-09+before%3A2026-03-15&hl=es-419&gl=MX&ceid=MX:es-419,Cierran carril en la carretera Tampico-Mante por incendio de vehículo - Milenio,https://news.google.com/rss/articles/CBMiowFBVV95cUxQOFRJcnRxNkNiMEtKZzJaaHdRbm1IdVlzTmx6ZUpjQnlmU010a1J4SjFJbnI0VWxOajNoM0xGRmdlZS0wYUktc3R1S2h4N2E1RVMwMDNrM0NIQVBlVUc3cGx0Z1ZsV0V2MUVleDVWMlp3YXZQcEVzdGNWM1ZIc0hOZFIwYjZDMndublo3QzNTZTZGaGlhRW1IR2Q1OWdJbWx4Rlkw0gGjAUFVX3lxTE9ETy1MS1NZQzNWVG53bHdULXNLZndRSVM2RFZqeDhrVmQ3MGQ5YU5XMllaeFdKVEZoaG9Ma0ZDUWlaLVNubEFpX2ZHVVZ6SV9DLTJmaXdlbHk2STUtdG9icGtVbnA2YS1zUkhpQTVZd0FGSlpLYWtjN0dQU28xWVZoSExIdHVSWS1iZjl5Qi1LbnpZbk5INUc2X052aDBrVjlQUm8?oc=5,2026-03-12T07:00:00+00:00,"Thu, 12 Mar 2026 07:00:00 GMT",Milenio,"<a href=""https://news.google.com/rss/articles/CBMiowFBVV95cUxQOFRJcnRxNkNiMEtKZzJaaHdRbm1IdVlzTmx6ZUpjQnlmU010a1J4SjFJbnI0VWxOajNoM0xGRmdlZS0wYUktc3R1S2h4N2E1RVMwMDNrM0NIQVBlVUc3cGx0Z1ZsV0V2MUVleDVWMlp3YXZQcEVzdGNWM1ZIc0hOZFIwYjZDMndublo3QzNTZTZGaGlhRW1IR2Q1OWdJbWx4Rlkw0gGjAUFVX3lxTE9ETy1MS1NZQzNWVG53bHdULXNLZndRSVM2RFZqeDhrVmQ3MGQ5YU5XMllaeFdKVEZoaG9Ma0ZDUWlaLVNubEFpX2ZHVVZ6SV9DLTJmaXdlbHk2STUtdG9icGtVbnA2YS1zUkhpQTVZd0FGSlpLYWtjN0dQU28xWVZoSExIdHVSWS1iZjl5Qi1LbnpZbk5INUc2X052aDBrVjlQUm8?oc=5"" target=""_blank"">Cierran carril en la carretera Tampico-Mante por incendio de vehículo</a>&nbsp;&nbsp;<font color=""#6f6f6f"">Milenio</font>",2026-04-05T15:49:27Z,True
6,"""tampico"" site:milenio.com",site:milenio.com,"""tampico""",https://news.google.com/rss/search?q=%22tampico%22+site%3Amilenio.com+after%3A2026-03-09+before%3A2026-03-15&hl=es-419&gl=MX&ceid=MX:es-419,Ofrecen mil 300 vacantes en Feria del Empleo para la mujer en Tampico - Milenio,https://news.google.com/rss/articles/CBMihAFBVV95cUxQOTgxYmRrTDdEX2JKSTNOdnFVVFpnR3ZnUVVBTjRCRlh6elM2RVl0dFQxUTNIYkpKRWhPQUl1WmNJTi1pOExRaWVBMFg5bzhVODBsV3hicldXaVEtZ3p6NVpaY1Q5RUxqVGt6c0tvbGVIY3o4cEFXZVRpbTZRMzRZT2RCcGbSAYQBQVVfeXFMTVB5UHlLd2FXaWhmZ1l6Q2lmWXJyUk5zdkNxTDZkNkcyZy1QdzEwTjdQVFFWRWVKNkFjaGd6dDEyNlBtZ0dKRlBSM1g5WGJFSVZrUFk5X1hqU2IwN0VqRmxISWk1c0NtZVgyTS01MUpLNm5lYmI3TGlacHkzaGZRTk94bGRk?oc=5,2026-03-10T07:00:00+00:00,"Tue, 10 Mar 2026 07:00:00 GMT",Milenio,"<a href=""https://news.google.com/rss/articles/CBMihAFBVV95cUxQOTgxYmRrTDdEX2JKSTNOdnFVVFpnR3ZnUVVBTjRCRlh6elM2RVl0dFQxUTNIYkpKRWhPQUl1WmNJTi1pOExRaWVBMFg5bzhVODBsV3hicldXaVEtZ3p6NVpaY1Q5RUxqVGt6c0tvbGVIY3o4cEFXZVRpbTZRMzRZT2RCcGbSAYQBQVVfeXFMTVB5UHlLd2FXaWhmZ1l6Q2lmWXJyUk5zdkNxTDZkNkcyZy1QdzEwTjdQVFFWRWVKNkFjaGd6dDEyNlBtZ0dKRlBSM1g5WGJFSVZrUFk5X1hqU2IwN0VqRmxISWk1c0NtZVgyTS01MUpLNm5lYmI3TGlacHkzaGZRTk94bGRk?oc=5"" target=""_blank"">Ofrecen mil 300 vacantes en Feria del Empleo para la mujer en Tampico</a>&nbsp;&nbsp;<font color=""#6f6f6f"">Milenio</font>",2026-04-05T15:49:27Z,True
